ERROR:uvicorn.error:Exception in ASGI application
Traceback (most recent call last):
  File "C:\Users\marcoleung\Desktop\Fraud Detection Tool\Fraud Document Detector\01_Source_Code\myenv\lib\site-packages\uvicorn\protocols\http\httptools_impl.py", line 409, in run_asgi
    result = await app(  # type: ignore[func-returns-value]
  File "C:\Users\marcoleung\Desktop\Fraud Detection Tool\Fraud Document Detector\01_Source_Code\myenv\lib\site-packages\uvicorn\middleware\proxy_headers.py", line 60, in __call__
    return await self.app(scope, receive, send)
  File "C:\Users\marcoleung\Desktop\Fraud Detection Tool\Fraud Document Detector\01_Source_Code\myenv\lib\site-packages\fastapi\applications.py", line 1054, in __call__
    await super().__call__(scope, receive, send)
  File "C:\Users\marcoleung\Desktop\Fraud Detection Tool\Fraud Document Detector\01_Source_Code\myenv\lib\site-packages\starlette\applications.py", line 113, in __call__
    await self.middleware_stack(scope, receive, send)
  File "C:\Users\marcoleung\Desktop\Fraud Detection Tool\Fraud Document Detector\01_Source_Code\myenv\lib\site-packages\starlette\middleware\errors.py", line 187, in __call__
    raise exc
  File "C:\Users\marcoleung\Desktop\Fraud Detection Tool\Fraud Document Detector\01_Source_Code\myenv\lib\site-packages\starlette\middleware\errors.py", line 165, in __call__
    await self.app(scope, receive, _send)
  File "C:\Users\marcoleung\Desktop\Fraud Detection Tool\Fraud Document Detector\01_Source_Code\myenv\lib\site-packages\starlette\middleware\cors.py", line 93, in __call__
    await self.simple_response(scope, receive, send, request_headers=headers)
  File "C:\Users\marcoleung\Desktop\Fraud Detection Tool\Fraud Document Detector\01_Source_Code\myenv\lib\site-packages\starlette\middleware\cors.py", line 144, in simple_response
    await self.app(scope, receive, send)
  File "C:\Users\marcoleung\Desktop\Fraud Detection Tool\Fraud Document Detector\01_Source_Code\myenv\lib\site-packages\starlette\middleware\exceptions.py", line 62, in __call__
    await wrap_app_handling_exceptions(self.app, conn)(scope, receive, send)
  File "C:\Users\marcoleung\Desktop\Fraud Detection Tool\Fraud Document Detector\01_Source_Code\myenv\lib\site-packages\starlette\_exception_handler.py", line 62, in wrapped_app
    raise exc
  File "C:\Users\marcoleung\Desktop\Fraud Detection Tool\Fraud Document Detector\01_Source_Code\myenv\lib\site-packages\starlette\_exception_handler.py", line 51, in wrapped_app
    await app(scope, receive, sender)
  File "C:\Users\marcoleung\Desktop\Fraud Detection Tool\Fraud Document Detector\01_Source_Code\myenv\lib\site-packages\starlette\routing.py", line 715, in __call__
    await self.middleware_stack(scope, receive, send)
  File "C:\Users\marcoleung\Desktop\Fraud Detection Tool\Fraud Document Detector\01_Source_Code\myenv\lib\site-packages\starlette\routing.py", line 735, in app
    await route.handle(scope, receive, send)
  File "C:\Users\marcoleung\Desktop\Fraud Detection Tool\Fraud Document Detector\01_Source_Code\myenv\lib\site-packages\starlette\routing.py", line 288, in handle
    await self.app(scope, receive, send)
  File "C:\Users\marcoleung\Desktop\Fraud Detection Tool\Fraud Document Detector\01_Source_Code\myenv\lib\site-packages\starlette\routing.py", line 76, in app
    await wrap_app_handling_exceptions(app, request)(scope, receive, send)
  File "C:\Users\marcoleung\Desktop\Fraud Detection Tool\Fraud Document Detector\01_Source_Code\myenv\lib\site-packages\starlette\_exception_handler.py", line 62, in wrapped_app
    raise exc
  File "C:\Users\marcoleung\Desktop\Fraud Detection Tool\Fraud Document Detector\01_Source_Code\myenv\lib\site-packages\starlette\_exception_handler.py", line 51, in wrapped_app
    await app(scope, receive, sender)
  File "C:\Users\marcoleung\Desktop\Fraud Detection Tool\Fraud Document Detector\01_Source_Code\myenv\lib\site-packages\starlette\routing.py", line 73, in app
    response = await f(request)
  File "C:\Users\marcoleung\Desktop\Fraud Detection Tool\Fraud Document Detector\01_Source_Code\myenv\lib\site-packages\fastapi\routing.py", line 301, in app
    raw_response = await run_endpoint_function(
  File "C:\Users\marcoleung\Desktop\Fraud Detection Tool\Fraud Document Detector\01_Source_Code\myenv\lib\site-packages\fastapi\routing.py", line 212, in run_endpoint_function
    return await dependant.call(**values)
  File "C:\Users\marcoleung\Desktop\Fraud Detection Tool\Fraud Document Detector\01_Source_Code\backend_api\main.py", line 664, in calculate_image_stats
    with open(temp_path, "wb") as f:
FileNotFoundError: [Errno 2] No such file or directory: '/tmp/9f6736b7-e15a-4bdd-b5f8-c8f48f87461e_Bank_Statement_F.jpg'
INFO:uvicorn.error:Will watch for changes in these directories: ['C:\\Users\\marcoleung\\Desktop\\Fraud Detection Tool\\Fraud Document Detector\\01_Source_Code\\backend_api']
INFO:uvicorn.error:Uvicorn running on http://127.0.0.1:8000 (Press CTRL+C to quit)
INFO:uvicorn.error:Started reloader process [8364] using WatchFiles
INFO:uvicorn.error:Started server process [6072]
INFO:uvicorn.error:Waiting for application startup.
INFO:uvicorn.error:Application startup complete.
INFO:uvicorn.error:Will watch for changes in these directories: ['C:\\Users\\marcoleung\\Desktop\\Fraud Detection Tool\\Fraud Document Detector\\01_Source_Code\\backend_api']
INFO:uvicorn.error:Uvicorn running on http://127.0.0.1:8000 (Press CTRL+C to quit)
INFO:uvicorn.error:Started reloader process [10392] using WatchFiles
INFO:uvicorn.error:Started server process [2028]
INFO:uvicorn.error:Waiting for application startup.
INFO:uvicorn.error:Application startup complete.
ERROR:uvicorn.error:Exception in ASGI application
Traceback (most recent call last):
  File "C:\Users\marcoleung\Desktop\Fraud Detection Tool\Fraud Document Detector\01_Source_Code\myenv\lib\site-packages\uvicorn\protocols\http\httptools_impl.py", line 409, in run_asgi
    result = await app(  # type: ignore[func-returns-value]
  File "C:\Users\marcoleung\Desktop\Fraud Detection Tool\Fraud Document Detector\01_Source_Code\myenv\lib\site-packages\uvicorn\middleware\proxy_headers.py", line 60, in __call__
    return await self.app(scope, receive, send)
  File "C:\Users\marcoleung\Desktop\Fraud Detection Tool\Fraud Document Detector\01_Source_Code\myenv\lib\site-packages\fastapi\applications.py", line 1054, in __call__
    await super().__call__(scope, receive, send)
  File "C:\Users\marcoleung\Desktop\Fraud Detection Tool\Fraud Document Detector\01_Source_Code\myenv\lib\site-packages\starlette\applications.py", line 113, in __call__
    await self.middleware_stack(scope, receive, send)
  File "C:\Users\marcoleung\Desktop\Fraud Detection Tool\Fraud Document Detector\01_Source_Code\myenv\lib\site-packages\starlette\middleware\errors.py", line 187, in __call__
    raise exc
  File "C:\Users\marcoleung\Desktop\Fraud Detection Tool\Fraud Document Detector\01_Source_Code\myenv\lib\site-packages\starlette\middleware\errors.py", line 165, in __call__
    await self.app(scope, receive, _send)
  File "C:\Users\marcoleung\Desktop\Fraud Detection Tool\Fraud Document Detector\01_Source_Code\myenv\lib\site-packages\starlette\middleware\cors.py", line 93, in __call__
    await self.simple_response(scope, receive, send, request_headers=headers)
  File "C:\Users\marcoleung\Desktop\Fraud Detection Tool\Fraud Document Detector\01_Source_Code\myenv\lib\site-packages\starlette\middleware\cors.py", line 144, in simple_response
    await self.app(scope, receive, send)
  File "C:\Users\marcoleung\Desktop\Fraud Detection Tool\Fraud Document Detector\01_Source_Code\myenv\lib\site-packages\starlette\middleware\exceptions.py", line 62, in __call__
    await wrap_app_handling_exceptions(self.app, conn)(scope, receive, send)
  File "C:\Users\marcoleung\Desktop\Fraud Detection Tool\Fraud Document Detector\01_Source_Code\myenv\lib\site-packages\starlette\_exception_handler.py", line 62, in wrapped_app
    raise exc
  File "C:\Users\marcoleung\Desktop\Fraud Detection Tool\Fraud Document Detector\01_Source_Code\myenv\lib\site-packages\starlette\_exception_handler.py", line 51, in wrapped_app
    await app(scope, receive, sender)
  File "C:\Users\marcoleung\Desktop\Fraud Detection Tool\Fraud Document Detector\01_Source_Code\myenv\lib\site-packages\starlette\routing.py", line 715, in __call__
    await self.middleware_stack(scope, receive, send)
  File "C:\Users\marcoleung\Desktop\Fraud Detection Tool\Fraud Document Detector\01_Source_Code\myenv\lib\site-packages\starlette\routing.py", line 735, in app
    await route.handle(scope, receive, send)
  File "C:\Users\marcoleung\Desktop\Fraud Detection Tool\Fraud Document Detector\01_Source_Code\myenv\lib\site-packages\starlette\routing.py", line 288, in handle
    await self.app(scope, receive, send)
  File "C:\Users\marcoleung\Desktop\Fraud Detection Tool\Fraud Document Detector\01_Source_Code\myenv\lib\site-packages\starlette\routing.py", line 76, in app
    await wrap_app_handling_exceptions(app, request)(scope, receive, send)
  File "C:\Users\marcoleung\Desktop\Fraud Detection Tool\Fraud Document Detector\01_Source_Code\myenv\lib\site-packages\starlette\_exception_handler.py", line 62, in wrapped_app
    raise exc
  File "C:\Users\marcoleung\Desktop\Fraud Detection Tool\Fraud Document Detector\01_Source_Code\myenv\lib\site-packages\starlette\_exception_handler.py", line 51, in wrapped_app
    await app(scope, receive, sender)
  File "C:\Users\marcoleung\Desktop\Fraud Detection Tool\Fraud Document Detector\01_Source_Code\myenv\lib\site-packages\starlette\routing.py", line 73, in app
    response = await f(request)
  File "C:\Users\marcoleung\Desktop\Fraud Detection Tool\Fraud Document Detector\01_Source_Code\myenv\lib\site-packages\fastapi\routing.py", line 301, in app
    raw_response = await run_endpoint_function(
  File "C:\Users\marcoleung\Desktop\Fraud Detection Tool\Fraud Document Detector\01_Source_Code\myenv\lib\site-packages\fastapi\routing.py", line 212, in run_endpoint_function
    return await dependant.call(**values)
  File "C:\Users\marcoleung\Desktop\Fraud Detection Tool\Fraud Document Detector\01_Source_Code\backend_api\main.py", line 664, in calculate_image_stats
    with open(temp_path, "wb") as f:
FileNotFoundError: [Errno 2] No such file or directory: '/tmp/113f459c-d04c-4469-8359-8ae587a0758c_Bank_Statement_F.jpg'
WARNING:uvicorn.error:WatchFiles detected changes in 'main.py'. Reloading...
INFO:uvicorn.error:Shutting down
INFO:uvicorn.error:Waiting for application shutdown.
INFO:uvicorn.error:Application shutdown complete.
INFO:uvicorn.error:Finished server process [2028]
WARNING:uvicorn.error:WatchFiles detected changes in 'pixel_analysis.py'. Reloading...
WARNING:uvicorn.error:WatchFiles detected changes in 'pixel_analysis.py'. Reloading...
WARNING:uvicorn.error:WatchFiles detected changes in 'pixel_analysis.py'. Reloading...
WARNING:uvicorn.error:WatchFiles detected changes in 'pixel_analysis.py'. Reloading...
WARNING:uvicorn.error:WatchFiles detected changes in 'pixel_analysis.py'. Reloading...
INFO:uvicorn.error:Started server process [18480]
INFO:uvicorn.error:Waiting for application startup.
INFO:uvicorn.error:Application startup complete.
ERROR:uvicorn.error:Exception in ASGI application
Traceback (most recent call last):
  File "C:\Users\marcoleung\Desktop\Fraud Detection Tool\Fraud Document Detector\01_Source_Code\myenv\lib\site-packages\uvicorn\protocols\http\httptools_impl.py", line 409, in run_asgi
    result = await app(  # type: ignore[func-returns-value]
  File "C:\Users\marcoleung\Desktop\Fraud Detection Tool\Fraud Document Detector\01_Source_Code\myenv\lib\site-packages\uvicorn\middleware\proxy_headers.py", line 60, in __call__
    return await self.app(scope, receive, send)
  File "C:\Users\marcoleung\Desktop\Fraud Detection Tool\Fraud Document Detector\01_Source_Code\myenv\lib\site-packages\fastapi\applications.py", line 1054, in __call__
    await super().__call__(scope, receive, send)
  File "C:\Users\marcoleung\Desktop\Fraud Detection Tool\Fraud Document Detector\01_Source_Code\myenv\lib\site-packages\starlette\applications.py", line 113, in __call__
    await self.middleware_stack(scope, receive, send)
  File "C:\Users\marcoleung\Desktop\Fraud Detection Tool\Fraud Document Detector\01_Source_Code\myenv\lib\site-packages\starlette\middleware\errors.py", line 187, in __call__
    raise exc
  File "C:\Users\marcoleung\Desktop\Fraud Detection Tool\Fraud Document Detector\01_Source_Code\myenv\lib\site-packages\starlette\middleware\errors.py", line 165, in __call__
    await self.app(scope, receive, _send)
  File "C:\Users\marcoleung\Desktop\Fraud Detection Tool\Fraud Document Detector\01_Source_Code\myenv\lib\site-packages\starlette\middleware\cors.py", line 93, in __call__
    await self.simple_response(scope, receive, send, request_headers=headers)
  File "C:\Users\marcoleung\Desktop\Fraud Detection Tool\Fraud Document Detector\01_Source_Code\myenv\lib\site-packages\starlette\middleware\cors.py", line 144, in simple_response
    await self.app(scope, receive, send)
  File "C:\Users\marcoleung\Desktop\Fraud Detection Tool\Fraud Document Detector\01_Source_Code\myenv\lib\site-packages\starlette\middleware\exceptions.py", line 62, in __call__
    await wrap_app_handling_exceptions(self.app, conn)(scope, receive, send)
  File "C:\Users\marcoleung\Desktop\Fraud Detection Tool\Fraud Document Detector\01_Source_Code\myenv\lib\site-packages\starlette\_exception_handler.py", line 62, in wrapped_app
    raise exc
  File "C:\Users\marcoleung\Desktop\Fraud Detection Tool\Fraud Document Detector\01_Source_Code\myenv\lib\site-packages\starlette\_exception_handler.py", line 51, in wrapped_app
    await app(scope, receive, sender)
  File "C:\Users\marcoleung\Desktop\Fraud Detection Tool\Fraud Document Detector\01_Source_Code\myenv\lib\site-packages\starlette\routing.py", line 715, in __call__
    await self.middleware_stack(scope, receive, send)
  File "C:\Users\marcoleung\Desktop\Fraud Detection Tool\Fraud Document Detector\01_Source_Code\myenv\lib\site-packages\starlette\routing.py", line 735, in app
    await route.handle(scope, receive, send)
  File "C:\Users\marcoleung\Desktop\Fraud Detection Tool\Fraud Document Detector\01_Source_Code\myenv\lib\site-packages\starlette\routing.py", line 288, in handle
    await self.app(scope, receive, send)
  File "C:\Users\marcoleung\Desktop\Fraud Detection Tool\Fraud Document Detector\01_Source_Code\myenv\lib\site-packages\starlette\routing.py", line 76, in app
    await wrap_app_handling_exceptions(app, request)(scope, receive, send)
  File "C:\Users\marcoleung\Desktop\Fraud Detection Tool\Fraud Document Detector\01_Source_Code\myenv\lib\site-packages\starlette\_exception_handler.py", line 62, in wrapped_app
    raise exc
  File "C:\Users\marcoleung\Desktop\Fraud Detection Tool\Fraud Document Detector\01_Source_Code\myenv\lib\site-packages\starlette\_exception_handler.py", line 51, in wrapped_app
    await app(scope, receive, sender)
  File "C:\Users\marcoleung\Desktop\Fraud Detection Tool\Fraud Document Detector\01_Source_Code\myenv\lib\site-packages\starlette\routing.py", line 73, in app
    response = await f(request)
  File "C:\Users\marcoleung\Desktop\Fraud Detection Tool\Fraud Document Detector\01_Source_Code\myenv\lib\site-packages\fastapi\routing.py", line 301, in app
    raw_response = await run_endpoint_function(
  File "C:\Users\marcoleung\Desktop\Fraud Detection Tool\Fraud Document Detector\01_Source_Code\myenv\lib\site-packages\fastapi\routing.py", line 212, in run_endpoint_function
    return await dependant.call(**values)
  File "C:\Users\marcoleung\Desktop\Fraud Detection Tool\Fraud Document Detector\01_Source_Code\backend_api\main.py", line 664, in calculate_image_stats
    with open(temp_path, "wb") as f:
FileNotFoundError: [Errno 2] No such file or directory: '/tmp/d8371322-27e5-4f0a-ae1c-60cc5f94e288_Bank_Statement_F.jpg'
INFO:uvicorn.error:Will watch for changes in these directories: ['C:\\Users\\marcoleung\\Desktop\\Fraud Detection Tool\\Fraud Document Detector\\01_Source_Code\\backend_api']
INFO:uvicorn.error:Uvicorn running on http://127.0.0.1:8000 (Press CTRL+C to quit)
INFO:uvicorn.error:Started reloader process [14972] using WatchFiles
INFO:uvicorn.error:Started server process [11328]
INFO:uvicorn.error:Waiting for application startup.
INFO:uvicorn.error:Application startup complete.
ERROR:uvicorn.error:Exception in ASGI application
Traceback (most recent call last):
  File "C:\Users\marcoleung\Desktop\Fraud Detection Tool\Fraud Document Detector\01_Source_Code\myenv\lib\site-packages\uvicorn\protocols\http\httptools_impl.py", line 409, in run_asgi
    result = await app(  # type: ignore[func-returns-value]
  File "C:\Users\marcoleung\Desktop\Fraud Detection Tool\Fraud Document Detector\01_Source_Code\myenv\lib\site-packages\uvicorn\middleware\proxy_headers.py", line 60, in __call__
    return await self.app(scope, receive, send)
  File "C:\Users\marcoleung\Desktop\Fraud Detection Tool\Fraud Document Detector\01_Source_Code\myenv\lib\site-packages\fastapi\applications.py", line 1054, in __call__
    await super().__call__(scope, receive, send)
  File "C:\Users\marcoleung\Desktop\Fraud Detection Tool\Fraud Document Detector\01_Source_Code\myenv\lib\site-packages\starlette\applications.py", line 113, in __call__
    await self.middleware_stack(scope, receive, send)
  File "C:\Users\marcoleung\Desktop\Fraud Detection Tool\Fraud Document Detector\01_Source_Code\myenv\lib\site-packages\starlette\middleware\errors.py", line 187, in __call__
    raise exc
  File "C:\Users\marcoleung\Desktop\Fraud Detection Tool\Fraud Document Detector\01_Source_Code\myenv\lib\site-packages\starlette\middleware\errors.py", line 165, in __call__
    await self.app(scope, receive, _send)
  File "C:\Users\marcoleung\Desktop\Fraud Detection Tool\Fraud Document Detector\01_Source_Code\myenv\lib\site-packages\starlette\middleware\cors.py", line 93, in __call__
    await self.simple_response(scope, receive, send, request_headers=headers)
  File "C:\Users\marcoleung\Desktop\Fraud Detection Tool\Fraud Document Detector\01_Source_Code\myenv\lib\site-packages\starlette\middleware\cors.py", line 144, in simple_response
    await self.app(scope, receive, send)
  File "C:\Users\marcoleung\Desktop\Fraud Detection Tool\Fraud Document Detector\01_Source_Code\myenv\lib\site-packages\starlette\middleware\exceptions.py", line 62, in __call__
    await wrap_app_handling_exceptions(self.app, conn)(scope, receive, send)
  File "C:\Users\marcoleung\Desktop\Fraud Detection Tool\Fraud Document Detector\01_Source_Code\myenv\lib\site-packages\starlette\_exception_handler.py", line 62, in wrapped_app
    raise exc
  File "C:\Users\marcoleung\Desktop\Fraud Detection Tool\Fraud Document Detector\01_Source_Code\myenv\lib\site-packages\starlette\_exception_handler.py", line 51, in wrapped_app
    await app(scope, receive, sender)
  File "C:\Users\marcoleung\Desktop\Fraud Detection Tool\Fraud Document Detector\01_Source_Code\myenv\lib\site-packages\starlette\routing.py", line 715, in __call__
    await self.middleware_stack(scope, receive, send)
  File "C:\Users\marcoleung\Desktop\Fraud Detection Tool\Fraud Document Detector\01_Source_Code\myenv\lib\site-packages\starlette\routing.py", line 735, in app
    await route.handle(scope, receive, send)
  File "C:\Users\marcoleung\Desktop\Fraud Detection Tool\Fraud Document Detector\01_Source_Code\myenv\lib\site-packages\starlette\routing.py", line 288, in handle
    await self.app(scope, receive, send)
  File "C:\Users\marcoleung\Desktop\Fraud Detection Tool\Fraud Document Detector\01_Source_Code\myenv\lib\site-packages\starlette\routing.py", line 76, in app
    await wrap_app_handling_exceptions(app, request)(scope, receive, send)
  File "C:\Users\marcoleung\Desktop\Fraud Detection Tool\Fraud Document Detector\01_Source_Code\myenv\lib\site-packages\starlette\_exception_handler.py", line 62, in wrapped_app
    raise exc
  File "C:\Users\marcoleung\Desktop\Fraud Detection Tool\Fraud Document Detector\01_Source_Code\myenv\lib\site-packages\starlette\_exception_handler.py", line 51, in wrapped_app
    await app(scope, receive, sender)
  File "C:\Users\marcoleung\Desktop\Fraud Detection Tool\Fraud Document Detector\01_Source_Code\myenv\lib\site-packages\starlette\routing.py", line 73, in app
    response = await f(request)
  File "C:\Users\marcoleung\Desktop\Fraud Detection Tool\Fraud Document Detector\01_Source_Code\myenv\lib\site-packages\fastapi\routing.py", line 301, in app
    raw_response = await run_endpoint_function(
  File "C:\Users\marcoleung\Desktop\Fraud Detection Tool\Fraud Document Detector\01_Source_Code\myenv\lib\site-packages\fastapi\routing.py", line 212, in run_endpoint_function
    return await dependant.call(**values)
  File "C:\Users\marcoleung\Desktop\Fraud Detection Tool\Fraud Document Detector\01_Source_Code\backend_api\main.py", line 664, in calculate_image_stats
    with open(temp_path, "wb") as f:
FileNotFoundError: [Errno 2] No such file or directory: '/tmp/59a64253-e9ca-49ca-9a41-43e986a02b92_Bank_Statement_F.jpg'
INFO:uvicorn.error:Will watch for changes in these directories: ['C:\\Users\\marcoleung\\Desktop\\Fraud Detection Tool\\Fraud Document Detector\\01_Source_Code\\backend_api']
INFO:uvicorn.error:Uvicorn running on http://127.0.0.1:8000 (Press CTRL+C to quit)
INFO:uvicorn.error:Started reloader process [17576] using WatchFiles
INFO:uvicorn.error:Started server process [21004]
INFO:uvicorn.error:Waiting for application startup.
INFO:uvicorn.error:Application startup complete.
ERROR:uvicorn.error:Exception in ASGI application
Traceback (most recent call last):
  File "C:\Users\marcoleung\Desktop\Fraud Detection Tool\Fraud Document Detector\01_Source_Code\myenv\lib\site-packages\uvicorn\protocols\http\httptools_impl.py", line 409, in run_asgi
    result = await app(  # type: ignore[func-returns-value]
  File "C:\Users\marcoleung\Desktop\Fraud Detection Tool\Fraud Document Detector\01_Source_Code\myenv\lib\site-packages\uvicorn\middleware\proxy_headers.py", line 60, in __call__
    return await self.app(scope, receive, send)
  File "C:\Users\marcoleung\Desktop\Fraud Detection Tool\Fraud Document Detector\01_Source_Code\myenv\lib\site-packages\fastapi\applications.py", line 1054, in __call__
    await super().__call__(scope, receive, send)
  File "C:\Users\marcoleung\Desktop\Fraud Detection Tool\Fraud Document Detector\01_Source_Code\myenv\lib\site-packages\starlette\applications.py", line 113, in __call__
    await self.middleware_stack(scope, receive, send)
  File "C:\Users\marcoleung\Desktop\Fraud Detection Tool\Fraud Document Detector\01_Source_Code\myenv\lib\site-packages\starlette\middleware\errors.py", line 187, in __call__
    raise exc
  File "C:\Users\marcoleung\Desktop\Fraud Detection Tool\Fraud Document Detector\01_Source_Code\myenv\lib\site-packages\starlette\middleware\errors.py", line 165, in __call__
    await self.app(scope, receive, _send)
  File "C:\Users\marcoleung\Desktop\Fraud Detection Tool\Fraud Document Detector\01_Source_Code\myenv\lib\site-packages\starlette\middleware\cors.py", line 93, in __call__
    await self.simple_response(scope, receive, send, request_headers=headers)
  File "C:\Users\marcoleung\Desktop\Fraud Detection Tool\Fraud Document Detector\01_Source_Code\myenv\lib\site-packages\starlette\middleware\cors.py", line 144, in simple_response
    await self.app(scope, receive, send)
  File "C:\Users\marcoleung\Desktop\Fraud Detection Tool\Fraud Document Detector\01_Source_Code\myenv\lib\site-packages\starlette\middleware\exceptions.py", line 62, in __call__
    await wrap_app_handling_exceptions(self.app, conn)(scope, receive, send)
  File "C:\Users\marcoleung\Desktop\Fraud Detection Tool\Fraud Document Detector\01_Source_Code\myenv\lib\site-packages\starlette\_exception_handler.py", line 62, in wrapped_app
    raise exc
  File "C:\Users\marcoleung\Desktop\Fraud Detection Tool\Fraud Document Detector\01_Source_Code\myenv\lib\site-packages\starlette\_exception_handler.py", line 51, in wrapped_app
    await app(scope, receive, sender)
  File "C:\Users\marcoleung\Desktop\Fraud Detection Tool\Fraud Document Detector\01_Source_Code\myenv\lib\site-packages\starlette\routing.py", line 715, in __call__
    await self.middleware_stack(scope, receive, send)
  File "C:\Users\marcoleung\Desktop\Fraud Detection Tool\Fraud Document Detector\01_Source_Code\myenv\lib\site-packages\starlette\routing.py", line 735, in app
    await route.handle(scope, receive, send)
  File "C:\Users\marcoleung\Desktop\Fraud Detection Tool\Fraud Document Detector\01_Source_Code\myenv\lib\site-packages\starlette\routing.py", line 288, in handle
    await self.app(scope, receive, send)
  File "C:\Users\marcoleung\Desktop\Fraud Detection Tool\Fraud Document Detector\01_Source_Code\myenv\lib\site-packages\starlette\routing.py", line 76, in app
    await wrap_app_handling_exceptions(app, request)(scope, receive, send)
  File "C:\Users\marcoleung\Desktop\Fraud Detection Tool\Fraud Document Detector\01_Source_Code\myenv\lib\site-packages\starlette\_exception_handler.py", line 62, in wrapped_app
    raise exc
  File "C:\Users\marcoleung\Desktop\Fraud Detection Tool\Fraud Document Detector\01_Source_Code\myenv\lib\site-packages\starlette\_exception_handler.py", line 51, in wrapped_app
    await app(scope, receive, sender)
  File "C:\Users\marcoleung\Desktop\Fraud Detection Tool\Fraud Document Detector\01_Source_Code\myenv\lib\site-packages\starlette\routing.py", line 73, in app
    response = await f(request)
  File "C:\Users\marcoleung\Desktop\Fraud Detection Tool\Fraud Document Detector\01_Source_Code\myenv\lib\site-packages\fastapi\routing.py", line 301, in app
    raw_response = await run_endpoint_function(
  File "C:\Users\marcoleung\Desktop\Fraud Detection Tool\Fraud Document Detector\01_Source_Code\myenv\lib\site-packages\fastapi\routing.py", line 212, in run_endpoint_function
    return await dependant.call(**values)
  File "C:\Users\marcoleung\Desktop\Fraud Detection Tool\Fraud Document Detector\01_Source_Code\backend_api\main.py", line 660, in calculate_image_stats
    thresholds_used = ModeThresholds[data.mode]
NameError: name 'ModeThresholds' is not defined
WARNING:uvicorn.error:WatchFiles detected changes in 'pixel_analysis.py'. Reloading...
INFO:uvicorn.error:Shutting down
INFO:uvicorn.error:Waiting for application shutdown.
INFO:uvicorn.error:Application shutdown complete.
INFO:uvicorn.error:Finished server process [21004]
INFO:uvicorn.error:Started server process [4752]
INFO:uvicorn.error:Waiting for application startup.
INFO:uvicorn.error:Application startup complete.
WARNING:uvicorn.error:WatchFiles detected changes in 'main.py'. Reloading...
INFO:uvicorn.error:Shutting down
INFO:uvicorn.error:Waiting for application shutdown.
INFO:uvicorn.error:Application shutdown complete.
INFO:uvicorn.error:Finished server process [4752]
INFO:uvicorn.error:Started server process [20492]
INFO:uvicorn.error:Waiting for application startup.
INFO:uvicorn.error:Application startup complete.
WARNING:uvicorn.error:WatchFiles detected changes in 'main.py'. Reloading...
INFO:uvicorn.error:Shutting down
INFO:uvicorn.error:Waiting for application shutdown.
INFO:uvicorn.error:Application shutdown complete.
INFO:uvicorn.error:Finished server process [20492]
INFO:uvicorn.error:Started server process [19560]
INFO:uvicorn.error:Waiting for application startup.
INFO:uvicorn.error:Application startup complete.
INFO:uvicorn.error:Will watch for changes in these directories: ['C:\\Users\\marcoleung\\Desktop\\Fraud Detection Tool\\Fraud Document Detector\\01_Source_Code\\backend_api']
INFO:uvicorn.error:Uvicorn running on http://127.0.0.1:8000 (Press CTRL+C to quit)
INFO:uvicorn.error:Started reloader process [9880] using WatchFiles
INFO:uvicorn.error:Started server process [20092]
INFO:uvicorn.error:Waiting for application startup.
INFO:uvicorn.error:Application startup complete.
WARNING:uvicorn.error:WatchFiles detected changes in 'pixel_analysis.py'. Reloading...
INFO:uvicorn.error:Shutting down
INFO:uvicorn.error:Waiting for application shutdown.
INFO:uvicorn.error:Application shutdown complete.
INFO:uvicorn.error:Finished server process [20092]
WARNING:uvicorn.error:WatchFiles detected changes in 'pixel_analysis.py'. Reloading...
INFO:uvicorn.error:Started server process [18960]
INFO:uvicorn.error:Waiting for application startup.
INFO:uvicorn.error:Application startup complete.
WARNING:uvicorn.error:WatchFiles detected changes in 'pixel_analysis.py'. Reloading...
INFO:uvicorn.error:Shutting down
INFO:uvicorn.error:Waiting for application shutdown.
INFO:uvicorn.error:Application shutdown complete.
INFO:uvicorn.error:Finished server process [18960]
WARNING:uvicorn.error:WatchFiles detected changes in 'main.py'. Reloading...
INFO:uvicorn.error:Started server process [12608]
INFO:uvicorn.error:Waiting for application startup.
INFO:uvicorn.error:Application startup complete.
ERROR:uvicorn.error:Traceback (most recent call last):
  File "C:\Users\marcoleung\AppData\Local\Programs\Python\Python39\lib\asyncio\runners.py", line 44, in run
    return loop.run_until_complete(main)
  File "C:\Users\marcoleung\AppData\Local\Programs\Python\Python39\lib\asyncio\base_events.py", line 634, in run_until_complete
    self.run_forever()
  File "C:\Users\marcoleung\AppData\Local\Programs\Python\Python39\lib\asyncio\base_events.py", line 601, in run_forever
    self._run_once()
  File "C:\Users\marcoleung\AppData\Local\Programs\Python\Python39\lib\asyncio\base_events.py", line 1905, in _run_once
    handle._run()
  File "C:\Users\marcoleung\AppData\Local\Programs\Python\Python39\lib\asyncio\events.py", line 80, in _run
    self._context.run(self._callback, *self._args)
  File "C:\Users\marcoleung\Desktop\Fraud Detection Tool\Fraud Document Detector\01_Source_Code\myenv\lib\site-packages\uvicorn\server.py", line 71, in serve
    await self._serve(sockets)
  File "C:\Users\marcoleung\AppData\Local\Programs\Python\Python39\lib\contextlib.py", line 126, in __exit__
    next(self.gen)
  File "C:\Users\marcoleung\Desktop\Fraud Detection Tool\Fraud Document Detector\01_Source_Code\myenv\lib\site-packages\uvicorn\server.py", line 331, in capture_signals
    signal.raise_signal(captured_signal)
KeyboardInterrupt

During handling of the above exception, another exception occurred:

Traceback (most recent call last):
  File "C:\Users\marcoleung\Desktop\Fraud Detection Tool\Fraud Document Detector\01_Source_Code\myenv\lib\site-packages\starlette\routing.py", line 700, in lifespan
    await receive()
  File "C:\Users\marcoleung\Desktop\Fraud Detection Tool\Fraud Document Detector\01_Source_Code\myenv\lib\site-packages\uvicorn\lifespan\on.py", line 137, in receive
    return await self.receive_queue.get()
  File "C:\Users\marcoleung\AppData\Local\Programs\Python\Python39\lib\asyncio\queues.py", line 166, in get
    await getter
asyncio.exceptions.CancelledError

WARNING:uvicorn.error:WatchFiles detected changes in 'main.py'. Reloading...
INFO:uvicorn.error:Started server process [8352]
INFO:uvicorn.error:Waiting for application startup.
INFO:uvicorn.error:Application startup complete.
ERROR:uvicorn.error:Traceback (most recent call last):
  File "C:\Users\marcoleung\AppData\Local\Programs\Python\Python39\lib\asyncio\runners.py", line 44, in run
    return loop.run_until_complete(main)
  File "C:\Users\marcoleung\AppData\Local\Programs\Python\Python39\lib\asyncio\base_events.py", line 634, in run_until_complete
    self.run_forever()
  File "C:\Users\marcoleung\AppData\Local\Programs\Python\Python39\lib\asyncio\base_events.py", line 601, in run_forever
    self._run_once()
  File "C:\Users\marcoleung\AppData\Local\Programs\Python\Python39\lib\asyncio\base_events.py", line 1905, in _run_once
    handle._run()
  File "C:\Users\marcoleung\AppData\Local\Programs\Python\Python39\lib\asyncio\events.py", line 80, in _run
    self._context.run(self._callback, *self._args)
  File "C:\Users\marcoleung\Desktop\Fraud Detection Tool\Fraud Document Detector\01_Source_Code\myenv\lib\site-packages\uvicorn\server.py", line 71, in serve
    await self._serve(sockets)
  File "C:\Users\marcoleung\AppData\Local\Programs\Python\Python39\lib\contextlib.py", line 126, in __exit__
    next(self.gen)
  File "C:\Users\marcoleung\Desktop\Fraud Detection Tool\Fraud Document Detector\01_Source_Code\myenv\lib\site-packages\uvicorn\server.py", line 331, in capture_signals
    signal.raise_signal(captured_signal)
KeyboardInterrupt

During handling of the above exception, another exception occurred:

Traceback (most recent call last):
  File "C:\Users\marcoleung\Desktop\Fraud Detection Tool\Fraud Document Detector\01_Source_Code\myenv\lib\site-packages\starlette\routing.py", line 700, in lifespan
    await receive()
  File "C:\Users\marcoleung\Desktop\Fraud Detection Tool\Fraud Document Detector\01_Source_Code\myenv\lib\site-packages\uvicorn\lifespan\on.py", line 137, in receive
    return await self.receive_queue.get()
  File "C:\Users\marcoleung\AppData\Local\Programs\Python\Python39\lib\asyncio\queues.py", line 166, in get
    await getter
asyncio.exceptions.CancelledError

INFO:uvicorn.error:Will watch for changes in these directories: ['C:\\Users\\marcoleung\\Desktop\\Fraud Detection Tool\\Fraud Document Detector\\01_Source_Code\\backend_api']
INFO:uvicorn.error:Uvicorn running on http://127.0.0.1:8000 (Press CTRL+C to quit)
INFO:uvicorn.error:Started reloader process [12160] using WatchFiles
INFO:uvicorn.error:Started server process [17436]
INFO:uvicorn.error:Waiting for application startup.
INFO:uvicorn.error:Application startup complete.
WARNING:uvicorn.error:WatchFiles detected changes in 'pixel_analysis.py'. Reloading...
INFO:uvicorn.error:Shutting down
INFO:uvicorn.error:Waiting for application shutdown.
INFO:uvicorn.error:Application shutdown complete.
INFO:uvicorn.error:Finished server process [17436]
WARNING:uvicorn.error:WatchFiles detected changes in 'pixel_analysis.py'. Reloading...
INFO:uvicorn.error:Started server process [17288]
INFO:uvicorn.error:Waiting for application startup.
INFO:uvicorn.error:Application startup complete.
WARNING:uvicorn.error:WatchFiles detected changes in 'pixel_analysis.py'. Reloading...
INFO:uvicorn.error:Shutting down
INFO:uvicorn.error:Waiting for application shutdown.
INFO:uvicorn.error:Application shutdown complete.
INFO:uvicorn.error:Finished server process [17288]
WARNING:uvicorn.error:WatchFiles detected changes in 'main.py'. Reloading...
INFO:uvicorn.error:Will watch for changes in these directories: ['C:\\Users\\marcoleung\\Desktop\\Fraud Detection Tool\\Fraud Document Detector\\01_Source_Code\\backend_api']
INFO:uvicorn.error:Uvicorn running on http://127.0.0.1:8000 (Press CTRL+C to quit)
INFO:uvicorn.error:Started reloader process [19188] using WatchFiles
INFO:uvicorn.error:Started server process [3180]
INFO:uvicorn.error:Waiting for application startup.
INFO:uvicorn.error:Application startup complete.
WARNING:uvicorn.error:WatchFiles detected changes in 'pixel_analysis.py'. Reloading...
INFO:uvicorn.error:Shutting down
INFO:uvicorn.error:Waiting for application shutdown.
INFO:uvicorn.error:Application shutdown complete.
INFO:uvicorn.error:Finished server process [3180]
WARNING:uvicorn.error:WatchFiles detected changes in 'pixel_analysis.py'. Reloading...
INFO:uvicorn.error:Started server process [3644]
INFO:uvicorn.error:Waiting for application startup.
INFO:uvicorn.error:Application startup complete.
ERROR:uvicorn.error:Traceback (most recent call last):
  File "C:\Users\marcoleung\AppData\Local\Programs\Python\Python39\lib\asyncio\runners.py", line 44, in run
    return loop.run_until_complete(main)
  File "C:\Users\marcoleung\AppData\Local\Programs\Python\Python39\lib\asyncio\base_events.py", line 634, in run_until_complete
    self.run_forever()
  File "C:\Users\marcoleung\AppData\Local\Programs\Python\Python39\lib\asyncio\base_events.py", line 601, in run_forever
    self._run_once()
  File "C:\Users\marcoleung\AppData\Local\Programs\Python\Python39\lib\asyncio\base_events.py", line 1905, in _run_once
    handle._run()
  File "C:\Users\marcoleung\AppData\Local\Programs\Python\Python39\lib\asyncio\events.py", line 80, in _run
    self._context.run(self._callback, *self._args)
  File "C:\Users\marcoleung\Desktop\Fraud Detection Tool\Fraud Document Detector\01_Source_Code\myenv\lib\site-packages\uvicorn\server.py", line 71, in serve
    await self._serve(sockets)
  File "C:\Users\marcoleung\AppData\Local\Programs\Python\Python39\lib\contextlib.py", line 126, in __exit__
    next(self.gen)
  File "C:\Users\marcoleung\Desktop\Fraud Detection Tool\Fraud Document Detector\01_Source_Code\myenv\lib\site-packages\uvicorn\server.py", line 331, in capture_signals
    signal.raise_signal(captured_signal)
KeyboardInterrupt

During handling of the above exception, another exception occurred:

Traceback (most recent call last):
  File "C:\Users\marcoleung\Desktop\Fraud Detection Tool\Fraud Document Detector\01_Source_Code\myenv\lib\site-packages\starlette\routing.py", line 700, in lifespan
    await receive()
  File "C:\Users\marcoleung\Desktop\Fraud Detection Tool\Fraud Document Detector\01_Source_Code\myenv\lib\site-packages\uvicorn\lifespan\on.py", line 137, in receive
    return await self.receive_queue.get()
  File "C:\Users\marcoleung\AppData\Local\Programs\Python\Python39\lib\asyncio\queues.py", line 166, in get
    await getter
asyncio.exceptions.CancelledError

WARNING:uvicorn.error:WatchFiles detected changes in 'pixel_analysis.py'. Reloading...
INFO:uvicorn.error:Will watch for changes in these directories: ['C:\\Users\\marcoleung\\Desktop\\Fraud Detection Tool\\Fraud Document Detector\\01_Source_Code\\backend_api']
INFO:uvicorn.error:Uvicorn running on http://127.0.0.1:8000 (Press CTRL+C to quit)
INFO:uvicorn.error:Started reloader process [18304] using WatchFiles
INFO:uvicorn.error:Started server process [20244]
INFO:uvicorn.error:Waiting for application startup.
INFO:uvicorn.error:Application startup complete.
WARNING:uvicorn.error:WatchFiles detected changes in 'main.py'. Reloading...
INFO:uvicorn.error:Shutting down
INFO:uvicorn.error:Waiting for application shutdown.
INFO:uvicorn.error:Application shutdown complete.
INFO:uvicorn.error:Finished server process [20244]
INFO:uvicorn.error:Started server process [19304]
INFO:uvicorn.error:Waiting for application startup.
INFO:uvicorn.error:Application startup complete.
WARNING:uvicorn.error:WatchFiles detected changes in 'main.py'. Reloading...
INFO:uvicorn.error:Shutting down
INFO:uvicorn.error:Waiting for application shutdown.
INFO:uvicorn.error:Application shutdown complete.
INFO:uvicorn.error:Finished server process [19304]
WARNING:uvicorn.error:WatchFiles detected changes in 'main.py'. Reloading...
WARNING:uvicorn.error:WatchFiles detected changes in 'main.py'. Reloading...
INFO:uvicorn.error:Started server process [4720]
INFO:uvicorn.error:Waiting for application startup.
INFO:uvicorn.error:Application startup complete.
ERROR:uvicorn.error:Traceback (most recent call last):
  File "C:\Users\marcoleung\AppData\Local\Programs\Python\Python39\lib\asyncio\runners.py", line 44, in run
    return loop.run_until_complete(main)
  File "C:\Users\marcoleung\AppData\Local\Programs\Python\Python39\lib\asyncio\base_events.py", line 634, in run_until_complete
    self.run_forever()
  File "C:\Users\marcoleung\AppData\Local\Programs\Python\Python39\lib\asyncio\base_events.py", line 601, in run_forever
    self._run_once()
  File "C:\Users\marcoleung\AppData\Local\Programs\Python\Python39\lib\asyncio\base_events.py", line 1905, in _run_once
    handle._run()
  File "C:\Users\marcoleung\AppData\Local\Programs\Python\Python39\lib\asyncio\events.py", line 80, in _run
    self._context.run(self._callback, *self._args)
  File "C:\Users\marcoleung\Desktop\Fraud Detection Tool\Fraud Document Detector\01_Source_Code\myenv\lib\site-packages\uvicorn\server.py", line 71, in serve
    await self._serve(sockets)
  File "C:\Users\marcoleung\AppData\Local\Programs\Python\Python39\lib\contextlib.py", line 126, in __exit__
    next(self.gen)
  File "C:\Users\marcoleung\Desktop\Fraud Detection Tool\Fraud Document Detector\01_Source_Code\myenv\lib\site-packages\uvicorn\server.py", line 331, in capture_signals
    signal.raise_signal(captured_signal)
KeyboardInterrupt

During handling of the above exception, another exception occurred:

Traceback (most recent call last):
  File "C:\Users\marcoleung\Desktop\Fraud Detection Tool\Fraud Document Detector\01_Source_Code\myenv\lib\site-packages\starlette\routing.py", line 700, in lifespan
    await receive()
  File "C:\Users\marcoleung\Desktop\Fraud Detection Tool\Fraud Document Detector\01_Source_Code\myenv\lib\site-packages\uvicorn\lifespan\on.py", line 137, in receive
    return await self.receive_queue.get()
  File "C:\Users\marcoleung\AppData\Local\Programs\Python\Python39\lib\asyncio\queues.py", line 166, in get
    await getter
asyncio.exceptions.CancelledError

WARNING:uvicorn.error:WatchFiles detected changes in 'pixel_analysis.py'. Reloading...
INFO:uvicorn.error:Will watch for changes in these directories: ['C:\\Users\\marcoleung\\Desktop\\Fraud Detection Tool\\Fraud Document Detector\\01_Source_Code\\backend_api']
INFO:uvicorn.error:Uvicorn running on http://127.0.0.1:8000 (Press CTRL+C to quit)
INFO:uvicorn.error:Started reloader process [19424] using WatchFiles
INFO:uvicorn.error:Started server process [4148]
INFO:uvicorn.error:Waiting for application startup.
INFO:uvicorn.error:Application startup complete.
WARNING:uvicorn.error:WatchFiles detected changes in 'pixel_analysis.py'. Reloading...
INFO:uvicorn.error:Shutting down
INFO:uvicorn.error:Waiting for application shutdown.
INFO:uvicorn.error:Application shutdown complete.
INFO:uvicorn.error:Finished server process [4148]
WARNING:uvicorn.error:WatchFiles detected changes in 'pixel_analysis.py'. Reloading...
INFO:uvicorn.error:Will watch for changes in these directories: ['C:\\Users\\marcoleung\\Desktop\\Fraud Detection Tool\\Fraud Document Detector\\01_Source_Code\\backend_api']
INFO:uvicorn.error:Uvicorn running on http://127.0.0.1:8000 (Press CTRL+C to quit)
INFO:uvicorn.error:Started reloader process [3476] using WatchFiles
INFO:uvicorn.error:Started server process [4864]
INFO:uvicorn.error:Waiting for application startup.
INFO:uvicorn.error:Application startup complete.
WARNING:uvicorn.error:WatchFiles detected changes in 'pixel_analysis.py'. Reloading...
INFO:uvicorn.error:Shutting down
INFO:uvicorn.error:Waiting for application shutdown.
INFO:uvicorn.error:Application shutdown complete.
INFO:uvicorn.error:Finished server process [4864]
INFO:uvicorn.error:Started server process [18228]
INFO:uvicorn.error:Waiting for application startup.
INFO:uvicorn.error:Application startup complete.
WARNING:uvicorn.error:WatchFiles detected changes in 'main.py'. Reloading...
INFO:uvicorn.error:Shutting down
INFO:uvicorn.error:Waiting for application shutdown.
INFO:uvicorn.error:Application shutdown complete.
INFO:uvicorn.error:Finished server process [18228]
WARNING:uvicorn.error:WatchFiles detected changes in 'main.py'. Reloading...
INFO:uvicorn.error:Started server process [1208]
INFO:uvicorn.error:Waiting for application startup.
INFO:uvicorn.error:Application startup complete.
ERROR:uvicorn.error:Traceback (most recent call last):
  File "C:\Users\marcoleung\AppData\Local\Programs\Python\Python39\lib\asyncio\runners.py", line 44, in run
    return loop.run_until_complete(main)
  File "C:\Users\marcoleung\AppData\Local\Programs\Python\Python39\lib\asyncio\base_events.py", line 634, in run_until_complete
    self.run_forever()
  File "C:\Users\marcoleung\AppData\Local\Programs\Python\Python39\lib\asyncio\base_events.py", line 601, in run_forever
    self._run_once()
  File "C:\Users\marcoleung\AppData\Local\Programs\Python\Python39\lib\asyncio\base_events.py", line 1905, in _run_once
    handle._run()
  File "C:\Users\marcoleung\AppData\Local\Programs\Python\Python39\lib\asyncio\events.py", line 80, in _run
    self._context.run(self._callback, *self._args)
  File "C:\Users\marcoleung\Desktop\Fraud Detection Tool\Fraud Document Detector\01_Source_Code\myenv\lib\site-packages\uvicorn\server.py", line 71, in serve
    await self._serve(sockets)
  File "C:\Users\marcoleung\AppData\Local\Programs\Python\Python39\lib\contextlib.py", line 126, in __exit__
    next(self.gen)
  File "C:\Users\marcoleung\Desktop\Fraud Detection Tool\Fraud Document Detector\01_Source_Code\myenv\lib\site-packages\uvicorn\server.py", line 331, in capture_signals
    signal.raise_signal(captured_signal)
KeyboardInterrupt

During handling of the above exception, another exception occurred:

Traceback (most recent call last):
  File "C:\Users\marcoleung\Desktop\Fraud Detection Tool\Fraud Document Detector\01_Source_Code\myenv\lib\site-packages\starlette\routing.py", line 700, in lifespan
    await receive()
  File "C:\Users\marcoleung\Desktop\Fraud Detection Tool\Fraud Document Detector\01_Source_Code\myenv\lib\site-packages\uvicorn\lifespan\on.py", line 137, in receive
    return await self.receive_queue.get()
  File "C:\Users\marcoleung\AppData\Local\Programs\Python\Python39\lib\asyncio\queues.py", line 166, in get
    await getter
asyncio.exceptions.CancelledError

INFO:uvicorn.error:Started server process [7352]
INFO:uvicorn.error:Waiting for application startup.
INFO:uvicorn.error:Application startup complete.
WARNING:uvicorn.error:WatchFiles detected changes in 'main.py'. Reloading...
INFO:uvicorn.error:Shutting down
INFO:uvicorn.error:Waiting for application shutdown.
INFO:uvicorn.error:Application shutdown complete.
INFO:uvicorn.error:Finished server process [7352]
INFO:uvicorn.error:Started server process [2420]
INFO:uvicorn.error:Waiting for application startup.
INFO:uvicorn.error:Application startup complete.
WARNING:uvicorn.error:WatchFiles detected changes in 'main.py'. Reloading...
INFO:uvicorn.error:Shutting down
INFO:uvicorn.error:Waiting for application shutdown.
INFO:uvicorn.error:Application shutdown complete.
INFO:uvicorn.error:Finished server process [2420]
WARNING:uvicorn.error:WatchFiles detected changes in 'pixel_analysis.py'. Reloading...
INFO:uvicorn.error:Will watch for changes in these directories: ['C:\\Users\\marcoleung\\Desktop\\Fraud Detection Tool\\Fraud Document Detector\\01_Source_Code\\backend_api']
INFO:uvicorn.error:Uvicorn running on http://127.0.0.1:8000 (Press CTRL+C to quit)
INFO:uvicorn.error:Started reloader process [16264] using WatchFiles
INFO:uvicorn.error:Started server process [22032]
INFO:uvicorn.error:Waiting for application startup.
INFO:uvicorn.error:Application startup complete.
WARNING:uvicorn.error:WatchFiles detected changes in 'pixel_analysis.py'. Reloading...
INFO:uvicorn.error:Shutting down
INFO:uvicorn.error:Waiting for application shutdown.
INFO:uvicorn.error:Application shutdown complete.
INFO:uvicorn.error:Finished server process [22032]
WARNING:uvicorn.error:WatchFiles detected changes in 'pixel_analysis.py'. Reloading...
INFO:uvicorn.error:Started server process [21592]
INFO:uvicorn.error:Waiting for application startup.
INFO:uvicorn.error:Application startup complete.
ERROR:uvicorn.error:Traceback (most recent call last):
  File "C:\Users\marcoleung\AppData\Local\Programs\Python\Python39\lib\asyncio\runners.py", line 44, in run
    return loop.run_until_complete(main)
  File "C:\Users\marcoleung\AppData\Local\Programs\Python\Python39\lib\asyncio\base_events.py", line 634, in run_until_complete
    self.run_forever()
  File "C:\Users\marcoleung\AppData\Local\Programs\Python\Python39\lib\asyncio\base_events.py", line 601, in run_forever
    self._run_once()
  File "C:\Users\marcoleung\AppData\Local\Programs\Python\Python39\lib\asyncio\base_events.py", line 1905, in _run_once
    handle._run()
  File "C:\Users\marcoleung\AppData\Local\Programs\Python\Python39\lib\asyncio\events.py", line 80, in _run
    self._context.run(self._callback, *self._args)
  File "C:\Users\marcoleung\Desktop\Fraud Detection Tool\Fraud Document Detector\01_Source_Code\myenv\lib\site-packages\uvicorn\server.py", line 71, in serve
    await self._serve(sockets)
  File "C:\Users\marcoleung\AppData\Local\Programs\Python\Python39\lib\contextlib.py", line 126, in __exit__
    next(self.gen)
  File "C:\Users\marcoleung\Desktop\Fraud Detection Tool\Fraud Document Detector\01_Source_Code\myenv\lib\site-packages\uvicorn\server.py", line 331, in capture_signals
    signal.raise_signal(captured_signal)
KeyboardInterrupt

During handling of the above exception, another exception occurred:

Traceback (most recent call last):
  File "C:\Users\marcoleung\Desktop\Fraud Detection Tool\Fraud Document Detector\01_Source_Code\myenv\lib\site-packages\starlette\routing.py", line 700, in lifespan
    await receive()
  File "C:\Users\marcoleung\Desktop\Fraud Detection Tool\Fraud Document Detector\01_Source_Code\myenv\lib\site-packages\uvicorn\lifespan\on.py", line 137, in receive
    return await self.receive_queue.get()
  File "C:\Users\marcoleung\AppData\Local\Programs\Python\Python39\lib\asyncio\queues.py", line 166, in get
    await getter
asyncio.exceptions.CancelledError

WARNING:uvicorn.error:WatchFiles detected changes in 'pixel_analysis.py'. Reloading...
INFO:uvicorn.error:Will watch for changes in these directories: ['C:\\Users\\marcoleung\\Desktop\\Fraud Detection Tool\\Fraud Document Detector\\01_Source_Code\\backend_api']
INFO:uvicorn.error:Uvicorn running on http://127.0.0.1:8000 (Press CTRL+C to quit)
INFO:uvicorn.error:Started reloader process [20540] using WatchFiles
INFO:uvicorn.error:Started server process [13512]
INFO:uvicorn.error:Waiting for application startup.
INFO:uvicorn.error:Application startup complete.
WARNING:uvicorn.error:WatchFiles detected changes in 'pixel_analysis.py'. Reloading...
INFO:uvicorn.error:Shutting down
INFO:uvicorn.error:Waiting for application shutdown.
INFO:uvicorn.error:Application shutdown complete.
INFO:uvicorn.error:Finished server process [13512]
INFO:uvicorn.error:Started server process [11880]
INFO:uvicorn.error:Waiting for application startup.
INFO:uvicorn.error:Application startup complete.
INFO:uvicorn.error:Will watch for changes in these directories: ['C:\\Users\\marcoleung\\Desktop\\Fraud Detection Tool\\Fraud Document Detector\\01_Source_Code\\backend_api']
INFO:uvicorn.error:Uvicorn running on http://127.0.0.1:8000 (Press CTRL+C to quit)
INFO:uvicorn.error:Started reloader process [8944] using WatchFiles
INFO:uvicorn.error:Started server process [3300]
INFO:uvicorn.error:Waiting for application startup.
INFO:uvicorn.error:Application startup complete.
WARNING:uvicorn.error:WatchFiles detected changes in 'pixel_analysis.py'. Reloading...
INFO:uvicorn.error:Shutting down
INFO:uvicorn.error:Waiting for application shutdown.
INFO:uvicorn.error:Application shutdown complete.
INFO:uvicorn.error:Finished server process [3300]
INFO:uvicorn.error:Started server process [11340]
INFO:uvicorn.error:Waiting for application startup.
INFO:uvicorn.error:Application startup complete.
WARNING:uvicorn.error:WatchFiles detected changes in 'main.py'. Reloading...
INFO:uvicorn.error:Shutting down
INFO:uvicorn.error:Waiting for application shutdown.
INFO:uvicorn.error:Application shutdown complete.
INFO:uvicorn.error:Finished server process [11340]
INFO:uvicorn.error:Started server process [6156]
INFO:uvicorn.error:Waiting for application startup.
INFO:uvicorn.error:Application startup complete.
WARNING:uvicorn.error:WatchFiles detected changes in 'main.py'. Reloading...
INFO:uvicorn.error:Shutting down
INFO:uvicorn.error:Waiting for application shutdown.
INFO:uvicorn.error:Application shutdown complete.
INFO:uvicorn.error:Finished server process [6156]
WARNING:uvicorn.error:WatchFiles detected changes in 'main.py'. Reloading...
INFO:uvicorn.error:Started server process [22296]
INFO:uvicorn.error:Waiting for application startup.
INFO:uvicorn.error:Application startup complete.
WARNING:uvicorn.error:WatchFiles detected changes in 'main.py'. Reloading...
INFO:uvicorn.error:Shutting down
INFO:uvicorn.error:Waiting for application shutdown.
INFO:uvicorn.error:Application shutdown complete.
INFO:uvicorn.error:Finished server process [22296]
WARNING:uvicorn.error:WatchFiles detected changes in 'main.py'. Reloading...
INFO:uvicorn.error:Started server process [21364]
INFO:uvicorn.error:Waiting for application startup.
INFO:uvicorn.error:Application startup complete.
WARNING:uvicorn.error:WatchFiles detected changes in 'main.py'. Reloading...
INFO:uvicorn.error:Shutting down
INFO:uvicorn.error:Waiting for application shutdown.
INFO:uvicorn.error:Application shutdown complete.
INFO:uvicorn.error:Finished server process [21364]
WARNING:uvicorn.error:WatchFiles detected changes in 'main.py'. Reloading...
INFO:uvicorn.error:Started server process [12112]
INFO:uvicorn.error:Waiting for application startup.
INFO:uvicorn.error:Application startup complete.
ERROR:uvicorn.error:Traceback (most recent call last):
  File "C:\Users\marcoleung\AppData\Local\Programs\Python\Python39\lib\asyncio\runners.py", line 44, in run
    return loop.run_until_complete(main)
  File "C:\Users\marcoleung\AppData\Local\Programs\Python\Python39\lib\asyncio\base_events.py", line 634, in run_until_complete
    self.run_forever()
  File "C:\Users\marcoleung\AppData\Local\Programs\Python\Python39\lib\asyncio\base_events.py", line 601, in run_forever
    self._run_once()
  File "C:\Users\marcoleung\AppData\Local\Programs\Python\Python39\lib\asyncio\base_events.py", line 1905, in _run_once
    handle._run()
  File "C:\Users\marcoleung\AppData\Local\Programs\Python\Python39\lib\asyncio\events.py", line 80, in _run
    self._context.run(self._callback, *self._args)
  File "C:\Users\marcoleung\Desktop\Fraud Detection Tool\Fraud Document Detector\01_Source_Code\myenv\lib\site-packages\uvicorn\server.py", line 71, in serve
    await self._serve(sockets)
  File "C:\Users\marcoleung\AppData\Local\Programs\Python\Python39\lib\contextlib.py", line 126, in __exit__
    next(self.gen)
  File "C:\Users\marcoleung\Desktop\Fraud Detection Tool\Fraud Document Detector\01_Source_Code\myenv\lib\site-packages\uvicorn\server.py", line 331, in capture_signals
    signal.raise_signal(captured_signal)
KeyboardInterrupt

During handling of the above exception, another exception occurred:

Traceback (most recent call last):
  File "C:\Users\marcoleung\Desktop\Fraud Detection Tool\Fraud Document Detector\01_Source_Code\myenv\lib\site-packages\starlette\routing.py", line 700, in lifespan
    await receive()
  File "C:\Users\marcoleung\Desktop\Fraud Detection Tool\Fraud Document Detector\01_Source_Code\myenv\lib\site-packages\uvicorn\lifespan\on.py", line 137, in receive
    return await self.receive_queue.get()
  File "C:\Users\marcoleung\AppData\Local\Programs\Python\Python39\lib\asyncio\queues.py", line 166, in get
    await getter
asyncio.exceptions.CancelledError

WARNING:uvicorn.error:WatchFiles detected changes in 'main.py'. Reloading...
INFO:uvicorn.error:Started server process [19576]
INFO:uvicorn.error:Waiting for application startup.
INFO:uvicorn.error:Application startup complete.
ERROR:uvicorn.error:Traceback (most recent call last):
  File "C:\Users\marcoleung\AppData\Local\Programs\Python\Python39\lib\asyncio\runners.py", line 44, in run
    return loop.run_until_complete(main)
  File "C:\Users\marcoleung\AppData\Local\Programs\Python\Python39\lib\asyncio\base_events.py", line 634, in run_until_complete
    self.run_forever()
  File "C:\Users\marcoleung\AppData\Local\Programs\Python\Python39\lib\asyncio\base_events.py", line 601, in run_forever
    self._run_once()
  File "C:\Users\marcoleung\AppData\Local\Programs\Python\Python39\lib\asyncio\base_events.py", line 1905, in _run_once
    handle._run()
  File "C:\Users\marcoleung\AppData\Local\Programs\Python\Python39\lib\asyncio\events.py", line 80, in _run
    self._context.run(self._callback, *self._args)
  File "C:\Users\marcoleung\Desktop\Fraud Detection Tool\Fraud Document Detector\01_Source_Code\myenv\lib\site-packages\uvicorn\server.py", line 71, in serve
    await self._serve(sockets)
  File "C:\Users\marcoleung\AppData\Local\Programs\Python\Python39\lib\contextlib.py", line 126, in __exit__
    next(self.gen)
  File "C:\Users\marcoleung\Desktop\Fraud Detection Tool\Fraud Document Detector\01_Source_Code\myenv\lib\site-packages\uvicorn\server.py", line 331, in capture_signals
    signal.raise_signal(captured_signal)
KeyboardInterrupt

During handling of the above exception, another exception occurred:

Traceback (most recent call last):
  File "C:\Users\marcoleung\Desktop\Fraud Detection Tool\Fraud Document Detector\01_Source_Code\myenv\lib\site-packages\starlette\routing.py", line 700, in lifespan
    await receive()
  File "C:\Users\marcoleung\Desktop\Fraud Detection Tool\Fraud Document Detector\01_Source_Code\myenv\lib\site-packages\uvicorn\lifespan\on.py", line 137, in receive
    return await self.receive_queue.get()
  File "C:\Users\marcoleung\AppData\Local\Programs\Python\Python39\lib\asyncio\queues.py", line 166, in get
    await getter
asyncio.exceptions.CancelledError

INFO:uvicorn.error:Started server process [21048]
INFO:uvicorn.error:Waiting for application startup.
INFO:uvicorn.error:Application startup complete.
WARNING:uvicorn.error:WatchFiles detected changes in 'main.py'. Reloading...
INFO:uvicorn.error:Shutting down
INFO:uvicorn.error:Waiting for application shutdown.
INFO:uvicorn.error:Application shutdown complete.
INFO:uvicorn.error:Finished server process [21048]
WARNING:uvicorn.error:WatchFiles detected changes in 'main.py'. Reloading...
WARNING:uvicorn.error:WatchFiles detected changes in 'main.py'. Reloading...
INFO:uvicorn.error:Started server process [22296]
INFO:uvicorn.error:Waiting for application startup.
INFO:uvicorn.error:Application startup complete.
WARNING:uvicorn.error:WatchFiles detected changes in 'main.py'. Reloading...
INFO:uvicorn.error:Shutting down
INFO:uvicorn.error:Waiting for application shutdown.
INFO:uvicorn.error:Application shutdown complete.
INFO:uvicorn.error:Finished server process [22296]
WARNING:uvicorn.error:WatchFiles detected changes in 'main.py'. Reloading...
INFO:uvicorn.error:Started server process [9524]
INFO:uvicorn.error:Waiting for application startup.
INFO:uvicorn.error:Application startup complete.
ERROR:uvicorn.error:Traceback (most recent call last):
  File "C:\Users\marcoleung\AppData\Local\Programs\Python\Python39\lib\asyncio\runners.py", line 44, in run
    return loop.run_until_complete(main)
  File "C:\Users\marcoleung\AppData\Local\Programs\Python\Python39\lib\asyncio\base_events.py", line 634, in run_until_complete
    self.run_forever()
  File "C:\Users\marcoleung\AppData\Local\Programs\Python\Python39\lib\asyncio\base_events.py", line 601, in run_forever
    self._run_once()
  File "C:\Users\marcoleung\AppData\Local\Programs\Python\Python39\lib\asyncio\base_events.py", line 1905, in _run_once
    handle._run()
  File "C:\Users\marcoleung\AppData\Local\Programs\Python\Python39\lib\asyncio\events.py", line 80, in _run
    self._context.run(self._callback, *self._args)
  File "C:\Users\marcoleung\Desktop\Fraud Detection Tool\Fraud Document Detector\01_Source_Code\myenv\lib\site-packages\uvicorn\server.py", line 71, in serve
    await self._serve(sockets)
  File "C:\Users\marcoleung\AppData\Local\Programs\Python\Python39\lib\contextlib.py", line 126, in __exit__
    next(self.gen)
  File "C:\Users\marcoleung\Desktop\Fraud Detection Tool\Fraud Document Detector\01_Source_Code\myenv\lib\site-packages\uvicorn\server.py", line 331, in capture_signals
    signal.raise_signal(captured_signal)
KeyboardInterrupt

During handling of the above exception, another exception occurred:

Traceback (most recent call last):
  File "C:\Users\marcoleung\Desktop\Fraud Detection Tool\Fraud Document Detector\01_Source_Code\myenv\lib\site-packages\starlette\routing.py", line 700, in lifespan
    await receive()
  File "C:\Users\marcoleung\Desktop\Fraud Detection Tool\Fraud Document Detector\01_Source_Code\myenv\lib\site-packages\uvicorn\lifespan\on.py", line 137, in receive
    return await self.receive_queue.get()
  File "C:\Users\marcoleung\AppData\Local\Programs\Python\Python39\lib\asyncio\queues.py", line 166, in get
    await getter
asyncio.exceptions.CancelledError

INFO:uvicorn.error:Started server process [7352]
INFO:uvicorn.error:Waiting for application startup.
INFO:uvicorn.error:Application startup complete.
WARNING:uvicorn.error:WatchFiles detected changes in 'pixel_analysis.py'. Reloading...
INFO:uvicorn.error:Shutting down
INFO:uvicorn.error:Waiting for application shutdown.
INFO:uvicorn.error:Application shutdown complete.
INFO:uvicorn.error:Finished server process [7352]
INFO:uvicorn.error:Started server process [4572]
INFO:uvicorn.error:Waiting for application startup.
INFO:uvicorn.error:Application startup complete.
WARNING:uvicorn.error:WatchFiles detected changes in 'pixel_analysis.py'. Reloading...
INFO:uvicorn.error:Shutting down
INFO:uvicorn.error:Waiting for application shutdown.
INFO:uvicorn.error:Application shutdown complete.
INFO:uvicorn.error:Finished server process [4572]
INFO:uvicorn.error:Started server process [21200]
INFO:uvicorn.error:Waiting for application startup.
INFO:uvicorn.error:Application startup complete.
WARNING:uvicorn.error:WatchFiles detected changes in 'pixel_analysis.py'. Reloading...
INFO:uvicorn.error:Shutting down
INFO:uvicorn.error:Waiting for application shutdown.
INFO:uvicorn.error:Application shutdown complete.
INFO:uvicorn.error:Finished server process [21200]
INFO:uvicorn.error:Started server process [18372]
INFO:uvicorn.error:Waiting for application startup.
INFO:uvicorn.error:Application startup complete.
WARNING:uvicorn.error:WatchFiles detected changes in 'pixel_analysis.py'. Reloading...
INFO:uvicorn.error:Shutting down
INFO:uvicorn.error:Waiting for application shutdown.
INFO:uvicorn.error:Application shutdown complete.
INFO:uvicorn.error:Finished server process [18372]
INFO:uvicorn.error:Started server process [20256]
INFO:uvicorn.error:Waiting for application startup.
INFO:uvicorn.error:Application startup complete.
WARNING:uvicorn.error:WatchFiles detected changes in 'pixel_analysis.py'. Reloading...
INFO:uvicorn.error:Shutting down
INFO:uvicorn.error:Waiting for application shutdown.
INFO:uvicorn.error:Application shutdown complete.
INFO:uvicorn.error:Finished server process [20256]
INFO:uvicorn.error:Started server process [10336]
INFO:uvicorn.error:Waiting for application startup.
INFO:uvicorn.error:Application startup complete.
WARNING:uvicorn.error:WatchFiles detected changes in 'pixel_analysis.py'. Reloading...
INFO:uvicorn.error:Shutting down
INFO:uvicorn.error:Waiting for application shutdown.
INFO:uvicorn.error:Application shutdown complete.
INFO:uvicorn.error:Finished server process [10336]
INFO:uvicorn.error:Started server process [21572]
INFO:uvicorn.error:Waiting for application startup.
INFO:uvicorn.error:Application startup complete.
WARNING:uvicorn.error:WatchFiles detected changes in 'pixel_analysis.py'. Reloading...
INFO:uvicorn.error:Shutting down
INFO:uvicorn.error:Waiting for application shutdown.
INFO:uvicorn.error:Application shutdown complete.
INFO:uvicorn.error:Finished server process [21572]
INFO:uvicorn.error:Started server process [8260]
INFO:uvicorn.error:Waiting for application startup.
INFO:uvicorn.error:Application startup complete.
WARNING:uvicorn.error:WatchFiles detected changes in 'pixel_analysis.py'. Reloading...
INFO:uvicorn.error:Shutting down
INFO:uvicorn.error:Waiting for application shutdown.
INFO:uvicorn.error:Application shutdown complete.
INFO:uvicorn.error:Finished server process [8260]
INFO:uvicorn.error:Started server process [16216]
INFO:uvicorn.error:Waiting for application startup.
INFO:uvicorn.error:Application startup complete.
WARNING:uvicorn.error:WatchFiles detected changes in 'pixel_analysis.py'. Reloading...
INFO:uvicorn.error:Shutting down
INFO:uvicorn.error:Waiting for application shutdown.
INFO:uvicorn.error:Application shutdown complete.
INFO:uvicorn.error:Finished server process [16216]
INFO:uvicorn.error:Started server process [20564]
INFO:uvicorn.error:Waiting for application startup.
INFO:uvicorn.error:Application startup complete.
WARNING:uvicorn.error:WatchFiles detected changes in 'pixel_analysis.py'. Reloading...
INFO:uvicorn.error:Shutting down
INFO:uvicorn.error:Waiting for application shutdown.
INFO:uvicorn.error:Application shutdown complete.
INFO:uvicorn.error:Finished server process [20564]
INFO:uvicorn.error:Started server process [23764]
INFO:uvicorn.error:Waiting for application startup.
INFO:uvicorn.error:Application startup complete.
WARNING:uvicorn.error:WatchFiles detected changes in 'pixel_analysis.py'. Reloading...
INFO:uvicorn.error:Shutting down
INFO:uvicorn.error:Waiting for application shutdown.
INFO:uvicorn.error:Application shutdown complete.
INFO:uvicorn.error:Finished server process [23764]
INFO:uvicorn.error:Started server process [3632]
INFO:uvicorn.error:Waiting for application startup.
INFO:uvicorn.error:Application startup complete.
WARNING:uvicorn.error:WatchFiles detected changes in 'pixel_analysis.py'. Reloading...
INFO:uvicorn.error:Shutting down
INFO:uvicorn.error:Waiting for application shutdown.
INFO:uvicorn.error:Application shutdown complete.
INFO:uvicorn.error:Finished server process [3632]
INFO:uvicorn.error:Started server process [19244]
INFO:uvicorn.error:Waiting for application startup.
INFO:uvicorn.error:Application startup complete.
WARNING:uvicorn.error:WatchFiles detected changes in 'pixel_analysis.py'. Reloading...
INFO:uvicorn.error:Shutting down
INFO:uvicorn.error:Waiting for application shutdown.
INFO:uvicorn.error:Application shutdown complete.
INFO:uvicorn.error:Finished server process [19244]
INFO:uvicorn.error:Started server process [25928]
INFO:uvicorn.error:Waiting for application startup.
INFO:uvicorn.error:Application startup complete.
WARNING:uvicorn.error:WatchFiles detected changes in 'pixel_analysis.py'. Reloading...
INFO:uvicorn.error:Shutting down
INFO:uvicorn.error:Waiting for application shutdown.
INFO:uvicorn.error:Application shutdown complete.
INFO:uvicorn.error:Finished server process [25928]
INFO:uvicorn.error:Started server process [23064]
INFO:uvicorn.error:Waiting for application startup.
INFO:uvicorn.error:Application startup complete.
WARNING:uvicorn.error:WatchFiles detected changes in 'pixel_analysis.py'. Reloading...
INFO:uvicorn.error:Shutting down
INFO:uvicorn.error:Waiting for application shutdown.
INFO:uvicorn.error:Application shutdown complete.
INFO:uvicorn.error:Finished server process [23064]
INFO:uvicorn.error:Started server process [26528]
INFO:uvicorn.error:Waiting for application startup.
INFO:uvicorn.error:Application startup complete.
WARNING:uvicorn.error:WatchFiles detected changes in 'pixel_analysis.py'. Reloading...
INFO:uvicorn.error:Shutting down
INFO:uvicorn.error:Waiting for application shutdown.
INFO:uvicorn.error:Application shutdown complete.
INFO:uvicorn.error:Finished server process [26528]
INFO:uvicorn.error:Started server process [23092]
INFO:uvicorn.error:Waiting for application startup.
INFO:uvicorn.error:Application startup complete.
WARNING:uvicorn.error:WatchFiles detected changes in 'pixel_analysis.py'. Reloading...
INFO:uvicorn.error:Shutting down
INFO:uvicorn.error:Waiting for application shutdown.
INFO:uvicorn.error:Application shutdown complete.
INFO:uvicorn.error:Finished server process [23092]
INFO:uvicorn.error:Started server process [17344]
INFO:uvicorn.error:Waiting for application startup.
INFO:uvicorn.error:Application startup complete.
WARNING:uvicorn.error:WatchFiles detected changes in 'pixel_analysis.py'. Reloading...
INFO:uvicorn.error:Shutting down
INFO:uvicorn.error:Waiting for application shutdown.
INFO:uvicorn.error:Application shutdown complete.
INFO:uvicorn.error:Finished server process [17344]
INFO:uvicorn.error:Started server process [9564]
INFO:uvicorn.error:Waiting for application startup.
INFO:uvicorn.error:Application startup complete.
WARNING:uvicorn.error:WatchFiles detected changes in 'pixel_analysis.py'. Reloading...
INFO:uvicorn.error:Shutting down
INFO:uvicorn.error:Waiting for application shutdown.
INFO:uvicorn.error:Application shutdown complete.
INFO:uvicorn.error:Finished server process [9564]
INFO:uvicorn.error:Started server process [9684]
INFO:uvicorn.error:Waiting for application startup.
INFO:uvicorn.error:Application startup complete.
WARNING:uvicorn.error:WatchFiles detected changes in 'main.py'. Reloading...
INFO:uvicorn.error:Shutting down
INFO:uvicorn.error:Waiting for application shutdown.
INFO:uvicorn.error:Application shutdown complete.
INFO:uvicorn.error:Finished server process [9684]
INFO:uvicorn.error:Started server process [22320]
INFO:uvicorn.error:Waiting for application startup.
INFO:uvicorn.error:Application startup complete.
WARNING:uvicorn.error:WatchFiles detected changes in 'pixel_analysis.py'. Reloading...
INFO:uvicorn.error:Shutting down
INFO:uvicorn.error:Waiting for application shutdown.
INFO:uvicorn.error:Application shutdown complete.
INFO:uvicorn.error:Finished server process [22320]
INFO:uvicorn.error:Started server process [25612]
INFO:uvicorn.error:Waiting for application startup.
INFO:uvicorn.error:Application startup complete.
WARNING:uvicorn.error:WatchFiles detected changes in 'pixel_analysis.py'. Reloading...
INFO:uvicorn.error:Shutting down
INFO:uvicorn.error:Waiting for application shutdown.
INFO:uvicorn.error:Application shutdown complete.
INFO:uvicorn.error:Finished server process [25612]
INFO:uvicorn.error:Started server process [23668]
INFO:uvicorn.error:Waiting for application startup.
INFO:uvicorn.error:Application startup complete.
WARNING:uvicorn.error:WatchFiles detected changes in 'main.py'. Reloading...
INFO:uvicorn.error:Shutting down
INFO:uvicorn.error:Waiting for application shutdown.
INFO:uvicorn.error:Application shutdown complete.
INFO:uvicorn.error:Finished server process [23668]
INFO:uvicorn.error:Started server process [13548]
INFO:uvicorn.error:Waiting for application startup.
INFO:uvicorn.error:Application startup complete.
WARNING:uvicorn.error:WatchFiles detected changes in 'main.py'. Reloading...
INFO:uvicorn.error:Shutting down
INFO:uvicorn.error:Waiting for application shutdown.
INFO:uvicorn.error:Application shutdown complete.
INFO:uvicorn.error:Finished server process [13548]
INFO:uvicorn.error:Started server process [19032]
INFO:uvicorn.error:Waiting for application startup.
INFO:uvicorn.error:Application startup complete.
WARNING:uvicorn.error:WatchFiles detected changes in 'pixel_analysis.py'. Reloading...
INFO:uvicorn.error:Shutting down
INFO:uvicorn.error:Waiting for application shutdown.
INFO:uvicorn.error:Application shutdown complete.
INFO:uvicorn.error:Finished server process [19032]
INFO:uvicorn.error:Started server process [24880]
INFO:uvicorn.error:Waiting for application startup.
INFO:uvicorn.error:Application startup complete.
WARNING:uvicorn.error:WatchFiles detected changes in 'main.py'. Reloading...
INFO:uvicorn.error:Shutting down
INFO:uvicorn.error:Waiting for application shutdown.
INFO:uvicorn.error:Application shutdown complete.
INFO:uvicorn.error:Finished server process [24880]
INFO:uvicorn.error:Started server process [10908]
INFO:uvicorn.error:Waiting for application startup.
INFO:uvicorn.error:Application startup complete.
WARNING:uvicorn.error:WatchFiles detected changes in 'pixel_analysis.py'. Reloading...
INFO:uvicorn.error:Shutting down
INFO:uvicorn.error:Waiting for application shutdown.
INFO:uvicorn.error:Application shutdown complete.
INFO:uvicorn.error:Finished server process [10908]
INFO:uvicorn.error:Started server process [23816]
INFO:uvicorn.error:Waiting for application startup.
INFO:uvicorn.error:Application startup complete.
WARNING:uvicorn.error:WatchFiles detected changes in 'pixel_analysis.py'. Reloading...
INFO:uvicorn.error:Shutting down
INFO:uvicorn.error:Waiting for application shutdown.
INFO:uvicorn.error:Application shutdown complete.
INFO:uvicorn.error:Finished server process [23816]
INFO:uvicorn.error:Started server process [13812]
INFO:uvicorn.error:Waiting for application startup.
INFO:uvicorn.error:Application startup complete.
WARNING:uvicorn.error:WatchFiles detected changes in 'pixel_analysis.py'. Reloading...
INFO:uvicorn.error:Shutting down
INFO:uvicorn.error:Waiting for application shutdown.
INFO:uvicorn.error:Application shutdown complete.
INFO:uvicorn.error:Finished server process [13812]
INFO:uvicorn.error:Started server process [23444]
INFO:uvicorn.error:Waiting for application startup.
INFO:uvicorn.error:Application startup complete.
WARNING:uvicorn.error:WatchFiles detected changes in 'pixel_analysis.py'. Reloading...
INFO:uvicorn.error:Shutting down
INFO:uvicorn.error:Waiting for application shutdown.
INFO:uvicorn.error:Application shutdown complete.
INFO:uvicorn.error:Finished server process [23444]
INFO:uvicorn.error:Started server process [23624]
INFO:uvicorn.error:Waiting for application startup.
INFO:uvicorn.error:Application startup complete.
WARNING:uvicorn.error:WatchFiles detected changes in 'pixel_analysis.py'. Reloading...
INFO:uvicorn.error:Shutting down
INFO:uvicorn.error:Waiting for application shutdown.
INFO:uvicorn.error:Application shutdown complete.
INFO:uvicorn.error:Finished server process [23624]
INFO:uvicorn.error:Started server process [24824]
INFO:uvicorn.error:Waiting for application startup.
INFO:uvicorn.error:Application startup complete.
WARNING:uvicorn.error:WatchFiles detected changes in 'pixel_analysis.py'. Reloading...
INFO:uvicorn.error:Shutting down
INFO:uvicorn.error:Waiting for application shutdown.
INFO:uvicorn.error:Application shutdown complete.
INFO:uvicorn.error:Finished server process [24824]
INFO:uvicorn.error:Started server process [11736]
INFO:uvicorn.error:Waiting for application startup.
INFO:uvicorn.error:Application startup complete.
WARNING:uvicorn.error:WatchFiles detected changes in 'pixel_analysis.py'. Reloading...
INFO:uvicorn.error:Shutting down
INFO:uvicorn.error:Waiting for application shutdown.
INFO:uvicorn.error:Application shutdown complete.
INFO:uvicorn.error:Finished server process [11736]
INFO:uvicorn.error:Started server process [26496]
INFO:uvicorn.error:Waiting for application startup.
INFO:uvicorn.error:Application startup complete.
WARNING:uvicorn.error:WatchFiles detected changes in 'pixel_analysis.py'. Reloading...
INFO:uvicorn.error:Shutting down
INFO:uvicorn.error:Waiting for application shutdown.
INFO:uvicorn.error:Application shutdown complete.
INFO:uvicorn.error:Finished server process [26496]
INFO:uvicorn.error:Started server process [15644]
INFO:uvicorn.error:Waiting for application startup.
INFO:uvicorn.error:Application startup complete.
WARNING:uvicorn.error:WatchFiles detected changes in 'main.py'. Reloading...
INFO:uvicorn.error:Shutting down
INFO:uvicorn.error:Waiting for application shutdown.
INFO:uvicorn.error:Application shutdown complete.
INFO:uvicorn.error:Finished server process [15644]
INFO:uvicorn.error:Started server process [24028]
INFO:uvicorn.error:Waiting for application startup.
INFO:uvicorn.error:Application startup complete.
WARNING:uvicorn.error:WatchFiles detected changes in 'pixel_analysis.py'. Reloading...
INFO:uvicorn.error:Shutting down
INFO:uvicorn.error:Waiting for application shutdown.
INFO:uvicorn.error:Application shutdown complete.
INFO:uvicorn.error:Finished server process [24028]
WARNING:uvicorn.error:WatchFiles detected changes in 'pixel_analysis.py'. Reloading...
WARNING:uvicorn.error:WatchFiles detected changes in 'pixel_analysis.py'. Reloading...
INFO:uvicorn.error:Started server process [26000]
INFO:uvicorn.error:Waiting for application startup.
INFO:uvicorn.error:Application startup complete.
WARNING:uvicorn.error:WatchFiles detected changes in 'pixel_analysis.py'. Reloading...
INFO:uvicorn.error:Shutting down
INFO:uvicorn.error:Waiting for application shutdown.
INFO:uvicorn.error:Application shutdown complete.
INFO:uvicorn.error:Finished server process [26000]
INFO:uvicorn.error:Started server process [18912]
INFO:uvicorn.error:Waiting for application startup.
INFO:uvicorn.error:Application startup complete.
WARNING:uvicorn.error:WatchFiles detected changes in 'pixel_analysis.py'. Reloading...
INFO:uvicorn.error:Shutting down
INFO:uvicorn.error:Waiting for application shutdown.
INFO:uvicorn.error:Application shutdown complete.
INFO:uvicorn.error:Finished server process [18912]
WARNING:uvicorn.error:WatchFiles detected changes in 'pixel_analysis.py'. Reloading...
WARNING:uvicorn.error:WatchFiles detected changes in 'pixel_analysis.py'. Reloading...
INFO:uvicorn.error:Started server process [25748]
INFO:uvicorn.error:Waiting for application startup.
INFO:uvicorn.error:Application startup complete.
WARNING:uvicorn.error:WatchFiles detected changes in 'pixel_analysis.py'. Reloading...
INFO:uvicorn.error:Shutting down
INFO:uvicorn.error:Waiting for application shutdown.
INFO:uvicorn.error:Application shutdown complete.
INFO:uvicorn.error:Finished server process [25748]
INFO:uvicorn.error:Started server process [6848]
INFO:uvicorn.error:Waiting for application startup.
INFO:uvicorn.error:Application startup complete.
WARNING:uvicorn.error:WatchFiles detected changes in 'pixel_analysis.py'. Reloading...
INFO:uvicorn.error:Shutting down
INFO:uvicorn.error:Waiting for application shutdown.
INFO:uvicorn.error:Application shutdown complete.
INFO:uvicorn.error:Finished server process [6848]
INFO:uvicorn.error:Started server process [20468]
INFO:uvicorn.error:Waiting for application startup.
INFO:uvicorn.error:Application startup complete.
WARNING:uvicorn.error:WatchFiles detected changes in 'pixel_analysis.py'. Reloading...
INFO:uvicorn.error:Shutting down
INFO:uvicorn.error:Waiting for application shutdown.
INFO:uvicorn.error:Application shutdown complete.
INFO:uvicorn.error:Finished server process [20468]
INFO:uvicorn.error:Started server process [23016]
INFO:uvicorn.error:Waiting for application startup.
INFO:uvicorn.error:Application startup complete.
WARNING:uvicorn.error:WatchFiles detected changes in 'pixel_analysis.py'. Reloading...
INFO:uvicorn.error:Shutting down
INFO:uvicorn.error:Waiting for application shutdown.
INFO:uvicorn.error:Application shutdown complete.
INFO:uvicorn.error:Finished server process [23016]
INFO:uvicorn.error:Started server process [7804]
INFO:uvicorn.error:Waiting for application startup.
INFO:uvicorn.error:Application startup complete.
WARNING:uvicorn.error:WatchFiles detected changes in 'pixel_analysis.py'. Reloading...
INFO:uvicorn.error:Shutting down
INFO:uvicorn.error:Waiting for application shutdown.
INFO:uvicorn.error:Application shutdown complete.
INFO:uvicorn.error:Finished server process [7804]
INFO:uvicorn.error:Started server process [23228]
INFO:uvicorn.error:Waiting for application startup.
INFO:uvicorn.error:Application startup complete.
WARNING:uvicorn.error:WatchFiles detected changes in 'pixel_analysis.py'. Reloading...
INFO:uvicorn.error:Shutting down
INFO:uvicorn.error:Waiting for application shutdown.
INFO:uvicorn.error:Application shutdown complete.
INFO:uvicorn.error:Finished server process [23228]
INFO:uvicorn.error:Started server process [24300]
INFO:uvicorn.error:Waiting for application startup.
INFO:uvicorn.error:Application startup complete.
WARNING:uvicorn.error:WatchFiles detected changes in 'pixel_analysis.py'. Reloading...
INFO:uvicorn.error:Shutting down
INFO:uvicorn.error:Waiting for application shutdown.
INFO:uvicorn.error:Application shutdown complete.
INFO:uvicorn.error:Finished server process [24300]
INFO:uvicorn.error:Started server process [1684]
INFO:uvicorn.error:Waiting for application startup.
INFO:uvicorn.error:Application startup complete.
WARNING:uvicorn.error:WatchFiles detected changes in 'pixel_analysis.py'. Reloading...
INFO:uvicorn.error:Shutting down
INFO:uvicorn.error:Waiting for application shutdown.
INFO:uvicorn.error:Application shutdown complete.
INFO:uvicorn.error:Finished server process [1684]
INFO:uvicorn.error:Started server process [24640]
INFO:uvicorn.error:Waiting for application startup.
INFO:uvicorn.error:Application startup complete.
WARNING:uvicorn.error:WatchFiles detected changes in 'pixel_analysis.py'. Reloading...
INFO:uvicorn.error:Shutting down
INFO:uvicorn.error:Waiting for application shutdown.
INFO:uvicorn.error:Application shutdown complete.
INFO:uvicorn.error:Finished server process [24640]
INFO:uvicorn.error:Started server process [23724]
INFO:uvicorn.error:Waiting for application startup.
INFO:uvicorn.error:Application startup complete.
WARNING:uvicorn.error:WatchFiles detected changes in 'pixel_analysis.py'. Reloading...
INFO:uvicorn.error:Shutting down
INFO:uvicorn.error:Waiting for application shutdown.
INFO:uvicorn.error:Application shutdown complete.
INFO:uvicorn.error:Finished server process [23724]
INFO:uvicorn.error:Started server process [23896]
INFO:uvicorn.error:Waiting for application startup.
INFO:uvicorn.error:Application startup complete.
WARNING:uvicorn.error:WatchFiles detected changes in 'pixel_analysis.py'. Reloading...
INFO:uvicorn.error:Shutting down
INFO:uvicorn.error:Waiting for application shutdown.
INFO:uvicorn.error:Application shutdown complete.
INFO:uvicorn.error:Finished server process [23896]
INFO:uvicorn.error:Started server process [24300]
INFO:uvicorn.error:Waiting for application startup.
INFO:uvicorn.error:Application startup complete.
WARNING:uvicorn.error:WatchFiles detected changes in 'pixel_analysis.py'. Reloading...
INFO:uvicorn.error:Shutting down
INFO:uvicorn.error:Waiting for application shutdown.
INFO:uvicorn.error:Application shutdown complete.
INFO:uvicorn.error:Finished server process [24300]
INFO:uvicorn.error:Started server process [7044]
INFO:uvicorn.error:Waiting for application startup.
INFO:uvicorn.error:Application startup complete.
WARNING:uvicorn.error:WatchFiles detected changes in 'pixel_analysis.py'. Reloading...
INFO:uvicorn.error:Shutting down
INFO:uvicorn.error:Waiting for application shutdown.
INFO:uvicorn.error:Application shutdown complete.
INFO:uvicorn.error:Finished server process [7044]
INFO:uvicorn.error:Started server process [13096]
INFO:uvicorn.error:Waiting for application startup.
INFO:uvicorn.error:Application startup complete.
WARNING:uvicorn.error:WatchFiles detected changes in 'pixel_analysis.py'. Reloading...
INFO:uvicorn.error:Shutting down
INFO:uvicorn.error:Waiting for application shutdown.
INFO:uvicorn.error:Application shutdown complete.
INFO:uvicorn.error:Finished server process [13096]
WARNING:uvicorn.error:WatchFiles detected changes in 'pixel_analysis.py'. Reloading...
INFO:uvicorn.error:Started server process [12820]
INFO:uvicorn.error:Waiting for application startup.
INFO:uvicorn.error:Application startup complete.
ERROR:uvicorn.error:Traceback (most recent call last):
  File "C:\Users\marcoleung\AppData\Local\Programs\Python\Python39\lib\asyncio\runners.py", line 44, in run
    return loop.run_until_complete(main)
  File "C:\Users\marcoleung\AppData\Local\Programs\Python\Python39\lib\asyncio\base_events.py", line 634, in run_until_complete
    self.run_forever()
  File "C:\Users\marcoleung\AppData\Local\Programs\Python\Python39\lib\asyncio\base_events.py", line 601, in run_forever
    self._run_once()
  File "C:\Users\marcoleung\AppData\Local\Programs\Python\Python39\lib\asyncio\base_events.py", line 1905, in _run_once
    handle._run()
  File "C:\Users\marcoleung\AppData\Local\Programs\Python\Python39\lib\asyncio\events.py", line 80, in _run
    self._context.run(self._callback, *self._args)
  File "C:\Users\marcoleung\Desktop\Fraud Detection Tool\Fraud Document Detector\01_Source_Code\myenv\lib\site-packages\uvicorn\server.py", line 71, in serve
    await self._serve(sockets)
  File "C:\Users\marcoleung\AppData\Local\Programs\Python\Python39\lib\contextlib.py", line 126, in __exit__
    next(self.gen)
  File "C:\Users\marcoleung\Desktop\Fraud Detection Tool\Fraud Document Detector\01_Source_Code\myenv\lib\site-packages\uvicorn\server.py", line 331, in capture_signals
    signal.raise_signal(captured_signal)
KeyboardInterrupt

During handling of the above exception, another exception occurred:

Traceback (most recent call last):
  File "C:\Users\marcoleung\Desktop\Fraud Detection Tool\Fraud Document Detector\01_Source_Code\myenv\lib\site-packages\starlette\routing.py", line 700, in lifespan
    await receive()
  File "C:\Users\marcoleung\Desktop\Fraud Detection Tool\Fraud Document Detector\01_Source_Code\myenv\lib\site-packages\uvicorn\lifespan\on.py", line 137, in receive
    return await self.receive_queue.get()
  File "C:\Users\marcoleung\AppData\Local\Programs\Python\Python39\lib\asyncio\queues.py", line 166, in get
    await getter
asyncio.exceptions.CancelledError

WARNING:uvicorn.error:WatchFiles detected changes in 'pixel_analysis.py'. Reloading...
INFO:uvicorn.error:Started server process [8300]
INFO:uvicorn.error:Waiting for application startup.
INFO:uvicorn.error:Application startup complete.
ERROR:uvicorn.error:Traceback (most recent call last):
  File "C:\Users\marcoleung\AppData\Local\Programs\Python\Python39\lib\asyncio\runners.py", line 44, in run
    return loop.run_until_complete(main)
  File "C:\Users\marcoleung\AppData\Local\Programs\Python\Python39\lib\asyncio\base_events.py", line 634, in run_until_complete
    self.run_forever()
  File "C:\Users\marcoleung\AppData\Local\Programs\Python\Python39\lib\asyncio\base_events.py", line 601, in run_forever
    self._run_once()
  File "C:\Users\marcoleung\AppData\Local\Programs\Python\Python39\lib\asyncio\base_events.py", line 1905, in _run_once
    handle._run()
  File "C:\Users\marcoleung\AppData\Local\Programs\Python\Python39\lib\asyncio\events.py", line 80, in _run
    self._context.run(self._callback, *self._args)
  File "C:\Users\marcoleung\Desktop\Fraud Detection Tool\Fraud Document Detector\01_Source_Code\myenv\lib\site-packages\uvicorn\server.py", line 71, in serve
    await self._serve(sockets)
  File "C:\Users\marcoleung\AppData\Local\Programs\Python\Python39\lib\contextlib.py", line 126, in __exit__
    next(self.gen)
  File "C:\Users\marcoleung\Desktop\Fraud Detection Tool\Fraud Document Detector\01_Source_Code\myenv\lib\site-packages\uvicorn\server.py", line 331, in capture_signals
    signal.raise_signal(captured_signal)
KeyboardInterrupt

During handling of the above exception, another exception occurred:

Traceback (most recent call last):
  File "C:\Users\marcoleung\Desktop\Fraud Detection Tool\Fraud Document Detector\01_Source_Code\myenv\lib\site-packages\starlette\routing.py", line 700, in lifespan
    await receive()
  File "C:\Users\marcoleung\Desktop\Fraud Detection Tool\Fraud Document Detector\01_Source_Code\myenv\lib\site-packages\uvicorn\lifespan\on.py", line 137, in receive
    return await self.receive_queue.get()
  File "C:\Users\marcoleung\AppData\Local\Programs\Python\Python39\lib\asyncio\queues.py", line 166, in get
    await getter
asyncio.exceptions.CancelledError

WARNING:uvicorn.error:WatchFiles detected changes in 'pixel_analysis.py'. Reloading...
INFO:uvicorn.error:Started server process [22652]
INFO:uvicorn.error:Waiting for application startup.
INFO:uvicorn.error:Application startup complete.
ERROR:uvicorn.error:Traceback (most recent call last):
  File "C:\Users\marcoleung\AppData\Local\Programs\Python\Python39\lib\asyncio\runners.py", line 44, in run
    return loop.run_until_complete(main)
  File "C:\Users\marcoleung\AppData\Local\Programs\Python\Python39\lib\asyncio\base_events.py", line 634, in run_until_complete
    self.run_forever()
  File "C:\Users\marcoleung\AppData\Local\Programs\Python\Python39\lib\asyncio\base_events.py", line 601, in run_forever
    self._run_once()
  File "C:\Users\marcoleung\AppData\Local\Programs\Python\Python39\lib\asyncio\base_events.py", line 1905, in _run_once
    handle._run()
  File "C:\Users\marcoleung\AppData\Local\Programs\Python\Python39\lib\asyncio\events.py", line 80, in _run
    self._context.run(self._callback, *self._args)
  File "C:\Users\marcoleung\Desktop\Fraud Detection Tool\Fraud Document Detector\01_Source_Code\myenv\lib\site-packages\uvicorn\server.py", line 71, in serve
    await self._serve(sockets)
  File "C:\Users\marcoleung\AppData\Local\Programs\Python\Python39\lib\contextlib.py", line 126, in __exit__
    next(self.gen)
  File "C:\Users\marcoleung\Desktop\Fraud Detection Tool\Fraud Document Detector\01_Source_Code\myenv\lib\site-packages\uvicorn\server.py", line 331, in capture_signals
    signal.raise_signal(captured_signal)
KeyboardInterrupt

During handling of the above exception, another exception occurred:

Traceback (most recent call last):
  File "C:\Users\marcoleung\Desktop\Fraud Detection Tool\Fraud Document Detector\01_Source_Code\myenv\lib\site-packages\starlette\routing.py", line 700, in lifespan
    await receive()
  File "C:\Users\marcoleung\Desktop\Fraud Detection Tool\Fraud Document Detector\01_Source_Code\myenv\lib\site-packages\uvicorn\lifespan\on.py", line 137, in receive
    return await self.receive_queue.get()
  File "C:\Users\marcoleung\AppData\Local\Programs\Python\Python39\lib\asyncio\queues.py", line 166, in get
    await getter
asyncio.exceptions.CancelledError

INFO:uvicorn.error:Started server process [12664]
INFO:uvicorn.error:Waiting for application startup.
INFO:uvicorn.error:Application startup complete.
WARNING:uvicorn.error:WatchFiles detected changes in 'pixel_analysis.py'. Reloading...
INFO:uvicorn.error:Shutting down
INFO:uvicorn.error:Waiting for application shutdown.
INFO:uvicorn.error:Application shutdown complete.
INFO:uvicorn.error:Finished server process [12664]
INFO:uvicorn.error:Started server process [25964]
INFO:uvicorn.error:Waiting for application startup.
INFO:uvicorn.error:Application startup complete.
WARNING:uvicorn.error:WatchFiles detected changes in 'pixel_analysis.py'. Reloading...
INFO:uvicorn.error:Shutting down
INFO:uvicorn.error:Waiting for application shutdown.
INFO:uvicorn.error:Application shutdown complete.
INFO:uvicorn.error:Finished server process [25964]
INFO:uvicorn.error:Started server process [25692]
INFO:uvicorn.error:Waiting for application startup.
INFO:uvicorn.error:Application startup complete.
WARNING:uvicorn.error:WatchFiles detected changes in 'pixel_analysis.py'. Reloading...
INFO:uvicorn.error:Shutting down
INFO:uvicorn.error:Waiting for application shutdown.
INFO:uvicorn.error:Application shutdown complete.
INFO:uvicorn.error:Finished server process [25692]
INFO:uvicorn.error:Started server process [3644]
INFO:uvicorn.error:Waiting for application startup.
INFO:uvicorn.error:Application startup complete.
WARNING:uvicorn.error:WatchFiles detected changes in 'pixel_analysis.py'. Reloading...
INFO:uvicorn.error:Shutting down
INFO:uvicorn.error:Waiting for application shutdown.
INFO:uvicorn.error:Application shutdown complete.
INFO:uvicorn.error:Finished server process [3644]
INFO:uvicorn.error:Started server process [13940]
INFO:uvicorn.error:Waiting for application startup.
INFO:uvicorn.error:Application startup complete.
WARNING:uvicorn.error:WatchFiles detected changes in 'pixel_analysis.py'. Reloading...
INFO:uvicorn.error:Shutting down
INFO:uvicorn.error:Waiting for application shutdown.
INFO:uvicorn.error:Application shutdown complete.
INFO:uvicorn.error:Finished server process [13940]
INFO:uvicorn.error:Started server process [23416]
INFO:uvicorn.error:Waiting for application startup.
INFO:uvicorn.error:Application startup complete.
WARNING:uvicorn.error:WatchFiles detected changes in 'pixel_analysis.py'. Reloading...
INFO:uvicorn.error:Shutting down
INFO:uvicorn.error:Waiting for application shutdown.
INFO:uvicorn.error:Application shutdown complete.
INFO:uvicorn.error:Finished server process [23416]
WARNING:uvicorn.error:WatchFiles detected changes in 'pixel_analysis.py'. Reloading...
INFO:uvicorn.error:Started server process [12788]
INFO:uvicorn.error:Waiting for application startup.
INFO:uvicorn.error:Application startup complete.
ERROR:uvicorn.error:Traceback (most recent call last):
  File "C:\Users\marcoleung\AppData\Local\Programs\Python\Python39\lib\asyncio\runners.py", line 44, in run
    return loop.run_until_complete(main)
  File "C:\Users\marcoleung\AppData\Local\Programs\Python\Python39\lib\asyncio\base_events.py", line 634, in run_until_complete
    self.run_forever()
  File "C:\Users\marcoleung\AppData\Local\Programs\Python\Python39\lib\asyncio\base_events.py", line 601, in run_forever
    self._run_once()
  File "C:\Users\marcoleung\AppData\Local\Programs\Python\Python39\lib\asyncio\base_events.py", line 1905, in _run_once
    handle._run()
  File "C:\Users\marcoleung\AppData\Local\Programs\Python\Python39\lib\asyncio\events.py", line 80, in _run
    self._context.run(self._callback, *self._args)
  File "C:\Users\marcoleung\Desktop\Fraud Detection Tool\Fraud Document Detector\01_Source_Code\myenv\lib\site-packages\uvicorn\server.py", line 71, in serve
    await self._serve(sockets)
  File "C:\Users\marcoleung\AppData\Local\Programs\Python\Python39\lib\contextlib.py", line 126, in __exit__
    next(self.gen)
  File "C:\Users\marcoleung\Desktop\Fraud Detection Tool\Fraud Document Detector\01_Source_Code\myenv\lib\site-packages\uvicorn\server.py", line 331, in capture_signals
    signal.raise_signal(captured_signal)
KeyboardInterrupt

During handling of the above exception, another exception occurred:

Traceback (most recent call last):
  File "C:\Users\marcoleung\Desktop\Fraud Detection Tool\Fraud Document Detector\01_Source_Code\myenv\lib\site-packages\starlette\routing.py", line 700, in lifespan
    await receive()
  File "C:\Users\marcoleung\Desktop\Fraud Detection Tool\Fraud Document Detector\01_Source_Code\myenv\lib\site-packages\uvicorn\lifespan\on.py", line 137, in receive
    return await self.receive_queue.get()
  File "C:\Users\marcoleung\AppData\Local\Programs\Python\Python39\lib\asyncio\queues.py", line 166, in get
    await getter
asyncio.exceptions.CancelledError

WARNING:uvicorn.error:WatchFiles detected changes in 'pixel_analysis.py'. Reloading...
INFO:uvicorn.error:Started server process [26320]
INFO:uvicorn.error:Waiting for application startup.
INFO:uvicorn.error:Application startup complete.
ERROR:uvicorn.error:Traceback (most recent call last):
  File "C:\Users\marcoleung\AppData\Local\Programs\Python\Python39\lib\asyncio\runners.py", line 44, in run
    return loop.run_until_complete(main)
  File "C:\Users\marcoleung\AppData\Local\Programs\Python\Python39\lib\asyncio\base_events.py", line 634, in run_until_complete
    self.run_forever()
  File "C:\Users\marcoleung\AppData\Local\Programs\Python\Python39\lib\asyncio\base_events.py", line 601, in run_forever
    self._run_once()
  File "C:\Users\marcoleung\AppData\Local\Programs\Python\Python39\lib\asyncio\base_events.py", line 1905, in _run_once
    handle._run()
  File "C:\Users\marcoleung\AppData\Local\Programs\Python\Python39\lib\asyncio\events.py", line 80, in _run
    self._context.run(self._callback, *self._args)
  File "C:\Users\marcoleung\Desktop\Fraud Detection Tool\Fraud Document Detector\01_Source_Code\myenv\lib\site-packages\uvicorn\server.py", line 71, in serve
    await self._serve(sockets)
  File "C:\Users\marcoleung\AppData\Local\Programs\Python\Python39\lib\contextlib.py", line 126, in __exit__
    next(self.gen)
  File "C:\Users\marcoleung\Desktop\Fraud Detection Tool\Fraud Document Detector\01_Source_Code\myenv\lib\site-packages\uvicorn\server.py", line 331, in capture_signals
    signal.raise_signal(captured_signal)
KeyboardInterrupt

During handling of the above exception, another exception occurred:

Traceback (most recent call last):
  File "C:\Users\marcoleung\Desktop\Fraud Detection Tool\Fraud Document Detector\01_Source_Code\myenv\lib\site-packages\starlette\routing.py", line 700, in lifespan
    await receive()
  File "C:\Users\marcoleung\Desktop\Fraud Detection Tool\Fraud Document Detector\01_Source_Code\myenv\lib\site-packages\uvicorn\lifespan\on.py", line 137, in receive
    return await self.receive_queue.get()
  File "C:\Users\marcoleung\AppData\Local\Programs\Python\Python39\lib\asyncio\queues.py", line 166, in get
    await getter
asyncio.exceptions.CancelledError

WARNING:uvicorn.error:WatchFiles detected changes in 'pixel_analysis.py'. Reloading...
INFO:uvicorn.error:Started server process [6404]
INFO:uvicorn.error:Waiting for application startup.
INFO:uvicorn.error:Application startup complete.
ERROR:uvicorn.error:Traceback (most recent call last):
  File "C:\Users\marcoleung\AppData\Local\Programs\Python\Python39\lib\asyncio\runners.py", line 44, in run
    return loop.run_until_complete(main)
  File "C:\Users\marcoleung\AppData\Local\Programs\Python\Python39\lib\asyncio\base_events.py", line 634, in run_until_complete
    self.run_forever()
  File "C:\Users\marcoleung\AppData\Local\Programs\Python\Python39\lib\asyncio\base_events.py", line 601, in run_forever
    self._run_once()
  File "C:\Users\marcoleung\AppData\Local\Programs\Python\Python39\lib\asyncio\base_events.py", line 1905, in _run_once
    handle._run()
  File "C:\Users\marcoleung\AppData\Local\Programs\Python\Python39\lib\asyncio\events.py", line 80, in _run
    self._context.run(self._callback, *self._args)
  File "C:\Users\marcoleung\Desktop\Fraud Detection Tool\Fraud Document Detector\01_Source_Code\myenv\lib\site-packages\uvicorn\server.py", line 71, in serve
    await self._serve(sockets)
  File "C:\Users\marcoleung\AppData\Local\Programs\Python\Python39\lib\contextlib.py", line 126, in __exit__
    next(self.gen)
  File "C:\Users\marcoleung\Desktop\Fraud Detection Tool\Fraud Document Detector\01_Source_Code\myenv\lib\site-packages\uvicorn\server.py", line 331, in capture_signals
    signal.raise_signal(captured_signal)
KeyboardInterrupt

During handling of the above exception, another exception occurred:

Traceback (most recent call last):
  File "C:\Users\marcoleung\Desktop\Fraud Detection Tool\Fraud Document Detector\01_Source_Code\myenv\lib\site-packages\starlette\routing.py", line 700, in lifespan
    await receive()
  File "C:\Users\marcoleung\Desktop\Fraud Detection Tool\Fraud Document Detector\01_Source_Code\myenv\lib\site-packages\uvicorn\lifespan\on.py", line 137, in receive
    return await self.receive_queue.get()
  File "C:\Users\marcoleung\AppData\Local\Programs\Python\Python39\lib\asyncio\queues.py", line 166, in get
    await getter
asyncio.exceptions.CancelledError

INFO:uvicorn.error:Started server process [25000]
INFO:uvicorn.error:Waiting for application startup.
INFO:uvicorn.error:Application startup complete.
WARNING:uvicorn.error:WatchFiles detected changes in 'pixel_analysis.py'. Reloading...
INFO:uvicorn.error:Shutting down
INFO:uvicorn.error:Waiting for application shutdown.
INFO:uvicorn.error:Application shutdown complete.
INFO:uvicorn.error:Finished server process [25000]
INFO:uvicorn.error:Started server process [21876]
INFO:uvicorn.error:Waiting for application startup.
INFO:uvicorn.error:Application startup complete.
WARNING:uvicorn.error:WatchFiles detected changes in 'pixel_analysis.py'. Reloading...
INFO:uvicorn.error:Shutting down
INFO:uvicorn.error:Waiting for application shutdown.
INFO:uvicorn.error:Application shutdown complete.
INFO:uvicorn.error:Finished server process [21876]
INFO:uvicorn.error:Started server process [8524]
INFO:uvicorn.error:Waiting for application startup.
INFO:uvicorn.error:Application startup complete.
WARNING:uvicorn.error:WatchFiles detected changes in 'pixel_analysis.py'. Reloading...
INFO:uvicorn.error:Shutting down
INFO:uvicorn.error:Waiting for application shutdown.
INFO:uvicorn.error:Application shutdown complete.
INFO:uvicorn.error:Finished server process [8524]
INFO:uvicorn.error:Started server process [3356]
INFO:uvicorn.error:Waiting for application startup.
INFO:uvicorn.error:Application startup complete.
WARNING:uvicorn.error:WatchFiles detected changes in 'pixel_analysis.py'. Reloading...
INFO:uvicorn.error:Shutting down
INFO:uvicorn.error:Waiting for application shutdown.
INFO:uvicorn.error:Application shutdown complete.
INFO:uvicorn.error:Finished server process [3356]
INFO:uvicorn.error:Started server process [19012]
INFO:uvicorn.error:Waiting for application startup.
INFO:uvicorn.error:Application startup complete.
WARNING:uvicorn.error:WatchFiles detected changes in 'pixel_analysis.py'. Reloading...
INFO:uvicorn.error:Shutting down
INFO:uvicorn.error:Waiting for application shutdown.
INFO:uvicorn.error:Application shutdown complete.
INFO:uvicorn.error:Finished server process [19012]
INFO:uvicorn.error:Started server process [5148]
INFO:uvicorn.error:Waiting for application startup.
INFO:uvicorn.error:Application startup complete.
WARNING:uvicorn.error:WatchFiles detected changes in 'pixel_analysis.py'. Reloading...
INFO:uvicorn.error:Shutting down
INFO:uvicorn.error:Waiting for application shutdown.
INFO:uvicorn.error:Application shutdown complete.
INFO:uvicorn.error:Finished server process [5148]
INFO:uvicorn.error:Started server process [6300]
INFO:uvicorn.error:Waiting for application startup.
INFO:uvicorn.error:Application startup complete.
WARNING:uvicorn.error:WatchFiles detected changes in 'pixel_analysis.py'. Reloading...
INFO:uvicorn.error:Shutting down
INFO:uvicorn.error:Waiting for application shutdown.
INFO:uvicorn.error:Application shutdown complete.
INFO:uvicorn.error:Finished server process [6300]
INFO:uvicorn.error:Started server process [21388]
INFO:uvicorn.error:Waiting for application startup.
INFO:uvicorn.error:Application startup complete.
WARNING:uvicorn.error:WatchFiles detected changes in 'pixel_analysis.py'. Reloading...
INFO:uvicorn.error:Shutting down
INFO:uvicorn.error:Waiting for application shutdown.
INFO:uvicorn.error:Application shutdown complete.
INFO:uvicorn.error:Finished server process [21388]
INFO:uvicorn.error:Started server process [19188]
INFO:uvicorn.error:Waiting for application startup.
INFO:uvicorn.error:Application startup complete.
WARNING:uvicorn.error:WatchFiles detected changes in 'pixel_analysis.py'. Reloading...
INFO:uvicorn.error:Shutting down
INFO:uvicorn.error:Waiting for application shutdown.
INFO:uvicorn.error:Application shutdown complete.
INFO:uvicorn.error:Finished server process [19188]
INFO:uvicorn.error:Started server process [16140]
INFO:uvicorn.error:Waiting for application startup.
INFO:uvicorn.error:Application startup complete.
WARNING:uvicorn.error:WatchFiles detected changes in 'pixel_analysis.py'. Reloading...
INFO:uvicorn.error:Shutting down
INFO:uvicorn.error:Waiting for application shutdown.
INFO:uvicorn.error:Application shutdown complete.
INFO:uvicorn.error:Finished server process [16140]
INFO:uvicorn.error:Started server process [68]
INFO:uvicorn.error:Waiting for application startup.
INFO:uvicorn.error:Application startup complete.
WARNING:uvicorn.error:WatchFiles detected changes in 'pixel_analysis.py'. Reloading...
INFO:uvicorn.error:Shutting down
INFO:uvicorn.error:Waiting for application shutdown.
INFO:uvicorn.error:Application shutdown complete.
INFO:uvicorn.error:Finished server process [68]
INFO:uvicorn.error:Started server process [12300]
INFO:uvicorn.error:Waiting for application startup.
INFO:uvicorn.error:Application startup complete.
WARNING:uvicorn.error:WatchFiles detected changes in 'pixel_analysis.py'. Reloading...
INFO:uvicorn.error:Shutting down
INFO:uvicorn.error:Waiting for application shutdown.
INFO:uvicorn.error:Application shutdown complete.
INFO:uvicorn.error:Finished server process [12300]
INFO:uvicorn.error:Started server process [22404]
INFO:uvicorn.error:Waiting for application startup.
INFO:uvicorn.error:Application startup complete.
WARNING:uvicorn.error:WatchFiles detected changes in 'pixel_analysis.py'. Reloading...
INFO:uvicorn.error:Shutting down
INFO:uvicorn.error:Waiting for application shutdown.
INFO:uvicorn.error:Application shutdown complete.
INFO:uvicorn.error:Finished server process [22404]
WARNING:uvicorn.error:WatchFiles detected changes in 'pixel_analysis.py'. Reloading...
INFO:uvicorn.error:Started server process [26608]
INFO:uvicorn.error:Waiting for application startup.
INFO:uvicorn.error:Application startup complete.
ERROR:uvicorn.error:Traceback (most recent call last):
  File "C:\Users\marcoleung\AppData\Local\Programs\Python\Python39\lib\asyncio\runners.py", line 44, in run
    return loop.run_until_complete(main)
  File "C:\Users\marcoleung\AppData\Local\Programs\Python\Python39\lib\asyncio\base_events.py", line 634, in run_until_complete
    self.run_forever()
  File "C:\Users\marcoleung\AppData\Local\Programs\Python\Python39\lib\asyncio\base_events.py", line 601, in run_forever
    self._run_once()
  File "C:\Users\marcoleung\AppData\Local\Programs\Python\Python39\lib\asyncio\base_events.py", line 1905, in _run_once
    handle._run()
  File "C:\Users\marcoleung\AppData\Local\Programs\Python\Python39\lib\asyncio\events.py", line 80, in _run
    self._context.run(self._callback, *self._args)
  File "C:\Users\marcoleung\Desktop\Fraud Detection Tool\Fraud Document Detector\01_Source_Code\myenv\lib\site-packages\uvicorn\server.py", line 71, in serve
    await self._serve(sockets)
  File "C:\Users\marcoleung\AppData\Local\Programs\Python\Python39\lib\contextlib.py", line 126, in __exit__
    next(self.gen)
  File "C:\Users\marcoleung\Desktop\Fraud Detection Tool\Fraud Document Detector\01_Source_Code\myenv\lib\site-packages\uvicorn\server.py", line 331, in capture_signals
    signal.raise_signal(captured_signal)
KeyboardInterrupt

During handling of the above exception, another exception occurred:

Traceback (most recent call last):
  File "C:\Users\marcoleung\Desktop\Fraud Detection Tool\Fraud Document Detector\01_Source_Code\myenv\lib\site-packages\starlette\routing.py", line 700, in lifespan
    await receive()
  File "C:\Users\marcoleung\Desktop\Fraud Detection Tool\Fraud Document Detector\01_Source_Code\myenv\lib\site-packages\uvicorn\lifespan\on.py", line 137, in receive
    return await self.receive_queue.get()
  File "C:\Users\marcoleung\AppData\Local\Programs\Python\Python39\lib\asyncio\queues.py", line 166, in get
    await getter
asyncio.exceptions.CancelledError

WARNING:uvicorn.error:WatchFiles detected changes in 'pixel_analysis.py'. Reloading...
INFO:uvicorn.error:Started server process [25304]
INFO:uvicorn.error:Waiting for application startup.
INFO:uvicorn.error:Application startup complete.
WARNING:uvicorn.error:WatchFiles detected changes in 'main.py'. Reloading...
INFO:uvicorn.error:Shutting down
INFO:uvicorn.error:Waiting for application shutdown.
INFO:uvicorn.error:Application shutdown complete.
INFO:uvicorn.error:Finished server process [25304]
INFO:uvicorn.error:Started server process [2336]
INFO:uvicorn.error:Waiting for application startup.
INFO:uvicorn.error:Application startup complete.
WARNING:uvicorn.error:WatchFiles detected changes in 'main.py'. Reloading...
INFO:uvicorn.error:Shutting down
INFO:uvicorn.error:Waiting for application shutdown.
INFO:uvicorn.error:Application shutdown complete.
INFO:uvicorn.error:Finished server process [2336]
INFO:uvicorn.error:Started server process [24244]
INFO:uvicorn.error:Waiting for application startup.
INFO:uvicorn.error:Application startup complete.
WARNING:uvicorn.error:WatchFiles detected changes in 'main.py'. Reloading...
INFO:uvicorn.error:Shutting down
INFO:uvicorn.error:Waiting for application shutdown.
INFO:uvicorn.error:Application shutdown complete.
INFO:uvicorn.error:Finished server process [24244]
WARNING:uvicorn.error:WatchFiles detected changes in 'main.py'. Reloading...
INFO:uvicorn.error:Started server process [17696]
INFO:uvicorn.error:Waiting for application startup.
INFO:uvicorn.error:Application startup complete.
ERROR:uvicorn.error:Traceback (most recent call last):
  File "C:\Users\marcoleung\AppData\Local\Programs\Python\Python39\lib\asyncio\runners.py", line 44, in run
    return loop.run_until_complete(main)
  File "C:\Users\marcoleung\AppData\Local\Programs\Python\Python39\lib\asyncio\base_events.py", line 634, in run_until_complete
    self.run_forever()
  File "C:\Users\marcoleung\AppData\Local\Programs\Python\Python39\lib\asyncio\base_events.py", line 601, in run_forever
    self._run_once()
  File "C:\Users\marcoleung\AppData\Local\Programs\Python\Python39\lib\asyncio\base_events.py", line 1905, in _run_once
    handle._run()
  File "C:\Users\marcoleung\AppData\Local\Programs\Python\Python39\lib\asyncio\events.py", line 80, in _run
    self._context.run(self._callback, *self._args)
  File "C:\Users\marcoleung\Desktop\Fraud Detection Tool\Fraud Document Detector\01_Source_Code\myenv\lib\site-packages\uvicorn\server.py", line 71, in serve
    await self._serve(sockets)
  File "C:\Users\marcoleung\AppData\Local\Programs\Python\Python39\lib\contextlib.py", line 126, in __exit__
    next(self.gen)
  File "C:\Users\marcoleung\Desktop\Fraud Detection Tool\Fraud Document Detector\01_Source_Code\myenv\lib\site-packages\uvicorn\server.py", line 331, in capture_signals
    signal.raise_signal(captured_signal)
KeyboardInterrupt

During handling of the above exception, another exception occurred:

Traceback (most recent call last):
  File "C:\Users\marcoleung\Desktop\Fraud Detection Tool\Fraud Document Detector\01_Source_Code\myenv\lib\site-packages\starlette\routing.py", line 700, in lifespan
    await receive()
  File "C:\Users\marcoleung\Desktop\Fraud Detection Tool\Fraud Document Detector\01_Source_Code\myenv\lib\site-packages\uvicorn\lifespan\on.py", line 137, in receive
    return await self.receive_queue.get()
  File "C:\Users\marcoleung\AppData\Local\Programs\Python\Python39\lib\asyncio\queues.py", line 166, in get
    await getter
asyncio.exceptions.CancelledError

INFO:uvicorn.error:Started server process [17624]
INFO:uvicorn.error:Waiting for application startup.
INFO:uvicorn.error:Application startup complete.
WARNING:uvicorn.error:WatchFiles detected changes in 'main.py'. Reloading...
INFO:uvicorn.error:Shutting down
INFO:uvicorn.error:Waiting for application shutdown.
INFO:uvicorn.error:Application shutdown complete.
INFO:uvicorn.error:Finished server process [17624]
INFO:uvicorn.error:Started server process [24844]
INFO:uvicorn.error:Waiting for application startup.
INFO:uvicorn.error:Application startup complete.
WARNING:uvicorn.error:WatchFiles detected changes in 'main.py'. Reloading...
INFO:uvicorn.error:Shutting down
INFO:uvicorn.error:Waiting for application shutdown.
INFO:uvicorn.error:Application shutdown complete.
INFO:uvicorn.error:Finished server process [24844]
INFO:uvicorn.error:Started server process [2912]
INFO:uvicorn.error:Waiting for application startup.
INFO:uvicorn.error:Application startup complete.
WARNING:uvicorn.error:WatchFiles detected changes in 'pixel_analysis.py'. Reloading...
INFO:uvicorn.error:Shutting down
INFO:uvicorn.error:Waiting for application shutdown.
INFO:uvicorn.error:Application shutdown complete.
INFO:uvicorn.error:Finished server process [2912]
INFO:uvicorn.error:Started server process [25816]
INFO:uvicorn.error:Waiting for application startup.
INFO:uvicorn.error:Application startup complete.
WARNING:uvicorn.error:WatchFiles detected changes in 'main.py'. Reloading...
INFO:uvicorn.error:Shutting down
INFO:uvicorn.error:Waiting for application shutdown.
INFO:uvicorn.error:Application shutdown complete.
INFO:uvicorn.error:Finished server process [25816]
INFO:uvicorn.error:Started server process [20284]
INFO:uvicorn.error:Waiting for application startup.
INFO:uvicorn.error:Application startup complete.
WARNING:uvicorn.error:WatchFiles detected changes in 'pixel_analysis.py'. Reloading...
INFO:uvicorn.error:Shutting down
INFO:uvicorn.error:Waiting for application shutdown.
INFO:uvicorn.error:Application shutdown complete.
INFO:uvicorn.error:Finished server process [20284]
INFO:uvicorn.error:Started server process [19816]
INFO:uvicorn.error:Waiting for application startup.
INFO:uvicorn.error:Application startup complete.
WARNING:uvicorn.error:WatchFiles detected changes in 'main.py'. Reloading...
INFO:uvicorn.error:Shutting down
INFO:uvicorn.error:Waiting for application shutdown.
INFO:uvicorn.error:Application shutdown complete.
INFO:uvicorn.error:Finished server process [19816]
INFO:uvicorn.error:Started server process [8732]
INFO:uvicorn.error:Waiting for application startup.
INFO:uvicorn.error:Application startup complete.
WARNING:uvicorn.error:WatchFiles detected changes in 'pixel_analysis.py'. Reloading...
INFO:uvicorn.error:Shutting down
INFO:uvicorn.error:Waiting for application shutdown.
INFO:uvicorn.error:Application shutdown complete.
INFO:uvicorn.error:Finished server process [8732]
INFO:uvicorn.error:Started server process [3452]
INFO:uvicorn.error:Waiting for application startup.
INFO:uvicorn.error:Application startup complete.
WARNING:uvicorn.error:WatchFiles detected changes in 'pixel_analysis.py'. Reloading...
INFO:uvicorn.error:Shutting down
INFO:uvicorn.error:Waiting for application shutdown.
INFO:uvicorn.error:Application shutdown complete.
INFO:uvicorn.error:Finished server process [3452]
INFO:uvicorn.error:Started server process [18228]
INFO:uvicorn.error:Waiting for application startup.
INFO:uvicorn.error:Application startup complete.
WARNING:uvicorn.error:WatchFiles detected changes in 'pixel_analysis.py'. Reloading...
INFO:uvicorn.error:Shutting down
INFO:uvicorn.error:Waiting for application shutdown.
INFO:uvicorn.error:Application shutdown complete.
INFO:uvicorn.error:Finished server process [18228]
INFO:uvicorn.error:Started server process [11240]
INFO:uvicorn.error:Waiting for application startup.
INFO:uvicorn.error:Application startup complete.
WARNING:uvicorn.error:WatchFiles detected changes in 'pixel_analysis.py'. Reloading...
INFO:uvicorn.error:Shutting down
INFO:uvicorn.error:Waiting for application shutdown.
INFO:uvicorn.error:Application shutdown complete.
INFO:uvicorn.error:Finished server process [11240]
INFO:uvicorn.error:Started server process [21024]
INFO:uvicorn.error:Waiting for application startup.
INFO:uvicorn.error:Application startup complete.
WARNING:uvicorn.error:WatchFiles detected changes in 'pixel_analysis.py'. Reloading...
INFO:uvicorn.error:Shutting down
INFO:uvicorn.error:Waiting for application shutdown.
INFO:uvicorn.error:Application shutdown complete.
INFO:uvicorn.error:Finished server process [21024]
INFO:uvicorn.error:Started server process [12060]
INFO:uvicorn.error:Waiting for application startup.
INFO:uvicorn.error:Application startup complete.
WARNING:uvicorn.error:WatchFiles detected changes in 'pixel_analysis.py'. Reloading...
INFO:uvicorn.error:Shutting down
INFO:uvicorn.error:Waiting for application shutdown.
INFO:uvicorn.error:Application shutdown complete.
INFO:uvicorn.error:Finished server process [12060]
INFO:uvicorn.error:Started server process [2036]
INFO:uvicorn.error:Waiting for application startup.
INFO:uvicorn.error:Application startup complete.
WARNING:uvicorn.error:WatchFiles detected changes in 'pixel_analysis.py'. Reloading...
INFO:uvicorn.error:Shutting down
INFO:uvicorn.error:Waiting for application shutdown.
INFO:uvicorn.error:Application shutdown complete.
INFO:uvicorn.error:Finished server process [2036]
INFO:uvicorn.error:Started server process [19472]
INFO:uvicorn.error:Waiting for application startup.
INFO:uvicorn.error:Application startup complete.
WARNING:uvicorn.error:WatchFiles detected changes in 'pixel_analysis.py'. Reloading...
INFO:uvicorn.error:Shutting down
INFO:uvicorn.error:Waiting for application shutdown.
INFO:uvicorn.error:Application shutdown complete.
INFO:uvicorn.error:Finished server process [19472]
INFO:uvicorn.error:Started server process [20764]
INFO:uvicorn.error:Waiting for application startup.
INFO:uvicorn.error:Application startup complete.
WARNING:uvicorn.error:WatchFiles detected changes in 'pixel_analysis.py'. Reloading...
INFO:uvicorn.error:Shutting down
INFO:uvicorn.error:Waiting for application shutdown.
INFO:uvicorn.error:Application shutdown complete.
INFO:uvicorn.error:Finished server process [20764]
INFO:uvicorn.error:Started server process [23892]
INFO:uvicorn.error:Waiting for application startup.
INFO:uvicorn.error:Application startup complete.
WARNING:uvicorn.error:WatchFiles detected changes in 'pixel_analysis.py'. Reloading...
INFO:uvicorn.error:Shutting down
INFO:uvicorn.error:Waiting for application shutdown.
INFO:uvicorn.error:Application shutdown complete.
INFO:uvicorn.error:Finished server process [23892]
INFO:uvicorn.error:Started server process [5396]
INFO:uvicorn.error:Waiting for application startup.
INFO:uvicorn.error:Application startup complete.
WARNING:uvicorn.error:WatchFiles detected changes in 'pixel_analysis.py'. Reloading...
INFO:uvicorn.error:Shutting down
INFO:uvicorn.error:Waiting for application shutdown.
INFO:uvicorn.error:Application shutdown complete.
INFO:uvicorn.error:Finished server process [5396]
INFO:uvicorn.error:Started server process [23668]
INFO:uvicorn.error:Waiting for application startup.
INFO:uvicorn.error:Application startup complete.
WARNING:uvicorn.error:WatchFiles detected changes in 'pixel_analysis.py'. Reloading...
INFO:uvicorn.error:Shutting down
INFO:uvicorn.error:Waiting for application shutdown.
INFO:uvicorn.error:Application shutdown complete.
INFO:uvicorn.error:Finished server process [23668]
INFO:uvicorn.error:Started server process [19860]
INFO:uvicorn.error:Waiting for application startup.
INFO:uvicorn.error:Application startup complete.
WARNING:uvicorn.error:WatchFiles detected changes in 'pixel_analysis.py'. Reloading...
INFO:uvicorn.error:Shutting down
INFO:uvicorn.error:Waiting for application shutdown.
INFO:uvicorn.error:Application shutdown complete.
INFO:uvicorn.error:Finished server process [19860]
INFO:uvicorn.error:Started server process [19384]
INFO:uvicorn.error:Waiting for application startup.
INFO:uvicorn.error:Application startup complete.
WARNING:uvicorn.error:WatchFiles detected changes in 'pixel_analysis.py'. Reloading...
INFO:uvicorn.error:Shutting down
INFO:uvicorn.error:Waiting for application shutdown.
INFO:uvicorn.error:Application shutdown complete.
INFO:uvicorn.error:Finished server process [19384]
INFO:uvicorn.error:Started server process [6212]
INFO:uvicorn.error:Waiting for application startup.
INFO:uvicorn.error:Application startup complete.
WARNING:uvicorn.error:WatchFiles detected changes in 'pixel_analysis.py'. Reloading...
INFO:uvicorn.error:Shutting down
INFO:uvicorn.error:Waiting for application shutdown.
INFO:uvicorn.error:Application shutdown complete.
INFO:uvicorn.error:Finished server process [6212]
WARNING:uvicorn.error:WatchFiles detected changes in 'pixel_analysis.py'. Reloading...
INFO:uvicorn.error:Started server process [3308]
INFO:uvicorn.error:Waiting for application startup.
INFO:uvicorn.error:Application startup complete.
WARNING:uvicorn.error:WatchFiles detected changes in 'pixel_analysis.py'. Reloading...
INFO:uvicorn.error:Shutting down
INFO:uvicorn.error:Waiting for application shutdown.
INFO:uvicorn.error:Application shutdown complete.
INFO:uvicorn.error:Finished server process [3308]
INFO:uvicorn.error:Started server process [9696]
INFO:uvicorn.error:Waiting for application startup.
INFO:uvicorn.error:Application startup complete.
WARNING:uvicorn.error:WatchFiles detected changes in 'pixel_analysis.py'. Reloading...
INFO:uvicorn.error:Shutting down
INFO:uvicorn.error:Waiting for application shutdown.
INFO:uvicorn.error:Application shutdown complete.
INFO:uvicorn.error:Finished server process [9696]
INFO:uvicorn.error:Started server process [9176]
INFO:uvicorn.error:Waiting for application startup.
INFO:uvicorn.error:Application startup complete.
WARNING:uvicorn.error:WatchFiles detected changes in 'pixel_analysis.py'. Reloading...
INFO:uvicorn.error:Shutting down
INFO:uvicorn.error:Waiting for application shutdown.
INFO:uvicorn.error:Application shutdown complete.
INFO:uvicorn.error:Finished server process [9176]
INFO:uvicorn.error:Started server process [7028]
INFO:uvicorn.error:Waiting for application startup.
INFO:uvicorn.error:Application startup complete.
WARNING:uvicorn.error:WatchFiles detected changes in 'pixel_analysis.py'. Reloading...
INFO:uvicorn.error:Shutting down
INFO:uvicorn.error:Waiting for application shutdown.
INFO:uvicorn.error:Application shutdown complete.
INFO:uvicorn.error:Finished server process [7028]
INFO:uvicorn.error:Started server process [25352]
INFO:uvicorn.error:Waiting for application startup.
INFO:uvicorn.error:Application startup complete.
WARNING:uvicorn.error:WatchFiles detected changes in 'pixel_analysis.py'. Reloading...
INFO:uvicorn.error:Shutting down
INFO:uvicorn.error:Waiting for application shutdown.
INFO:uvicorn.error:Application shutdown complete.
INFO:uvicorn.error:Finished server process [25352]
INFO:uvicorn.error:Started server process [20596]
INFO:uvicorn.error:Waiting for application startup.
INFO:uvicorn.error:Application startup complete.
WARNING:uvicorn.error:WatchFiles detected changes in 'pixel_analysis.py'. Reloading...
INFO:uvicorn.error:Shutting down
INFO:uvicorn.error:Waiting for application shutdown.
INFO:uvicorn.error:Application shutdown complete.
INFO:uvicorn.error:Finished server process [20596]
INFO:uvicorn.error:Started server process [23472]
INFO:uvicorn.error:Waiting for application startup.
INFO:uvicorn.error:Application startup complete.
WARNING:uvicorn.error:WatchFiles detected changes in 'pixel_analysis.py'. Reloading...
INFO:uvicorn.error:Shutting down
INFO:uvicorn.error:Waiting for application shutdown.
INFO:uvicorn.error:Application shutdown complete.
INFO:uvicorn.error:Finished server process [23472]
INFO:uvicorn.error:Started server process [14024]
INFO:uvicorn.error:Waiting for application startup.
INFO:uvicorn.error:Application startup complete.
WARNING:uvicorn.error:WatchFiles detected changes in 'pixel_analysis.py'. Reloading...
INFO:uvicorn.error:Shutting down
INFO:uvicorn.error:Waiting for application shutdown.
INFO:uvicorn.error:Application shutdown complete.
INFO:uvicorn.error:Finished server process [14024]
INFO:uvicorn.error:Started server process [6252]
INFO:uvicorn.error:Waiting for application startup.
INFO:uvicorn.error:Application startup complete.
WARNING:uvicorn.error:WatchFiles detected changes in 'main.py'. Reloading...
INFO:uvicorn.error:Shutting down
INFO:uvicorn.error:Waiting for application shutdown.
INFO:uvicorn.error:Application shutdown complete.
INFO:uvicorn.error:Finished server process [6252]
INFO:uvicorn.error:Started server process [3480]
INFO:uvicorn.error:Waiting for application startup.
INFO:uvicorn.error:Application startup complete.
WARNING:uvicorn.error:WatchFiles detected changes in 'pixel_analysis.py'. Reloading...
INFO:uvicorn.error:Shutting down
INFO:uvicorn.error:Waiting for application shutdown.
INFO:uvicorn.error:Application shutdown complete.
INFO:uvicorn.error:Finished server process [3480]
INFO:uvicorn.error:Started server process [12328]
INFO:uvicorn.error:Waiting for application startup.
INFO:uvicorn.error:Application startup complete.
WARNING:uvicorn.error:WatchFiles detected changes in 'pixel_analysis.py'. Reloading...
INFO:uvicorn.error:Shutting down
INFO:uvicorn.error:Waiting for application shutdown.
INFO:uvicorn.error:Application shutdown complete.
INFO:uvicorn.error:Finished server process [12328]
WARNING:uvicorn.error:WatchFiles detected changes in 'pixel_analysis.py'. Reloading...
INFO:uvicorn.error:Started server process [23340]
INFO:uvicorn.error:Waiting for application startup.
INFO:uvicorn.error:Application startup complete.
ERROR:uvicorn.error:Traceback (most recent call last):
  File "C:\Users\marcoleung\AppData\Local\Programs\Python\Python39\lib\asyncio\runners.py", line 44, in run
    return loop.run_until_complete(main)
  File "C:\Users\marcoleung\AppData\Local\Programs\Python\Python39\lib\asyncio\base_events.py", line 634, in run_until_complete
    self.run_forever()
  File "C:\Users\marcoleung\AppData\Local\Programs\Python\Python39\lib\asyncio\base_events.py", line 601, in run_forever
    self._run_once()
  File "C:\Users\marcoleung\AppData\Local\Programs\Python\Python39\lib\asyncio\base_events.py", line 1905, in _run_once
    handle._run()
  File "C:\Users\marcoleung\AppData\Local\Programs\Python\Python39\lib\asyncio\events.py", line 80, in _run
    self._context.run(self._callback, *self._args)
  File "C:\Users\marcoleung\Desktop\Fraud Detection Tool\Fraud Document Detector\01_Source_Code\myenv\lib\site-packages\uvicorn\server.py", line 71, in serve
    await self._serve(sockets)
  File "C:\Users\marcoleung\AppData\Local\Programs\Python\Python39\lib\contextlib.py", line 126, in __exit__
    next(self.gen)
  File "C:\Users\marcoleung\Desktop\Fraud Detection Tool\Fraud Document Detector\01_Source_Code\myenv\lib\site-packages\uvicorn\server.py", line 331, in capture_signals
    signal.raise_signal(captured_signal)
KeyboardInterrupt

During handling of the above exception, another exception occurred:

Traceback (most recent call last):
  File "C:\Users\marcoleung\Desktop\Fraud Detection Tool\Fraud Document Detector\01_Source_Code\myenv\lib\site-packages\starlette\routing.py", line 700, in lifespan
    await receive()
  File "C:\Users\marcoleung\Desktop\Fraud Detection Tool\Fraud Document Detector\01_Source_Code\myenv\lib\site-packages\uvicorn\lifespan\on.py", line 137, in receive
    return await self.receive_queue.get()
  File "C:\Users\marcoleung\AppData\Local\Programs\Python\Python39\lib\asyncio\queues.py", line 166, in get
    await getter
asyncio.exceptions.CancelledError

WARNING:uvicorn.error:WatchFiles detected changes in 'pixel_analysis.py'. Reloading...
INFO:uvicorn.error:Started server process [7056]
INFO:uvicorn.error:Waiting for application startup.
INFO:uvicorn.error:Application startup complete.
ERROR:uvicorn.error:Traceback (most recent call last):
  File "C:\Users\marcoleung\AppData\Local\Programs\Python\Python39\lib\asyncio\runners.py", line 44, in run
    return loop.run_until_complete(main)
  File "C:\Users\marcoleung\AppData\Local\Programs\Python\Python39\lib\asyncio\base_events.py", line 634, in run_until_complete
    self.run_forever()
  File "C:\Users\marcoleung\AppData\Local\Programs\Python\Python39\lib\asyncio\base_events.py", line 601, in run_forever
    self._run_once()
  File "C:\Users\marcoleung\AppData\Local\Programs\Python\Python39\lib\asyncio\base_events.py", line 1905, in _run_once
    handle._run()
  File "C:\Users\marcoleung\AppData\Local\Programs\Python\Python39\lib\asyncio\events.py", line 80, in _run
    self._context.run(self._callback, *self._args)
  File "C:\Users\marcoleung\Desktop\Fraud Detection Tool\Fraud Document Detector\01_Source_Code\myenv\lib\site-packages\uvicorn\server.py", line 71, in serve
    await self._serve(sockets)
  File "C:\Users\marcoleung\AppData\Local\Programs\Python\Python39\lib\contextlib.py", line 126, in __exit__
    next(self.gen)
  File "C:\Users\marcoleung\Desktop\Fraud Detection Tool\Fraud Document Detector\01_Source_Code\myenv\lib\site-packages\uvicorn\server.py", line 331, in capture_signals
    signal.raise_signal(captured_signal)
KeyboardInterrupt

During handling of the above exception, another exception occurred:

Traceback (most recent call last):
  File "C:\Users\marcoleung\Desktop\Fraud Detection Tool\Fraud Document Detector\01_Source_Code\myenv\lib\site-packages\starlette\routing.py", line 700, in lifespan
    await receive()
  File "C:\Users\marcoleung\Desktop\Fraud Detection Tool\Fraud Document Detector\01_Source_Code\myenv\lib\site-packages\uvicorn\lifespan\on.py", line 137, in receive
    return await self.receive_queue.get()
  File "C:\Users\marcoleung\AppData\Local\Programs\Python\Python39\lib\asyncio\queues.py", line 166, in get
    await getter
asyncio.exceptions.CancelledError

INFO:uvicorn.error:Started server process [20420]
INFO:uvicorn.error:Waiting for application startup.
INFO:uvicorn.error:Application startup complete.
WARNING:uvicorn.error:WatchFiles detected changes in 'pixel_analysis.py'. Reloading...
INFO:uvicorn.error:Shutting down
INFO:uvicorn.error:Waiting for application shutdown.
INFO:uvicorn.error:Application shutdown complete.
INFO:uvicorn.error:Finished server process [20420]
INFO:uvicorn.error:Started server process [5460]
INFO:uvicorn.error:Waiting for application startup.
INFO:uvicorn.error:Application startup complete.
WARNING:uvicorn.error:WatchFiles detected changes in 'pixel_analysis.py'. Reloading...
INFO:uvicorn.error:Shutting down
INFO:uvicorn.error:Waiting for application shutdown.
INFO:uvicorn.error:Application shutdown complete.
INFO:uvicorn.error:Finished server process [5460]
INFO:uvicorn.error:Started server process [4496]
INFO:uvicorn.error:Waiting for application startup.
INFO:uvicorn.error:Application startup complete.
WARNING:uvicorn.error:WatchFiles detected changes in 'pixel_analysis.py'. Reloading...
INFO:uvicorn.error:Shutting down
INFO:uvicorn.error:Waiting for application shutdown.
INFO:uvicorn.error:Application shutdown complete.
INFO:uvicorn.error:Finished server process [4496]
INFO:uvicorn.error:Started server process [11436]
INFO:uvicorn.error:Waiting for application startup.
INFO:uvicorn.error:Application startup complete.
WARNING:uvicorn.error:WatchFiles detected changes in 'pixel_analysis.py'. Reloading...
INFO:uvicorn.error:Shutting down
INFO:uvicorn.error:Waiting for application shutdown.
INFO:uvicorn.error:Application shutdown complete.
INFO:uvicorn.error:Finished server process [11436]
INFO:uvicorn.error:Started server process [3892]
INFO:uvicorn.error:Waiting for application startup.
INFO:uvicorn.error:Application startup complete.
WARNING:uvicorn.error:WatchFiles detected changes in 'pixel_analysis.py'. Reloading...
INFO:uvicorn.error:Shutting down
INFO:uvicorn.error:Waiting for application shutdown.
INFO:uvicorn.error:Application shutdown complete.
INFO:uvicorn.error:Finished server process [3892]
INFO:uvicorn.error:Started server process [25372]
INFO:uvicorn.error:Waiting for application startup.
INFO:uvicorn.error:Application startup complete.
WARNING:uvicorn.error:WatchFiles detected changes in 'pixel_analysis.py'. Reloading...
INFO:uvicorn.error:Shutting down
INFO:uvicorn.error:Waiting for application shutdown.
INFO:uvicorn.error:Application shutdown complete.
INFO:uvicorn.error:Finished server process [25372]
INFO:uvicorn.error:Started server process [8040]
INFO:uvicorn.error:Waiting for application startup.
INFO:uvicorn.error:Application startup complete.
WARNING:uvicorn.error:WatchFiles detected changes in 'pixel_analysis.py'. Reloading...
INFO:uvicorn.error:Shutting down
INFO:uvicorn.error:Waiting for application shutdown.
INFO:uvicorn.error:Application shutdown complete.
INFO:uvicorn.error:Finished server process [8040]
INFO:uvicorn.error:Started server process [23628]
INFO:uvicorn.error:Waiting for application startup.
INFO:uvicorn.error:Application startup complete.
WARNING:uvicorn.error:WatchFiles detected changes in 'pixel_analysis.py'. Reloading...
INFO:uvicorn.error:Shutting down
INFO:uvicorn.error:Waiting for application shutdown.
INFO:uvicorn.error:Application shutdown complete.
INFO:uvicorn.error:Finished server process [23628]
INFO:uvicorn.error:Started server process [20276]
INFO:uvicorn.error:Waiting for application startup.
INFO:uvicorn.error:Application startup complete.
WARNING:uvicorn.error:WatchFiles detected changes in 'pixel_analysis.py'. Reloading...
INFO:uvicorn.error:Shutting down
INFO:uvicorn.error:Waiting for application shutdown.
INFO:uvicorn.error:Application shutdown complete.
INFO:uvicorn.error:Finished server process [20276]
INFO:uvicorn.error:Started server process [4764]
INFO:uvicorn.error:Waiting for application startup.
INFO:uvicorn.error:Application startup complete.
WARNING:uvicorn.error:WatchFiles detected changes in 'pixel_analysis.py'. Reloading...
INFO:uvicorn.error:Shutting down
INFO:uvicorn.error:Waiting for application shutdown.
INFO:uvicorn.error:Application shutdown complete.
INFO:uvicorn.error:Finished server process [4764]
INFO:uvicorn.error:Started server process [15668]
INFO:uvicorn.error:Waiting for application startup.
INFO:uvicorn.error:Application startup complete.
WARNING:uvicorn.error:WatchFiles detected changes in 'pixel_analysis.py'. Reloading...
INFO:uvicorn.error:Shutting down
INFO:uvicorn.error:Waiting for application shutdown.
INFO:uvicorn.error:Application shutdown complete.
INFO:uvicorn.error:Finished server process [15668]
INFO:uvicorn.error:Started server process [24372]
INFO:uvicorn.error:Waiting for application startup.
INFO:uvicorn.error:Application startup complete.
WARNING:uvicorn.error:WatchFiles detected changes in 'pixel_analysis.py'. Reloading...
INFO:uvicorn.error:Shutting down
INFO:uvicorn.error:Waiting for application shutdown.
INFO:uvicorn.error:Application shutdown complete.
INFO:uvicorn.error:Finished server process [24372]
INFO:uvicorn.error:Started server process [18224]
INFO:uvicorn.error:Waiting for application startup.
INFO:uvicorn.error:Application startup complete.
WARNING:uvicorn.error:WatchFiles detected changes in 'pixel_analysis.py'. Reloading...
INFO:uvicorn.error:Shutting down
INFO:uvicorn.error:Waiting for application shutdown.
INFO:uvicorn.error:Application shutdown complete.
INFO:uvicorn.error:Finished server process [18224]
INFO:uvicorn.error:Started server process [22464]
INFO:uvicorn.error:Waiting for application startup.
INFO:uvicorn.error:Application startup complete.
WARNING:uvicorn.error:WatchFiles detected changes in 'pixel_analysis.py'. Reloading...
INFO:uvicorn.error:Shutting down
INFO:uvicorn.error:Waiting for application shutdown.
INFO:uvicorn.error:Application shutdown complete.
INFO:uvicorn.error:Finished server process [22464]
INFO:uvicorn.error:Started server process [22696]
INFO:uvicorn.error:Waiting for application startup.
INFO:uvicorn.error:Application startup complete.
WARNING:uvicorn.error:WatchFiles detected changes in 'pixel_analysis.py'. Reloading...
INFO:uvicorn.error:Shutting down
INFO:uvicorn.error:Waiting for application shutdown.
INFO:uvicorn.error:Application shutdown complete.
INFO:uvicorn.error:Finished server process [22696]
INFO:uvicorn.error:Started server process [12992]
INFO:uvicorn.error:Waiting for application startup.
INFO:uvicorn.error:Application startup complete.
WARNING:uvicorn.error:WatchFiles detected changes in 'pixel_analysis.py'. Reloading...
INFO:uvicorn.error:Shutting down
INFO:uvicorn.error:Waiting for application shutdown.
INFO:uvicorn.error:Application shutdown complete.
INFO:uvicorn.error:Finished server process [12992]
WARNING:uvicorn.error:WatchFiles detected changes in 'pixel_analysis.py'. Reloading...
INFO:uvicorn.error:Started server process [24024]
INFO:uvicorn.error:Waiting for application startup.
INFO:uvicorn.error:Application startup complete.
WARNING:uvicorn.error:WatchFiles detected changes in 'pixel_analysis.py'. Reloading...
INFO:uvicorn.error:Shutting down
INFO:uvicorn.error:Waiting for application shutdown.
INFO:uvicorn.error:Application shutdown complete.
INFO:uvicorn.error:Finished server process [24024]
INFO:uvicorn.error:Started server process [18996]
INFO:uvicorn.error:Waiting for application startup.
INFO:uvicorn.error:Application startup complete.
WARNING:uvicorn.error:WatchFiles detected changes in 'pixel_analysis.py'. Reloading...
INFO:uvicorn.error:Shutting down
INFO:uvicorn.error:Waiting for application shutdown.
INFO:uvicorn.error:Application shutdown complete.
INFO:uvicorn.error:Finished server process [18996]
INFO:uvicorn.error:Started server process [25880]
INFO:uvicorn.error:Waiting for application startup.
INFO:uvicorn.error:Application startup complete.
ERROR:uvicorn.error:Exception in ASGI application
Traceback (most recent call last):
  File "C:\Users\marcoleung\Desktop\Fraud Detection Tool\Fraud Document Detector\01_Source_Code\myenv\lib\site-packages\uvicorn\protocols\http\httptools_impl.py", line 409, in run_asgi
    result = await app(  # type: ignore[func-returns-value]
  File "C:\Users\marcoleung\Desktop\Fraud Detection Tool\Fraud Document Detector\01_Source_Code\myenv\lib\site-packages\uvicorn\middleware\proxy_headers.py", line 60, in __call__
    return await self.app(scope, receive, send)
  File "C:\Users\marcoleung\Desktop\Fraud Detection Tool\Fraud Document Detector\01_Source_Code\myenv\lib\site-packages\fastapi\applications.py", line 1054, in __call__
    await super().__call__(scope, receive, send)
  File "C:\Users\marcoleung\Desktop\Fraud Detection Tool\Fraud Document Detector\01_Source_Code\myenv\lib\site-packages\starlette\applications.py", line 113, in __call__
    await self.middleware_stack(scope, receive, send)
  File "C:\Users\marcoleung\Desktop\Fraud Detection Tool\Fraud Document Detector\01_Source_Code\myenv\lib\site-packages\starlette\middleware\errors.py", line 187, in __call__
    raise exc
  File "C:\Users\marcoleung\Desktop\Fraud Detection Tool\Fraud Document Detector\01_Source_Code\myenv\lib\site-packages\starlette\middleware\errors.py", line 165, in __call__
    await self.app(scope, receive, _send)
  File "C:\Users\marcoleung\Desktop\Fraud Detection Tool\Fraud Document Detector\01_Source_Code\myenv\lib\site-packages\starlette\middleware\cors.py", line 93, in __call__
    await self.simple_response(scope, receive, send, request_headers=headers)
  File "C:\Users\marcoleung\Desktop\Fraud Detection Tool\Fraud Document Detector\01_Source_Code\myenv\lib\site-packages\starlette\middleware\cors.py", line 144, in simple_response
    await self.app(scope, receive, send)
  File "C:\Users\marcoleung\Desktop\Fraud Detection Tool\Fraud Document Detector\01_Source_Code\myenv\lib\site-packages\starlette\middleware\exceptions.py", line 62, in __call__
    await wrap_app_handling_exceptions(self.app, conn)(scope, receive, send)
  File "C:\Users\marcoleung\Desktop\Fraud Detection Tool\Fraud Document Detector\01_Source_Code\myenv\lib\site-packages\starlette\_exception_handler.py", line 62, in wrapped_app
    raise exc
  File "C:\Users\marcoleung\Desktop\Fraud Detection Tool\Fraud Document Detector\01_Source_Code\myenv\lib\site-packages\starlette\_exception_handler.py", line 51, in wrapped_app
    await app(scope, receive, sender)
  File "C:\Users\marcoleung\Desktop\Fraud Detection Tool\Fraud Document Detector\01_Source_Code\myenv\lib\site-packages\starlette\routing.py", line 715, in __call__
    await self.middleware_stack(scope, receive, send)
  File "C:\Users\marcoleung\Desktop\Fraud Detection Tool\Fraud Document Detector\01_Source_Code\myenv\lib\site-packages\starlette\routing.py", line 735, in app
    await route.handle(scope, receive, send)
  File "C:\Users\marcoleung\Desktop\Fraud Detection Tool\Fraud Document Detector\01_Source_Code\myenv\lib\site-packages\starlette\routing.py", line 288, in handle
    await self.app(scope, receive, send)
  File "C:\Users\marcoleung\Desktop\Fraud Detection Tool\Fraud Document Detector\01_Source_Code\myenv\lib\site-packages\starlette\routing.py", line 76, in app
    await wrap_app_handling_exceptions(app, request)(scope, receive, send)
  File "C:\Users\marcoleung\Desktop\Fraud Detection Tool\Fraud Document Detector\01_Source_Code\myenv\lib\site-packages\starlette\_exception_handler.py", line 62, in wrapped_app
    raise exc
  File "C:\Users\marcoleung\Desktop\Fraud Detection Tool\Fraud Document Detector\01_Source_Code\myenv\lib\site-packages\starlette\_exception_handler.py", line 51, in wrapped_app
    await app(scope, receive, sender)
  File "C:\Users\marcoleung\Desktop\Fraud Detection Tool\Fraud Document Detector\01_Source_Code\myenv\lib\site-packages\starlette\routing.py", line 73, in app
    response = await f(request)
  File "C:\Users\marcoleung\Desktop\Fraud Detection Tool\Fraud Document Detector\01_Source_Code\myenv\lib\site-packages\fastapi\routing.py", line 301, in app
    raw_response = await run_endpoint_function(
  File "C:\Users\marcoleung\Desktop\Fraud Detection Tool\Fraud Document Detector\01_Source_Code\myenv\lib\site-packages\fastapi\routing.py", line 212, in run_endpoint_function
    return await dependant.call(**values)
  File "C:\Users\marcoleung\Desktop\Fraud Detection Tool\Fraud Document Detector\01_Source_Code\backend_api\main.py", line 716, in calculate_image_stats
    return ImageStatsResponse(
  File "C:\Users\marcoleung\Desktop\Fraud Detection Tool\Fraud Document Detector\01_Source_Code\myenv\lib\site-packages\pydantic\main.py", line 209, in __init__
    validated_self = self.__pydantic_validator__.validate_python(data, self_instance=self)
pydantic_core._pydantic_core.ValidationError: 1 validation error for ImageStatsResponse
alert_messages
  Field required [type=missing, input_value={'results': [FileAnalysis...: 0.5, 'std_dev': 100}}}, input_type=dict]
    For further information visit https://errors.pydantic.dev/2.9/v/missing
WARNING:uvicorn.error:WatchFiles detected changes in 'pixel_analysis.py'. Reloading...
INFO:uvicorn.error:Shutting down
INFO:uvicorn.error:Waiting for application shutdown.
INFO:uvicorn.error:Application shutdown complete.
INFO:uvicorn.error:Finished server process [25880]
WARNING:uvicorn.error:WatchFiles detected changes in 'main.py'. Reloading...
INFO:uvicorn.error:Started server process [21140]
INFO:uvicorn.error:Waiting for application startup.
INFO:uvicorn.error:Application startup complete.
ERROR:uvicorn.error:Traceback (most recent call last):
  File "C:\Users\marcoleung\AppData\Local\Programs\Python\Python39\lib\asyncio\runners.py", line 44, in run
    return loop.run_until_complete(main)
  File "C:\Users\marcoleung\AppData\Local\Programs\Python\Python39\lib\asyncio\base_events.py", line 634, in run_until_complete
    self.run_forever()
  File "C:\Users\marcoleung\AppData\Local\Programs\Python\Python39\lib\asyncio\base_events.py", line 601, in run_forever
    self._run_once()
  File "C:\Users\marcoleung\AppData\Local\Programs\Python\Python39\lib\asyncio\base_events.py", line 1905, in _run_once
    handle._run()
  File "C:\Users\marcoleung\AppData\Local\Programs\Python\Python39\lib\asyncio\events.py", line 80, in _run
    self._context.run(self._callback, *self._args)
  File "C:\Users\marcoleung\Desktop\Fraud Detection Tool\Fraud Document Detector\01_Source_Code\myenv\lib\site-packages\uvicorn\server.py", line 71, in serve
    await self._serve(sockets)
  File "C:\Users\marcoleung\AppData\Local\Programs\Python\Python39\lib\contextlib.py", line 126, in __exit__
    next(self.gen)
  File "C:\Users\marcoleung\Desktop\Fraud Detection Tool\Fraud Document Detector\01_Source_Code\myenv\lib\site-packages\uvicorn\server.py", line 331, in capture_signals
    signal.raise_signal(captured_signal)
KeyboardInterrupt

During handling of the above exception, another exception occurred:

Traceback (most recent call last):
  File "C:\Users\marcoleung\Desktop\Fraud Detection Tool\Fraud Document Detector\01_Source_Code\myenv\lib\site-packages\starlette\routing.py", line 700, in lifespan
    await receive()
  File "C:\Users\marcoleung\Desktop\Fraud Detection Tool\Fraud Document Detector\01_Source_Code\myenv\lib\site-packages\uvicorn\lifespan\on.py", line 137, in receive
    return await self.receive_queue.get()
  File "C:\Users\marcoleung\AppData\Local\Programs\Python\Python39\lib\asyncio\queues.py", line 166, in get
    await getter
asyncio.exceptions.CancelledError

INFO:uvicorn.error:Started server process [25020]
INFO:uvicorn.error:Waiting for application startup.
INFO:uvicorn.error:Application startup complete.
WARNING:uvicorn.error:WatchFiles detected changes in 'pixel_analysis.py'. Reloading...
INFO:uvicorn.error:Shutting down
INFO:uvicorn.error:Waiting for application shutdown.
INFO:uvicorn.error:Application shutdown complete.
INFO:uvicorn.error:Finished server process [25020]
WARNING:uvicorn.error:WatchFiles detected changes in 'pixel_analysis.py'. Reloading...
INFO:uvicorn.error:Started server process [23388]
INFO:uvicorn.error:Waiting for application startup.
INFO:uvicorn.error:Application startup complete.
ERROR:uvicorn.error:Traceback (most recent call last):
  File "C:\Users\marcoleung\AppData\Local\Programs\Python\Python39\lib\asyncio\runners.py", line 44, in run
    return loop.run_until_complete(main)
  File "C:\Users\marcoleung\AppData\Local\Programs\Python\Python39\lib\asyncio\base_events.py", line 634, in run_until_complete
    self.run_forever()
  File "C:\Users\marcoleung\AppData\Local\Programs\Python\Python39\lib\asyncio\base_events.py", line 601, in run_forever
    self._run_once()
  File "C:\Users\marcoleung\AppData\Local\Programs\Python\Python39\lib\asyncio\base_events.py", line 1905, in _run_once
    handle._run()
  File "C:\Users\marcoleung\AppData\Local\Programs\Python\Python39\lib\asyncio\events.py", line 80, in _run
    self._context.run(self._callback, *self._args)
  File "C:\Users\marcoleung\Desktop\Fraud Detection Tool\Fraud Document Detector\01_Source_Code\myenv\lib\site-packages\uvicorn\server.py", line 71, in serve
    await self._serve(sockets)
  File "C:\Users\marcoleung\AppData\Local\Programs\Python\Python39\lib\contextlib.py", line 126, in __exit__
    next(self.gen)
  File "C:\Users\marcoleung\Desktop\Fraud Detection Tool\Fraud Document Detector\01_Source_Code\myenv\lib\site-packages\uvicorn\server.py", line 331, in capture_signals
    signal.raise_signal(captured_signal)
KeyboardInterrupt

During handling of the above exception, another exception occurred:

Traceback (most recent call last):
  File "C:\Users\marcoleung\Desktop\Fraud Detection Tool\Fraud Document Detector\01_Source_Code\myenv\lib\site-packages\starlette\routing.py", line 700, in lifespan
    await receive()
  File "C:\Users\marcoleung\Desktop\Fraud Detection Tool\Fraud Document Detector\01_Source_Code\myenv\lib\site-packages\uvicorn\lifespan\on.py", line 137, in receive
    return await self.receive_queue.get()
  File "C:\Users\marcoleung\AppData\Local\Programs\Python\Python39\lib\asyncio\queues.py", line 166, in get
    await getter
asyncio.exceptions.CancelledError

INFO:uvicorn.error:Started server process [19484]
INFO:uvicorn.error:Waiting for application startup.
INFO:uvicorn.error:Application startup complete.
WARNING:uvicorn.error:WatchFiles detected changes in 'pixel_analysis.py'. Reloading...
INFO:uvicorn.error:Shutting down
INFO:uvicorn.error:Waiting for application shutdown.
INFO:uvicorn.error:Application shutdown complete.
INFO:uvicorn.error:Finished server process [19484]
INFO:uvicorn.error:Started server process [368]
INFO:uvicorn.error:Waiting for application startup.
INFO:uvicorn.error:Application startup complete.
WARNING:uvicorn.error:WatchFiles detected changes in 'pixel_analysis.py'. Reloading...
INFO:uvicorn.error:Shutting down
INFO:uvicorn.error:Waiting for application shutdown.
INFO:uvicorn.error:Application shutdown complete.
INFO:uvicorn.error:Finished server process [368]
INFO:uvicorn.error:Started server process [4808]
INFO:uvicorn.error:Waiting for application startup.
INFO:uvicorn.error:Application startup complete.
WARNING:uvicorn.error:WatchFiles detected changes in 'pixel_analysis.py'. Reloading...
INFO:uvicorn.error:Shutting down
INFO:uvicorn.error:Waiting for application shutdown.
INFO:uvicorn.error:Application shutdown complete.
INFO:uvicorn.error:Finished server process [4808]
INFO:uvicorn.error:Started server process [19484]
INFO:uvicorn.error:Waiting for application startup.
INFO:uvicorn.error:Application startup complete.
WARNING:uvicorn.error:WatchFiles detected changes in 'pixel_analysis.py'. Reloading...
INFO:uvicorn.error:Shutting down
INFO:uvicorn.error:Waiting for application shutdown.
INFO:uvicorn.error:Application shutdown complete.
INFO:uvicorn.error:Finished server process [19484]
INFO:uvicorn.error:Started server process [24724]
INFO:uvicorn.error:Waiting for application startup.
INFO:uvicorn.error:Application startup complete.
WARNING:uvicorn.error:WatchFiles detected changes in 'pixel_analysis.py'. Reloading...
INFO:uvicorn.error:Shutting down
INFO:uvicorn.error:Waiting for application shutdown.
INFO:uvicorn.error:Application shutdown complete.
INFO:uvicorn.error:Finished server process [24724]
INFO:uvicorn.error:Started server process [26000]
INFO:uvicorn.error:Waiting for application startup.
INFO:uvicorn.error:Application startup complete.
WARNING:uvicorn.error:WatchFiles detected changes in 'pixel_analysis.py'. Reloading...
INFO:uvicorn.error:Shutting down
INFO:uvicorn.error:Waiting for application shutdown.
INFO:uvicorn.error:Application shutdown complete.
INFO:uvicorn.error:Finished server process [26000]
INFO:uvicorn.error:Started server process [5396]
INFO:uvicorn.error:Waiting for application startup.
INFO:uvicorn.error:Application startup complete.
WARNING:uvicorn.error:WatchFiles detected changes in 'pixel_analysis.py'. Reloading...
INFO:uvicorn.error:Shutting down
INFO:uvicorn.error:Waiting for application shutdown.
INFO:uvicorn.error:Application shutdown complete.
INFO:uvicorn.error:Finished server process [5396]
INFO:uvicorn.error:Started server process [21840]
INFO:uvicorn.error:Waiting for application startup.
INFO:uvicorn.error:Application startup complete.
WARNING:uvicorn.error:WatchFiles detected changes in 'main.py'. Reloading...
INFO:uvicorn.error:Shutting down
INFO:uvicorn.error:Waiting for application shutdown.
INFO:uvicorn.error:Application shutdown complete.
INFO:uvicorn.error:Finished server process [21840]
INFO:uvicorn.error:Started server process [25276]
INFO:uvicorn.error:Waiting for application startup.
INFO:uvicorn.error:Application startup complete.
WARNING:uvicorn.error:WatchFiles detected changes in 'main.py'. Reloading...
INFO:uvicorn.error:Shutting down
INFO:uvicorn.error:Waiting for application shutdown.
INFO:uvicorn.error:Application shutdown complete.
INFO:uvicorn.error:Finished server process [25276]
INFO:uvicorn.error:Started server process [3588]
INFO:uvicorn.error:Waiting for application startup.
INFO:uvicorn.error:Application startup complete.
WARNING:uvicorn.error:WatchFiles detected changes in 'pixel_analysis.py'. Reloading...
INFO:uvicorn.error:Shutting down
INFO:uvicorn.error:Waiting for application shutdown.
INFO:uvicorn.error:Application shutdown complete.
INFO:uvicorn.error:Finished server process [3588]
INFO:uvicorn.error:Started server process [22144]
INFO:uvicorn.error:Waiting for application startup.
INFO:uvicorn.error:Application startup complete.
WARNING:uvicorn.error:WatchFiles detected changes in 'pixel_analysis.py'. Reloading...
INFO:uvicorn.error:Shutting down
INFO:uvicorn.error:Waiting for application shutdown.
INFO:uvicorn.error:Application shutdown complete.
INFO:uvicorn.error:Finished server process [22144]
INFO:uvicorn.error:Started server process [26216]
INFO:uvicorn.error:Waiting for application startup.
INFO:uvicorn.error:Application startup complete.
WARNING:uvicorn.error:WatchFiles detected changes in 'pixel_analysis.py'. Reloading...
INFO:uvicorn.error:Shutting down
INFO:uvicorn.error:Waiting for application shutdown.
INFO:uvicorn.error:Application shutdown complete.
INFO:uvicorn.error:Finished server process [26216]
INFO:uvicorn.error:Started server process [26348]
INFO:uvicorn.error:Waiting for application startup.
INFO:uvicorn.error:Application startup complete.
WARNING:uvicorn.error:WatchFiles detected changes in 'main.py'. Reloading...
INFO:uvicorn.error:Shutting down
INFO:uvicorn.error:Waiting for application shutdown.
INFO:uvicorn.error:Application shutdown complete.
INFO:uvicorn.error:Finished server process [26348]
WARNING:uvicorn.error:WatchFiles detected changes in 'main.py'. Reloading...
INFO:uvicorn.error:Started server process [25680]
INFO:uvicorn.error:Waiting for application startup.
INFO:uvicorn.error:Application startup complete.
WARNING:uvicorn.error:WatchFiles detected changes in 'pixel_analysis.py'. Reloading...
INFO:uvicorn.error:Shutting down
INFO:uvicorn.error:Waiting for application shutdown.
INFO:uvicorn.error:Application shutdown complete.
INFO:uvicorn.error:Finished server process [25680]
INFO:uvicorn.error:Started server process [26280]
INFO:uvicorn.error:Waiting for application startup.
INFO:uvicorn.error:Application startup complete.
WARNING:uvicorn.error:WatchFiles detected changes in 'main.py'. Reloading...
INFO:uvicorn.error:Shutting down
INFO:uvicorn.error:Waiting for application shutdown.
INFO:uvicorn.error:Application shutdown complete.
INFO:uvicorn.error:Finished server process [26280]
WARNING:uvicorn.error:WatchFiles detected changes in 'main.py'. Reloading...
WARNING:uvicorn.error:WatchFiles detected changes in 'main.py'. Reloading...
INFO:uvicorn.error:Started server process [13816]
INFO:uvicorn.error:Waiting for application startup.
INFO:uvicorn.error:Application startup complete.
ERROR:uvicorn.error:Exception in ASGI application
Traceback (most recent call last):
  File "C:\Users\marcoleung\Desktop\Fraud Detection Tool\Fraud Document Detector\01_Source_Code\myenv\lib\site-packages\uvicorn\protocols\http\httptools_impl.py", line 409, in run_asgi
    result = await app(  # type: ignore[func-returns-value]
  File "C:\Users\marcoleung\Desktop\Fraud Detection Tool\Fraud Document Detector\01_Source_Code\myenv\lib\site-packages\uvicorn\middleware\proxy_headers.py", line 60, in __call__
    return await self.app(scope, receive, send)
  File "C:\Users\marcoleung\Desktop\Fraud Detection Tool\Fraud Document Detector\01_Source_Code\myenv\lib\site-packages\fastapi\applications.py", line 1054, in __call__
    await super().__call__(scope, receive, send)
  File "C:\Users\marcoleung\Desktop\Fraud Detection Tool\Fraud Document Detector\01_Source_Code\myenv\lib\site-packages\starlette\applications.py", line 113, in __call__
    await self.middleware_stack(scope, receive, send)
  File "C:\Users\marcoleung\Desktop\Fraud Detection Tool\Fraud Document Detector\01_Source_Code\myenv\lib\site-packages\starlette\middleware\errors.py", line 187, in __call__
    raise exc
  File "C:\Users\marcoleung\Desktop\Fraud Detection Tool\Fraud Document Detector\01_Source_Code\myenv\lib\site-packages\starlette\middleware\errors.py", line 165, in __call__
    await self.app(scope, receive, _send)
  File "C:\Users\marcoleung\Desktop\Fraud Detection Tool\Fraud Document Detector\01_Source_Code\myenv\lib\site-packages\starlette\middleware\cors.py", line 93, in __call__
    await self.simple_response(scope, receive, send, request_headers=headers)
  File "C:\Users\marcoleung\Desktop\Fraud Detection Tool\Fraud Document Detector\01_Source_Code\myenv\lib\site-packages\starlette\middleware\cors.py", line 144, in simple_response
    await self.app(scope, receive, send)
  File "C:\Users\marcoleung\Desktop\Fraud Detection Tool\Fraud Document Detector\01_Source_Code\myenv\lib\site-packages\starlette\middleware\exceptions.py", line 62, in __call__
    await wrap_app_handling_exceptions(self.app, conn)(scope, receive, send)
  File "C:\Users\marcoleung\Desktop\Fraud Detection Tool\Fraud Document Detector\01_Source_Code\myenv\lib\site-packages\starlette\_exception_handler.py", line 62, in wrapped_app
    raise exc
  File "C:\Users\marcoleung\Desktop\Fraud Detection Tool\Fraud Document Detector\01_Source_Code\myenv\lib\site-packages\starlette\_exception_handler.py", line 51, in wrapped_app
    await app(scope, receive, sender)
  File "C:\Users\marcoleung\Desktop\Fraud Detection Tool\Fraud Document Detector\01_Source_Code\myenv\lib\site-packages\starlette\routing.py", line 715, in __call__
    await self.middleware_stack(scope, receive, send)
  File "C:\Users\marcoleung\Desktop\Fraud Detection Tool\Fraud Document Detector\01_Source_Code\myenv\lib\site-packages\starlette\routing.py", line 735, in app
    await route.handle(scope, receive, send)
  File "C:\Users\marcoleung\Desktop\Fraud Detection Tool\Fraud Document Detector\01_Source_Code\myenv\lib\site-packages\starlette\routing.py", line 288, in handle
    await self.app(scope, receive, send)
  File "C:\Users\marcoleung\Desktop\Fraud Detection Tool\Fraud Document Detector\01_Source_Code\myenv\lib\site-packages\starlette\routing.py", line 76, in app
    await wrap_app_handling_exceptions(app, request)(scope, receive, send)
  File "C:\Users\marcoleung\Desktop\Fraud Detection Tool\Fraud Document Detector\01_Source_Code\myenv\lib\site-packages\starlette\_exception_handler.py", line 62, in wrapped_app
    raise exc
  File "C:\Users\marcoleung\Desktop\Fraud Detection Tool\Fraud Document Detector\01_Source_Code\myenv\lib\site-packages\starlette\_exception_handler.py", line 51, in wrapped_app
    await app(scope, receive, sender)
  File "C:\Users\marcoleung\Desktop\Fraud Detection Tool\Fraud Document Detector\01_Source_Code\myenv\lib\site-packages\starlette\routing.py", line 73, in app
    response = await f(request)
  File "C:\Users\marcoleung\Desktop\Fraud Detection Tool\Fraud Document Detector\01_Source_Code\myenv\lib\site-packages\fastapi\routing.py", line 301, in app
    raw_response = await run_endpoint_function(
  File "C:\Users\marcoleung\Desktop\Fraud Detection Tool\Fraud Document Detector\01_Source_Code\myenv\lib\site-packages\fastapi\routing.py", line 212, in run_endpoint_function
    return await dependant.call(**values)
  File "C:\Users\marcoleung\Desktop\Fraud Detection Tool\Fraud Document Detector\01_Source_Code\backend_api\main.py", line 723, in calculate_image_stats
    return ImageStatsResponse(
  File "C:\Users\marcoleung\Desktop\Fraud Detection Tool\Fraud Document Detector\01_Source_Code\myenv\lib\site-packages\pydantic\main.py", line 209, in __init__
    validated_self = self.__pydantic_validator__.validate_python(data, self_instance=self)
pydantic_core._pydantic_core.ValidationError: 1 validation error for ImageStatsResponse
thresholds_used
  Field required [type=missing, input_value={'results': [FileAnalysis...orm-cms-1500_fake.jpg']}, input_type=dict]
    For further information visit https://errors.pydantic.dev/2.9/v/missing
WARNING:uvicorn.error:WatchFiles detected changes in 'pixel_analysis.py'. Reloading...
INFO:uvicorn.error:Shutting down
INFO:uvicorn.error:Waiting for application shutdown.
INFO:uvicorn.error:Application shutdown complete.
INFO:uvicorn.error:Finished server process [13816]
WARNING:uvicorn.error:WatchFiles detected changes in 'pixel_analysis.py'. Reloading...
INFO:uvicorn.error:Started server process [13068]
INFO:uvicorn.error:Waiting for application startup.
INFO:uvicorn.error:Application startup complete.
ERROR:uvicorn.error:Traceback (most recent call last):
  File "C:\Users\marcoleung\AppData\Local\Programs\Python\Python39\lib\asyncio\runners.py", line 44, in run
    return loop.run_until_complete(main)
  File "C:\Users\marcoleung\AppData\Local\Programs\Python\Python39\lib\asyncio\base_events.py", line 634, in run_until_complete
    self.run_forever()
  File "C:\Users\marcoleung\AppData\Local\Programs\Python\Python39\lib\asyncio\base_events.py", line 601, in run_forever
    self._run_once()
  File "C:\Users\marcoleung\AppData\Local\Programs\Python\Python39\lib\asyncio\base_events.py", line 1905, in _run_once
    handle._run()
  File "C:\Users\marcoleung\AppData\Local\Programs\Python\Python39\lib\asyncio\events.py", line 80, in _run
    self._context.run(self._callback, *self._args)
  File "C:\Users\marcoleung\Desktop\Fraud Detection Tool\Fraud Document Detector\01_Source_Code\myenv\lib\site-packages\uvicorn\server.py", line 71, in serve
    await self._serve(sockets)
  File "C:\Users\marcoleung\AppData\Local\Programs\Python\Python39\lib\contextlib.py", line 126, in __exit__
    next(self.gen)
  File "C:\Users\marcoleung\Desktop\Fraud Detection Tool\Fraud Document Detector\01_Source_Code\myenv\lib\site-packages\uvicorn\server.py", line 331, in capture_signals
    signal.raise_signal(captured_signal)
KeyboardInterrupt

During handling of the above exception, another exception occurred:

Traceback (most recent call last):
  File "C:\Users\marcoleung\Desktop\Fraud Detection Tool\Fraud Document Detector\01_Source_Code\myenv\lib\site-packages\starlette\routing.py", line 700, in lifespan
    await receive()
  File "C:\Users\marcoleung\Desktop\Fraud Detection Tool\Fraud Document Detector\01_Source_Code\myenv\lib\site-packages\uvicorn\lifespan\on.py", line 137, in receive
    return await self.receive_queue.get()
  File "C:\Users\marcoleung\AppData\Local\Programs\Python\Python39\lib\asyncio\queues.py", line 166, in get
    await getter
asyncio.exceptions.CancelledError

INFO:uvicorn.error:Started server process [22896]
INFO:uvicorn.error:Waiting for application startup.
INFO:uvicorn.error:Application startup complete.
WARNING:uvicorn.error:WatchFiles detected changes in 'main.py'. Reloading...
INFO:uvicorn.error:Shutting down
INFO:uvicorn.error:Waiting for application shutdown.
INFO:uvicorn.error:Application shutdown complete.
INFO:uvicorn.error:Finished server process [22896]
WARNING:uvicorn.error:WatchFiles detected changes in 'pixel_analysis.py'. Reloading...
INFO:uvicorn.error:Started server process [25772]
INFO:uvicorn.error:Waiting for application startup.
INFO:uvicorn.error:Application startup complete.
ERROR:uvicorn.error:Traceback (most recent call last):
  File "C:\Users\marcoleung\AppData\Local\Programs\Python\Python39\lib\asyncio\runners.py", line 44, in run
    return loop.run_until_complete(main)
  File "C:\Users\marcoleung\AppData\Local\Programs\Python\Python39\lib\asyncio\base_events.py", line 634, in run_until_complete
    self.run_forever()
  File "C:\Users\marcoleung\AppData\Local\Programs\Python\Python39\lib\asyncio\base_events.py", line 601, in run_forever
    self._run_once()
  File "C:\Users\marcoleung\AppData\Local\Programs\Python\Python39\lib\asyncio\base_events.py", line 1905, in _run_once
    handle._run()
  File "C:\Users\marcoleung\AppData\Local\Programs\Python\Python39\lib\asyncio\events.py", line 80, in _run
    self._context.run(self._callback, *self._args)
  File "C:\Users\marcoleung\Desktop\Fraud Detection Tool\Fraud Document Detector\01_Source_Code\myenv\lib\site-packages\uvicorn\server.py", line 71, in serve
    await self._serve(sockets)
  File "C:\Users\marcoleung\AppData\Local\Programs\Python\Python39\lib\contextlib.py", line 126, in __exit__
    next(self.gen)
  File "C:\Users\marcoleung\Desktop\Fraud Detection Tool\Fraud Document Detector\01_Source_Code\myenv\lib\site-packages\uvicorn\server.py", line 331, in capture_signals
    signal.raise_signal(captured_signal)
KeyboardInterrupt

During handling of the above exception, another exception occurred:

Traceback (most recent call last):
  File "C:\Users\marcoleung\Desktop\Fraud Detection Tool\Fraud Document Detector\01_Source_Code\myenv\lib\site-packages\starlette\routing.py", line 700, in lifespan
    await receive()
  File "C:\Users\marcoleung\Desktop\Fraud Detection Tool\Fraud Document Detector\01_Source_Code\myenv\lib\site-packages\uvicorn\lifespan\on.py", line 137, in receive
    return await self.receive_queue.get()
  File "C:\Users\marcoleung\AppData\Local\Programs\Python\Python39\lib\asyncio\queues.py", line 166, in get
    await getter
asyncio.exceptions.CancelledError

INFO:uvicorn.error:Started server process [25372]
INFO:uvicorn.error:Waiting for application startup.
INFO:uvicorn.error:Application startup complete.
WARNING:uvicorn.error:WatchFiles detected changes in 'pixel_analysis.py'. Reloading...
INFO:uvicorn.error:Shutting down
INFO:uvicorn.error:Waiting for application shutdown.
INFO:uvicorn.error:Application shutdown complete.
INFO:uvicorn.error:Finished server process [25372]
INFO:uvicorn.error:Started server process [4884]
INFO:uvicorn.error:Waiting for application startup.
INFO:uvicorn.error:Application startup complete.
WARNING:uvicorn.error:WatchFiles detected changes in 'main.py'. Reloading...
INFO:uvicorn.error:Shutting down
INFO:uvicorn.error:Waiting for application shutdown.
INFO:uvicorn.error:Application shutdown complete.
INFO:uvicorn.error:Finished server process [4884]
INFO:uvicorn.error:Started server process [21568]
INFO:uvicorn.error:Waiting for application startup.
INFO:uvicorn.error:Application startup complete.
WARNING:uvicorn.error:WatchFiles detected changes in 'pixel_analysis.py'. Reloading...
INFO:uvicorn.error:Shutting down
INFO:uvicorn.error:Waiting for application shutdown.
INFO:uvicorn.error:Application shutdown complete.
INFO:uvicorn.error:Finished server process [21568]
INFO:uvicorn.error:Started server process [6732]
INFO:uvicorn.error:Waiting for application startup.
INFO:uvicorn.error:Application startup complete.
WARNING:uvicorn.error:WatchFiles detected changes in 'pixel_analysis.py'. Reloading...
INFO:uvicorn.error:Shutting down
INFO:uvicorn.error:Waiting for application shutdown.
INFO:uvicorn.error:Application shutdown complete.
INFO:uvicorn.error:Finished server process [6732]
INFO:uvicorn.error:Started server process [25592]
INFO:uvicorn.error:Waiting for application startup.
INFO:uvicorn.error:Application startup complete.
WARNING:uvicorn.error:WatchFiles detected changes in 'pixel_analysis.py'. Reloading...
INFO:uvicorn.error:Shutting down
INFO:uvicorn.error:Waiting for application shutdown.
INFO:uvicorn.error:Application shutdown complete.
INFO:uvicorn.error:Finished server process [25592]
WARNING:uvicorn.error:WatchFiles detected changes in 'pixel_analysis.py'. Reloading...
WARNING:uvicorn.error:WatchFiles detected changes in 'pixel_analysis.py'. Reloading...
WARNING:uvicorn.error:WatchFiles detected changes in 'pixel_analysis.py'. Reloading...
INFO:uvicorn.error:Started server process [11716]
INFO:uvicorn.error:Waiting for application startup.
INFO:uvicorn.error:Application startup complete.
WARNING:uvicorn.error:WatchFiles detected changes in 'pixel_analysis.py'. Reloading...
INFO:uvicorn.error:Shutting down
INFO:uvicorn.error:Waiting for application shutdown.
INFO:uvicorn.error:Application shutdown complete.
INFO:uvicorn.error:Finished server process [11716]
INFO:uvicorn.error:Started server process [12292]
INFO:uvicorn.error:Waiting for application startup.
INFO:uvicorn.error:Application startup complete.
WARNING:uvicorn.error:WatchFiles detected changes in 'pixel_analysis.py'. Reloading...
INFO:uvicorn.error:Shutting down
INFO:uvicorn.error:Waiting for application shutdown.
INFO:uvicorn.error:Application shutdown complete.
INFO:uvicorn.error:Finished server process [12292]
INFO:uvicorn.error:Started server process [21064]
INFO:uvicorn.error:Waiting for application startup.
INFO:uvicorn.error:Application startup complete.
WARNING:uvicorn.error:WatchFiles detected changes in 'pixel_analysis.py'. Reloading...
INFO:uvicorn.error:Shutting down
INFO:uvicorn.error:Waiting for application shutdown.
INFO:uvicorn.error:Application shutdown complete.
INFO:uvicorn.error:Finished server process [21064]
INFO:uvicorn.error:Started server process [25188]
INFO:uvicorn.error:Waiting for application startup.
INFO:uvicorn.error:Application startup complete.
WARNING:uvicorn.error:WatchFiles detected changes in 'main.py'. Reloading...
INFO:uvicorn.error:Shutting down
INFO:uvicorn.error:Waiting for application shutdown.
INFO:uvicorn.error:Application shutdown complete.
INFO:uvicorn.error:Finished server process [25188]
INFO:uvicorn.error:Started server process [25568]
INFO:uvicorn.error:Waiting for application startup.
INFO:uvicorn.error:Application startup complete.
WARNING:uvicorn.error:WatchFiles detected changes in 'main.py'. Reloading...
INFO:uvicorn.error:Shutting down
INFO:uvicorn.error:Waiting for application shutdown.
INFO:uvicorn.error:Application shutdown complete.
INFO:uvicorn.error:Finished server process [25568]
INFO:uvicorn.error:Started server process [26360]
INFO:uvicorn.error:Waiting for application startup.
INFO:uvicorn.error:Application startup complete.
WARNING:uvicorn.error:WatchFiles detected changes in 'main.py'. Reloading...
INFO:uvicorn.error:Shutting down
INFO:uvicorn.error:Waiting for application shutdown.
INFO:uvicorn.error:Application shutdown complete.
INFO:uvicorn.error:Finished server process [26360]
INFO:uvicorn.error:Started server process [18484]
INFO:uvicorn.error:Waiting for application startup.
INFO:uvicorn.error:Application startup complete.
WARNING:uvicorn.error:WatchFiles detected changes in 'main.py'. Reloading...
INFO:uvicorn.error:Shutting down
INFO:uvicorn.error:Waiting for application shutdown.
INFO:uvicorn.error:Application shutdown complete.
INFO:uvicorn.error:Finished server process [18484]
INFO:uvicorn.error:Started server process [24040]
INFO:uvicorn.error:Waiting for application startup.
INFO:uvicorn.error:Application startup complete.
WARNING:uvicorn.error:WatchFiles detected changes in 'main.py'. Reloading...
INFO:uvicorn.error:Shutting down
INFO:uvicorn.error:Waiting for application shutdown.
INFO:uvicorn.error:Application shutdown complete.
INFO:uvicorn.error:Finished server process [24040]
INFO:uvicorn.error:Started server process [19048]
INFO:uvicorn.error:Waiting for application startup.
INFO:uvicorn.error:Application startup complete.
WARNING:uvicorn.error:WatchFiles detected changes in 'pca_api.py'. Reloading...
INFO:uvicorn.error:Shutting down
INFO:uvicorn.error:Waiting for application shutdown.
INFO:uvicorn.error:Application shutdown complete.
INFO:uvicorn.error:Finished server process [19048]
INFO:uvicorn.error:Started server process [22920]
INFO:uvicorn.error:Waiting for application startup.
INFO:uvicorn.error:Application startup complete.
WARNING:uvicorn.error:WatchFiles detected changes in 'main.py'. Reloading...
INFO:uvicorn.error:Shutting down
INFO:uvicorn.error:Waiting for application shutdown.
INFO:uvicorn.error:Application shutdown complete.
INFO:uvicorn.error:Finished server process [22920]
INFO:uvicorn.error:Started server process [26360]
INFO:uvicorn.error:Waiting for application startup.
INFO:uvicorn.error:Application startup complete.
WARNING:uvicorn.error:WatchFiles detected changes in 'pixel_analysis.py'. Reloading...
INFO:uvicorn.error:Shutting down
INFO:uvicorn.error:Waiting for application shutdown.
INFO:uvicorn.error:Application shutdown complete.
INFO:uvicorn.error:Finished server process [26360]
INFO:uvicorn.error:Started server process [24432]
INFO:uvicorn.error:Waiting for application startup.
INFO:uvicorn.error:Application startup complete.
WARNING:uvicorn.error:WatchFiles detected changes in 'pixel_analysis.py'. Reloading...
INFO:uvicorn.error:Shutting down
INFO:uvicorn.error:Waiting for application shutdown.
INFO:uvicorn.error:Application shutdown complete.
INFO:uvicorn.error:Finished server process [24432]
INFO:uvicorn.error:Started server process [3104]
INFO:uvicorn.error:Waiting for application startup.
INFO:uvicorn.error:Application startup complete.
WARNING:uvicorn.error:WatchFiles detected changes in 'pixel_analysis.py'. Reloading...
INFO:uvicorn.error:Shutting down
INFO:uvicorn.error:Waiting for application shutdown.
INFO:uvicorn.error:Application shutdown complete.
INFO:uvicorn.error:Finished server process [3104]
INFO:uvicorn.error:Started server process [9888]
INFO:uvicorn.error:Waiting for application startup.
INFO:uvicorn.error:Application startup complete.
WARNING:uvicorn.error:WatchFiles detected changes in 'pixel_analysis.py'. Reloading...
INFO:uvicorn.error:Shutting down
INFO:uvicorn.error:Waiting for application shutdown.
INFO:uvicorn.error:Application shutdown complete.
INFO:uvicorn.error:Finished server process [9888]
INFO:uvicorn.error:Started server process [26572]
INFO:uvicorn.error:Waiting for application startup.
INFO:uvicorn.error:Application startup complete.
WARNING:uvicorn.error:WatchFiles detected changes in 'pixel_analysis.py'. Reloading...
INFO:uvicorn.error:Shutting down
INFO:uvicorn.error:Waiting for application shutdown.
INFO:uvicorn.error:Application shutdown complete.
INFO:uvicorn.error:Finished server process [26572]
INFO:uvicorn.error:Started server process [24824]
INFO:uvicorn.error:Waiting for application startup.
INFO:uvicorn.error:Application startup complete.
WARNING:uvicorn.error:WatchFiles detected changes in 'pixel_analysis.py'. Reloading...
INFO:uvicorn.error:Shutting down
INFO:uvicorn.error:Waiting for application shutdown.
INFO:uvicorn.error:Application shutdown complete.
INFO:uvicorn.error:Finished server process [24824]
INFO:uvicorn.error:Started server process [25452]
INFO:uvicorn.error:Waiting for application startup.
INFO:uvicorn.error:Application startup complete.
WARNING:uvicorn.error:WatchFiles detected changes in 'pixel_analysis.py'. Reloading...
INFO:uvicorn.error:Shutting down
INFO:uvicorn.error:Waiting for application shutdown.
INFO:uvicorn.error:Application shutdown complete.
INFO:uvicorn.error:Finished server process [25452]
INFO:uvicorn.error:Started server process [11424]
INFO:uvicorn.error:Waiting for application startup.
INFO:uvicorn.error:Application startup complete.
WARNING:uvicorn.error:WatchFiles detected changes in 'pixel_analysis.py'. Reloading...
INFO:uvicorn.error:Shutting down
INFO:uvicorn.error:Waiting for application shutdown.
INFO:uvicorn.error:Application shutdown complete.
INFO:uvicorn.error:Finished server process [11424]
INFO:uvicorn.error:Started server process [25368]
INFO:uvicorn.error:Waiting for application startup.
INFO:uvicorn.error:Application startup complete.
WARNING:uvicorn.error:WatchFiles detected changes in 'pixel_analysis.py'. Reloading...
INFO:uvicorn.error:Shutting down
INFO:uvicorn.error:Waiting for application shutdown.
INFO:uvicorn.error:Application shutdown complete.
INFO:uvicorn.error:Finished server process [25368]
INFO:uvicorn.error:Started server process [24408]
INFO:uvicorn.error:Waiting for application startup.
INFO:uvicorn.error:Application startup complete.
WARNING:uvicorn.error:WatchFiles detected changes in 'pixel_analysis.py'. Reloading...
INFO:uvicorn.error:Shutting down
INFO:uvicorn.error:Waiting for application shutdown.
INFO:uvicorn.error:Application shutdown complete.
INFO:uvicorn.error:Finished server process [24408]
WARNING:uvicorn.error:WatchFiles detected changes in 'pixel_analysis.py'. Reloading...
INFO:uvicorn.error:Started server process [25328]
INFO:uvicorn.error:Waiting for application startup.
INFO:uvicorn.error:Application startup complete.
ERROR:uvicorn.error:Traceback (most recent call last):
  File "C:\Users\marcoleung\AppData\Local\Programs\Python\Python39\lib\asyncio\runners.py", line 44, in run
    return loop.run_until_complete(main)
  File "C:\Users\marcoleung\AppData\Local\Programs\Python\Python39\lib\asyncio\base_events.py", line 634, in run_until_complete
    self.run_forever()
  File "C:\Users\marcoleung\AppData\Local\Programs\Python\Python39\lib\asyncio\base_events.py", line 601, in run_forever
    self._run_once()
  File "C:\Users\marcoleung\AppData\Local\Programs\Python\Python39\lib\asyncio\base_events.py", line 1905, in _run_once
    handle._run()
  File "C:\Users\marcoleung\AppData\Local\Programs\Python\Python39\lib\asyncio\events.py", line 80, in _run
    self._context.run(self._callback, *self._args)
  File "C:\Users\marcoleung\Desktop\Fraud Detection Tool\Fraud Document Detector\01_Source_Code\myenv\lib\site-packages\uvicorn\server.py", line 71, in serve
    await self._serve(sockets)
  File "C:\Users\marcoleung\AppData\Local\Programs\Python\Python39\lib\contextlib.py", line 126, in __exit__
    next(self.gen)
  File "C:\Users\marcoleung\Desktop\Fraud Detection Tool\Fraud Document Detector\01_Source_Code\myenv\lib\site-packages\uvicorn\server.py", line 331, in capture_signals
    signal.raise_signal(captured_signal)
KeyboardInterrupt

During handling of the above exception, another exception occurred:

Traceback (most recent call last):
  File "C:\Users\marcoleung\Desktop\Fraud Detection Tool\Fraud Document Detector\01_Source_Code\myenv\lib\site-packages\starlette\routing.py", line 700, in lifespan
    await receive()
  File "C:\Users\marcoleung\Desktop\Fraud Detection Tool\Fraud Document Detector\01_Source_Code\myenv\lib\site-packages\uvicorn\lifespan\on.py", line 137, in receive
    return await self.receive_queue.get()
  File "C:\Users\marcoleung\AppData\Local\Programs\Python\Python39\lib\asyncio\queues.py", line 166, in get
    await getter
asyncio.exceptions.CancelledError

WARNING:uvicorn.error:WatchFiles detected changes in 'main.py'. Reloading...
INFO:uvicorn.error:Started server process [11416]
INFO:uvicorn.error:Waiting for application startup.
INFO:uvicorn.error:Application startup complete.
ERROR:uvicorn.error:Traceback (most recent call last):
  File "C:\Users\marcoleung\AppData\Local\Programs\Python\Python39\lib\asyncio\runners.py", line 44, in run
    return loop.run_until_complete(main)
  File "C:\Users\marcoleung\AppData\Local\Programs\Python\Python39\lib\asyncio\base_events.py", line 634, in run_until_complete
    self.run_forever()
  File "C:\Users\marcoleung\AppData\Local\Programs\Python\Python39\lib\asyncio\base_events.py", line 601, in run_forever
    self._run_once()
  File "C:\Users\marcoleung\AppData\Local\Programs\Python\Python39\lib\asyncio\base_events.py", line 1905, in _run_once
    handle._run()
  File "C:\Users\marcoleung\AppData\Local\Programs\Python\Python39\lib\asyncio\events.py", line 80, in _run
    self._context.run(self._callback, *self._args)
  File "C:\Users\marcoleung\Desktop\Fraud Detection Tool\Fraud Document Detector\01_Source_Code\myenv\lib\site-packages\uvicorn\server.py", line 71, in serve
    await self._serve(sockets)
  File "C:\Users\marcoleung\AppData\Local\Programs\Python\Python39\lib\contextlib.py", line 126, in __exit__
    next(self.gen)
  File "C:\Users\marcoleung\Desktop\Fraud Detection Tool\Fraud Document Detector\01_Source_Code\myenv\lib\site-packages\uvicorn\server.py", line 331, in capture_signals
    signal.raise_signal(captured_signal)
KeyboardInterrupt

During handling of the above exception, another exception occurred:

Traceback (most recent call last):
  File "C:\Users\marcoleung\Desktop\Fraud Detection Tool\Fraud Document Detector\01_Source_Code\myenv\lib\site-packages\starlette\routing.py", line 700, in lifespan
    await receive()
  File "C:\Users\marcoleung\Desktop\Fraud Detection Tool\Fraud Document Detector\01_Source_Code\myenv\lib\site-packages\uvicorn\lifespan\on.py", line 137, in receive
    return await self.receive_queue.get()
  File "C:\Users\marcoleung\AppData\Local\Programs\Python\Python39\lib\asyncio\queues.py", line 166, in get
    await getter
asyncio.exceptions.CancelledError

INFO:uvicorn.error:Started server process [21612]
INFO:uvicorn.error:Waiting for application startup.
INFO:uvicorn.error:Application startup complete.
WARNING:uvicorn.error:WatchFiles detected changes in 'main.py'. Reloading...
INFO:uvicorn.error:Shutting down
INFO:uvicorn.error:Waiting for application shutdown.
INFO:uvicorn.error:Application shutdown complete.
INFO:uvicorn.error:Finished server process [21612]
INFO:uvicorn.error:Started server process [2460]
INFO:uvicorn.error:Waiting for application startup.
INFO:uvicorn.error:Application startup complete.
WARNING:uvicorn.error:WatchFiles detected changes in 'pixel_analysis.py'. Reloading...
INFO:uvicorn.error:Shutting down
INFO:uvicorn.error:Waiting for application shutdown.
INFO:uvicorn.error:Application shutdown complete.
INFO:uvicorn.error:Finished server process [2460]
INFO:uvicorn.error:Started server process [11060]
INFO:uvicorn.error:Waiting for application startup.
INFO:uvicorn.error:Application startup complete.
WARNING:uvicorn.error:WatchFiles detected changes in 'pixel_analysis.py'. Reloading...
INFO:uvicorn.error:Shutting down
INFO:uvicorn.error:Waiting for application shutdown.
INFO:uvicorn.error:Application shutdown complete.
INFO:uvicorn.error:Finished server process [11060]
INFO:uvicorn.error:Started server process [23968]
INFO:uvicorn.error:Waiting for application startup.
INFO:uvicorn.error:Application startup complete.
WARNING:uvicorn.error:WatchFiles detected changes in 'main.py'. Reloading...
INFO:uvicorn.error:Shutting down
INFO:uvicorn.error:Waiting for application shutdown.
INFO:uvicorn.error:Application shutdown complete.
INFO:uvicorn.error:Finished server process [23968]
INFO:uvicorn.error:Started server process [7164]
INFO:uvicorn.error:Waiting for application startup.
INFO:uvicorn.error:Application startup complete.
WARNING:uvicorn.error:WatchFiles detected changes in 'main.py'. Reloading...
INFO:uvicorn.error:Shutting down
INFO:uvicorn.error:Waiting for application shutdown.
INFO:uvicorn.error:Application shutdown complete.
INFO:uvicorn.error:Finished server process [7164]
WARNING:uvicorn.error:WatchFiles detected changes in 'main.py'. Reloading...
INFO:uvicorn.error:Started server process [12000]
INFO:uvicorn.error:Waiting for application startup.
INFO:uvicorn.error:Application startup complete.
ERROR:uvicorn.error:Traceback (most recent call last):
  File "C:\Users\marcoleung\AppData\Local\Programs\Python\Python39\lib\asyncio\runners.py", line 44, in run
    return loop.run_until_complete(main)
  File "C:\Users\marcoleung\AppData\Local\Programs\Python\Python39\lib\asyncio\base_events.py", line 634, in run_until_complete
    self.run_forever()
  File "C:\Users\marcoleung\AppData\Local\Programs\Python\Python39\lib\asyncio\base_events.py", line 601, in run_forever
    self._run_once()
  File "C:\Users\marcoleung\AppData\Local\Programs\Python\Python39\lib\asyncio\base_events.py", line 1905, in _run_once
    handle._run()
  File "C:\Users\marcoleung\AppData\Local\Programs\Python\Python39\lib\asyncio\events.py", line 80, in _run
    self._context.run(self._callback, *self._args)
  File "C:\Users\marcoleung\Desktop\Fraud Detection Tool\Fraud Document Detector\01_Source_Code\myenv\lib\site-packages\uvicorn\server.py", line 71, in serve
    await self._serve(sockets)
  File "C:\Users\marcoleung\AppData\Local\Programs\Python\Python39\lib\contextlib.py", line 126, in __exit__
    next(self.gen)
  File "C:\Users\marcoleung\Desktop\Fraud Detection Tool\Fraud Document Detector\01_Source_Code\myenv\lib\site-packages\uvicorn\server.py", line 331, in capture_signals
    signal.raise_signal(captured_signal)
KeyboardInterrupt

During handling of the above exception, another exception occurred:

Traceback (most recent call last):
  File "C:\Users\marcoleung\Desktop\Fraud Detection Tool\Fraud Document Detector\01_Source_Code\myenv\lib\site-packages\starlette\routing.py", line 700, in lifespan
    await receive()
  File "C:\Users\marcoleung\Desktop\Fraud Detection Tool\Fraud Document Detector\01_Source_Code\myenv\lib\site-packages\uvicorn\lifespan\on.py", line 137, in receive
    return await self.receive_queue.get()
  File "C:\Users\marcoleung\AppData\Local\Programs\Python\Python39\lib\asyncio\queues.py", line 166, in get
    await getter
asyncio.exceptions.CancelledError

WARNING:uvicorn.error:WatchFiles detected changes in 'main.py'. Reloading...
INFO:uvicorn.error:Started server process [1948]
INFO:uvicorn.error:Waiting for application startup.
INFO:uvicorn.error:Application startup complete.
WARNING:uvicorn.error:WatchFiles detected changes in 'main.py'. Reloading...
INFO:uvicorn.error:Shutting down
INFO:uvicorn.error:Waiting for application shutdown.
INFO:uvicorn.error:Application shutdown complete.
INFO:uvicorn.error:Finished server process [1948]
INFO:uvicorn.error:Started server process [13532]
INFO:uvicorn.error:Waiting for application startup.
INFO:uvicorn.error:Application startup complete.
WARNING:uvicorn.error:WatchFiles detected changes in 'pixel_analysis.py'. Reloading...
INFO:uvicorn.error:Shutting down
INFO:uvicorn.error:Waiting for application shutdown.
INFO:uvicorn.error:Application shutdown complete.
INFO:uvicorn.error:Finished server process [13532]
INFO:uvicorn.error:Started server process [18984]
INFO:uvicorn.error:Waiting for application startup.
INFO:uvicorn.error:Application startup complete.
WARNING:uvicorn.error:WatchFiles detected changes in 'pixel_analysis.py'. Reloading...
INFO:uvicorn.error:Shutting down
INFO:uvicorn.error:Waiting for application shutdown.
INFO:uvicorn.error:Application shutdown complete.
INFO:uvicorn.error:Finished server process [18984]
INFO:uvicorn.error:Started server process [20700]
INFO:uvicorn.error:Waiting for application startup.
INFO:uvicorn.error:Application startup complete.
WARNING:uvicorn.error:WatchFiles detected changes in 'pixel_analysis.py'. Reloading...
INFO:uvicorn.error:Shutting down
INFO:uvicorn.error:Waiting for application shutdown.
INFO:uvicorn.error:Application shutdown complete.
INFO:uvicorn.error:Finished server process [20700]
INFO:uvicorn.error:Started server process [26604]
INFO:uvicorn.error:Waiting for application startup.
INFO:uvicorn.error:Application startup complete.
WARNING:uvicorn.error:WatchFiles detected changes in 'pixel_analysis.py'. Reloading...
INFO:uvicorn.error:Shutting down
INFO:uvicorn.error:Waiting for application shutdown.
INFO:uvicorn.error:Application shutdown complete.
INFO:uvicorn.error:Finished server process [26604]
INFO:uvicorn.error:Started server process [7452]
INFO:uvicorn.error:Waiting for application startup.
INFO:uvicorn.error:Application startup complete.
WARNING:uvicorn.error:WatchFiles detected changes in 'pixel_analysis.py'. Reloading...
INFO:uvicorn.error:Shutting down
INFO:uvicorn.error:Waiting for application shutdown.
INFO:uvicorn.error:Application shutdown complete.
INFO:uvicorn.error:Finished server process [7452]
INFO:uvicorn.error:Started server process [26344]
INFO:uvicorn.error:Waiting for application startup.
INFO:uvicorn.error:Application startup complete.
WARNING:uvicorn.error:WatchFiles detected changes in 'pixel_analysis.py'. Reloading...
INFO:uvicorn.error:Shutting down
INFO:uvicorn.error:Waiting for application shutdown.
INFO:uvicorn.error:Application shutdown complete.
INFO:uvicorn.error:Finished server process [26344]
INFO:uvicorn.error:Started server process [19920]
INFO:uvicorn.error:Waiting for application startup.
INFO:uvicorn.error:Application startup complete.
WARNING:uvicorn.error:WatchFiles detected changes in 'pixel_analysis.py'. Reloading...
INFO:uvicorn.error:Shutting down
INFO:uvicorn.error:Waiting for application shutdown.
INFO:uvicorn.error:Application shutdown complete.
INFO:uvicorn.error:Finished server process [19920]
INFO:uvicorn.error:Started server process [5624]
INFO:uvicorn.error:Waiting for application startup.
INFO:uvicorn.error:Application startup complete.
WARNING:uvicorn.error:WatchFiles detected changes in 'pixel_analysis.py'. Reloading...
INFO:uvicorn.error:Shutting down
INFO:uvicorn.error:Waiting for application shutdown.
INFO:uvicorn.error:Application shutdown complete.
INFO:uvicorn.error:Finished server process [5624]
INFO:uvicorn.error:Started server process [24424]
INFO:uvicorn.error:Waiting for application startup.
INFO:uvicorn.error:Application startup complete.
WARNING:uvicorn.error:WatchFiles detected changes in 'pixel_analysis.py'. Reloading...
INFO:uvicorn.error:Shutting down
INFO:uvicorn.error:Waiting for application shutdown.
INFO:uvicorn.error:Application shutdown complete.
INFO:uvicorn.error:Finished server process [24424]
INFO:uvicorn.error:Started server process [11856]
INFO:uvicorn.error:Waiting for application startup.
INFO:uvicorn.error:Application startup complete.
WARNING:uvicorn.error:WatchFiles detected changes in 'pixel_analysis.py'. Reloading...
INFO:uvicorn.error:Shutting down
INFO:uvicorn.error:Waiting for application shutdown.
INFO:uvicorn.error:Application shutdown complete.
INFO:uvicorn.error:Finished server process [11856]
INFO:uvicorn.error:Started server process [6648]
INFO:uvicorn.error:Waiting for application startup.
INFO:uvicorn.error:Application startup complete.
WARNING:uvicorn.error:WatchFiles detected changes in 'pixel_analysis.py'. Reloading...
INFO:uvicorn.error:Shutting down
INFO:uvicorn.error:Waiting for application shutdown.
INFO:uvicorn.error:Application shutdown complete.
INFO:uvicorn.error:Finished server process [6648]
WARNING:uvicorn.error:WatchFiles detected changes in 'pixel_analysis.py'. Reloading...
INFO:uvicorn.error:Started server process [21564]
INFO:uvicorn.error:Waiting for application startup.
INFO:uvicorn.error:Application startup complete.
ERROR:uvicorn.error:Traceback (most recent call last):
  File "C:\Users\marcoleung\AppData\Local\Programs\Python\Python39\lib\asyncio\runners.py", line 44, in run
    return loop.run_until_complete(main)
  File "C:\Users\marcoleung\AppData\Local\Programs\Python\Python39\lib\asyncio\base_events.py", line 634, in run_until_complete
    self.run_forever()
  File "C:\Users\marcoleung\AppData\Local\Programs\Python\Python39\lib\asyncio\base_events.py", line 601, in run_forever
    self._run_once()
  File "C:\Users\marcoleung\AppData\Local\Programs\Python\Python39\lib\asyncio\base_events.py", line 1905, in _run_once
    handle._run()
  File "C:\Users\marcoleung\AppData\Local\Programs\Python\Python39\lib\asyncio\events.py", line 80, in _run
    self._context.run(self._callback, *self._args)
  File "C:\Users\marcoleung\Desktop\Fraud Detection Tool\Fraud Document Detector\01_Source_Code\myenv\lib\site-packages\uvicorn\server.py", line 71, in serve
    await self._serve(sockets)
  File "C:\Users\marcoleung\AppData\Local\Programs\Python\Python39\lib\contextlib.py", line 126, in __exit__
    next(self.gen)
  File "C:\Users\marcoleung\Desktop\Fraud Detection Tool\Fraud Document Detector\01_Source_Code\myenv\lib\site-packages\uvicorn\server.py", line 331, in capture_signals
    signal.raise_signal(captured_signal)
KeyboardInterrupt

During handling of the above exception, another exception occurred:

Traceback (most recent call last):
  File "C:\Users\marcoleung\Desktop\Fraud Detection Tool\Fraud Document Detector\01_Source_Code\myenv\lib\site-packages\starlette\routing.py", line 700, in lifespan
    await receive()
  File "C:\Users\marcoleung\Desktop\Fraud Detection Tool\Fraud Document Detector\01_Source_Code\myenv\lib\site-packages\uvicorn\lifespan\on.py", line 137, in receive
    return await self.receive_queue.get()
  File "C:\Users\marcoleung\AppData\Local\Programs\Python\Python39\lib\asyncio\queues.py", line 166, in get
    await getter
asyncio.exceptions.CancelledError

INFO:uvicorn.error:Started server process [12308]
INFO:uvicorn.error:Waiting for application startup.
INFO:uvicorn.error:Application startup complete.
WARNING:uvicorn.error:WatchFiles detected changes in 'pixel_analysis.py'. Reloading...
INFO:uvicorn.error:Shutting down
INFO:uvicorn.error:Waiting for application shutdown.
INFO:uvicorn.error:Application shutdown complete.
INFO:uvicorn.error:Finished server process [12308]
INFO:uvicorn.error:Started server process [20252]
INFO:uvicorn.error:Waiting for application startup.
INFO:uvicorn.error:Application startup complete.
WARNING:uvicorn.error:WatchFiles detected changes in 'pixel_analysis.py'. Reloading...
INFO:uvicorn.error:Shutting down
INFO:uvicorn.error:Waiting for application shutdown.
INFO:uvicorn.error:Application shutdown complete.
INFO:uvicorn.error:Finished server process [20252]
WARNING:uvicorn.error:WatchFiles detected changes in 'pixel_analysis.py'. Reloading...
INFO:uvicorn.error:Started server process [26204]
INFO:uvicorn.error:Waiting for application startup.
INFO:uvicorn.error:Application startup complete.
ERROR:uvicorn.error:Traceback (most recent call last):
  File "C:\Users\marcoleung\AppData\Local\Programs\Python\Python39\lib\asyncio\runners.py", line 44, in run
    return loop.run_until_complete(main)
  File "C:\Users\marcoleung\AppData\Local\Programs\Python\Python39\lib\asyncio\base_events.py", line 634, in run_until_complete
    self.run_forever()
  File "C:\Users\marcoleung\AppData\Local\Programs\Python\Python39\lib\asyncio\base_events.py", line 601, in run_forever
    self._run_once()
  File "C:\Users\marcoleung\AppData\Local\Programs\Python\Python39\lib\asyncio\base_events.py", line 1905, in _run_once
    handle._run()
  File "C:\Users\marcoleung\AppData\Local\Programs\Python\Python39\lib\asyncio\events.py", line 80, in _run
    self._context.run(self._callback, *self._args)
  File "C:\Users\marcoleung\Desktop\Fraud Detection Tool\Fraud Document Detector\01_Source_Code\myenv\lib\site-packages\uvicorn\server.py", line 71, in serve
    await self._serve(sockets)
  File "C:\Users\marcoleung\AppData\Local\Programs\Python\Python39\lib\contextlib.py", line 126, in __exit__
    next(self.gen)
  File "C:\Users\marcoleung\Desktop\Fraud Detection Tool\Fraud Document Detector\01_Source_Code\myenv\lib\site-packages\uvicorn\server.py", line 331, in capture_signals
    signal.raise_signal(captured_signal)
KeyboardInterrupt

During handling of the above exception, another exception occurred:

Traceback (most recent call last):
  File "C:\Users\marcoleung\Desktop\Fraud Detection Tool\Fraud Document Detector\01_Source_Code\myenv\lib\site-packages\starlette\routing.py", line 700, in lifespan
    await receive()
  File "C:\Users\marcoleung\Desktop\Fraud Detection Tool\Fraud Document Detector\01_Source_Code\myenv\lib\site-packages\uvicorn\lifespan\on.py", line 137, in receive
    return await self.receive_queue.get()
  File "C:\Users\marcoleung\AppData\Local\Programs\Python\Python39\lib\asyncio\queues.py", line 166, in get
    await getter
asyncio.exceptions.CancelledError

INFO:uvicorn.error:Started server process [22840]
INFO:uvicorn.error:Waiting for application startup.
INFO:uvicorn.error:Application startup complete.
WARNING:uvicorn.error:WatchFiles detected changes in 'pixel_analysis.py'. Reloading...
INFO:uvicorn.error:Shutting down
INFO:uvicorn.error:Waiting for application shutdown.
INFO:uvicorn.error:Application shutdown complete.
INFO:uvicorn.error:Finished server process [22840]
INFO:uvicorn.error:Started server process [21640]
INFO:uvicorn.error:Waiting for application startup.
INFO:uvicorn.error:Application startup complete.
WARNING:uvicorn.error:WatchFiles detected changes in 'pixel_analysis.py'. Reloading...
INFO:uvicorn.error:Shutting down
INFO:uvicorn.error:Waiting for application shutdown.
INFO:uvicorn.error:Application shutdown complete.
INFO:uvicorn.error:Finished server process [21640]
INFO:uvicorn.error:Started server process [22960]
INFO:uvicorn.error:Waiting for application startup.
INFO:uvicorn.error:Application startup complete.
WARNING:uvicorn.error:WatchFiles detected changes in 'pixel_analysis.py'. Reloading...
INFO:uvicorn.error:Shutting down
INFO:uvicorn.error:Waiting for application shutdown.
INFO:uvicorn.error:Application shutdown complete.
INFO:uvicorn.error:Finished server process [22960]
WARNING:uvicorn.error:WatchFiles detected changes in 'pixel_analysis.py'. Reloading...
INFO:uvicorn.error:Started server process [6204]
INFO:uvicorn.error:Waiting for application startup.
INFO:uvicorn.error:Application startup complete.
ERROR:uvicorn.error:Traceback (most recent call last):
  File "C:\Users\marcoleung\AppData\Local\Programs\Python\Python39\lib\asyncio\runners.py", line 44, in run
    return loop.run_until_complete(main)
  File "C:\Users\marcoleung\AppData\Local\Programs\Python\Python39\lib\asyncio\base_events.py", line 634, in run_until_complete
    self.run_forever()
  File "C:\Users\marcoleung\AppData\Local\Programs\Python\Python39\lib\asyncio\base_events.py", line 601, in run_forever
    self._run_once()
  File "C:\Users\marcoleung\AppData\Local\Programs\Python\Python39\lib\asyncio\base_events.py", line 1905, in _run_once
    handle._run()
  File "C:\Users\marcoleung\AppData\Local\Programs\Python\Python39\lib\asyncio\events.py", line 80, in _run
    self._context.run(self._callback, *self._args)
  File "C:\Users\marcoleung\Desktop\Fraud Detection Tool\Fraud Document Detector\01_Source_Code\myenv\lib\site-packages\uvicorn\server.py", line 71, in serve
    await self._serve(sockets)
  File "C:\Users\marcoleung\AppData\Local\Programs\Python\Python39\lib\contextlib.py", line 126, in __exit__
    next(self.gen)
  File "C:\Users\marcoleung\Desktop\Fraud Detection Tool\Fraud Document Detector\01_Source_Code\myenv\lib\site-packages\uvicorn\server.py", line 331, in capture_signals
    signal.raise_signal(captured_signal)
KeyboardInterrupt

During handling of the above exception, another exception occurred:

Traceback (most recent call last):
  File "C:\Users\marcoleung\Desktop\Fraud Detection Tool\Fraud Document Detector\01_Source_Code\myenv\lib\site-packages\starlette\routing.py", line 700, in lifespan
    await receive()
  File "C:\Users\marcoleung\Desktop\Fraud Detection Tool\Fraud Document Detector\01_Source_Code\myenv\lib\site-packages\uvicorn\lifespan\on.py", line 137, in receive
    return await self.receive_queue.get()
  File "C:\Users\marcoleung\AppData\Local\Programs\Python\Python39\lib\asyncio\queues.py", line 166, in get
    await getter
asyncio.exceptions.CancelledError

INFO:uvicorn.error:Started server process [14448]
INFO:uvicorn.error:Waiting for application startup.
INFO:uvicorn.error:Application startup complete.
WARNING:uvicorn.error:WatchFiles detected changes in 'pixel_analysis.py'. Reloading...
INFO:uvicorn.error:Shutting down
INFO:uvicorn.error:Waiting for application shutdown.
INFO:uvicorn.error:Application shutdown complete.
INFO:uvicorn.error:Finished server process [14448]
INFO:uvicorn.error:Started server process [23220]
INFO:uvicorn.error:Waiting for application startup.
INFO:uvicorn.error:Application startup complete.
WARNING:uvicorn.error:WatchFiles detected changes in 'pixel_analysis.py'. Reloading...
INFO:uvicorn.error:Shutting down
INFO:uvicorn.error:Waiting for application shutdown.
INFO:uvicorn.error:Application shutdown complete.
INFO:uvicorn.error:Finished server process [23220]
INFO:uvicorn.error:Started server process [14788]
INFO:uvicorn.error:Waiting for application startup.
INFO:uvicorn.error:Application startup complete.
WARNING:uvicorn.error:WatchFiles detected changes in 'pixel_analysis.py'. Reloading...
INFO:uvicorn.error:Shutting down
INFO:uvicorn.error:Waiting for application shutdown.
INFO:uvicorn.error:Application shutdown complete.
INFO:uvicorn.error:Finished server process [14788]
INFO:uvicorn.error:Started server process [26352]
INFO:uvicorn.error:Waiting for application startup.
INFO:uvicorn.error:Application startup complete.
WARNING:uvicorn.error:WatchFiles detected changes in 'pixel_analysis.py'. Reloading...
INFO:uvicorn.error:Shutting down
INFO:uvicorn.error:Waiting for application shutdown.
INFO:uvicorn.error:Application shutdown complete.
INFO:uvicorn.error:Finished server process [26352]
INFO:uvicorn.error:Started server process [13156]
INFO:uvicorn.error:Waiting for application startup.
INFO:uvicorn.error:Application startup complete.
WARNING:uvicorn.error:WatchFiles detected changes in 'pixel_analysis.py'. Reloading...
INFO:uvicorn.error:Shutting down
INFO:uvicorn.error:Waiting for application shutdown.
INFO:uvicorn.error:Application shutdown complete.
INFO:uvicorn.error:Finished server process [13156]
INFO:uvicorn.error:Started server process [24260]
INFO:uvicorn.error:Waiting for application startup.
INFO:uvicorn.error:Application startup complete.
WARNING:uvicorn.error:WatchFiles detected changes in 'pixel_analysis.py'. Reloading...
INFO:uvicorn.error:Shutting down
INFO:uvicorn.error:Waiting for application shutdown.
INFO:uvicorn.error:Application shutdown complete.
INFO:uvicorn.error:Finished server process [24260]
INFO:uvicorn.error:Started server process [2812]
INFO:uvicorn.error:Waiting for application startup.
INFO:uvicorn.error:Application startup complete.
WARNING:uvicorn.error:WatchFiles detected changes in 'pixel_analysis.py'. Reloading...
INFO:uvicorn.error:Shutting down
INFO:uvicorn.error:Waiting for application shutdown.
INFO:uvicorn.error:Application shutdown complete.
INFO:uvicorn.error:Finished server process [2812]
INFO:uvicorn.error:Started server process [26584]
INFO:uvicorn.error:Waiting for application startup.
INFO:uvicorn.error:Application startup complete.
WARNING:uvicorn.error:WatchFiles detected changes in 'pixel_analysis.py'. Reloading...
INFO:uvicorn.error:Shutting down
INFO:uvicorn.error:Waiting for application shutdown.
INFO:uvicorn.error:Application shutdown complete.
INFO:uvicorn.error:Finished server process [26584]
INFO:uvicorn.error:Started server process [14196]
INFO:uvicorn.error:Waiting for application startup.
INFO:uvicorn.error:Application startup complete.
WARNING:uvicorn.error:WatchFiles detected changes in 'pixel_analysis.py'. Reloading...
INFO:uvicorn.error:Shutting down
INFO:uvicorn.error:Waiting for application shutdown.
INFO:uvicorn.error:Application shutdown complete.
INFO:uvicorn.error:Finished server process [14196]
INFO:uvicorn.error:Started server process [12772]
INFO:uvicorn.error:Waiting for application startup.
INFO:uvicorn.error:Application startup complete.
WARNING:uvicorn.error:WatchFiles detected changes in 'pixel_analysis.py'. Reloading...
INFO:uvicorn.error:Shutting down
INFO:uvicorn.error:Waiting for application shutdown.
INFO:uvicorn.error:Application shutdown complete.
INFO:uvicorn.error:Finished server process [12772]
INFO:uvicorn.error:Started server process [21976]
INFO:uvicorn.error:Waiting for application startup.
INFO:uvicorn.error:Application startup complete.
WARNING:uvicorn.error:WatchFiles detected changes in 'pixel_analysis.py'. Reloading...
INFO:uvicorn.error:Shutting down
INFO:uvicorn.error:Waiting for application shutdown.
INFO:uvicorn.error:Application shutdown complete.
INFO:uvicorn.error:Finished server process [21976]
INFO:uvicorn.error:Started server process [14728]
INFO:uvicorn.error:Waiting for application startup.
INFO:uvicorn.error:Application startup complete.
ERROR:uvicorn.error:Exception in ASGI application
Traceback (most recent call last):
  File "C:\Users\marcoleung\Desktop\Fraud Detection Tool\Fraud Document Detector\01_Source_Code\myenv\lib\site-packages\uvicorn\protocols\http\httptools_impl.py", line 409, in run_asgi
    result = await app(  # type: ignore[func-returns-value]
  File "C:\Users\marcoleung\Desktop\Fraud Detection Tool\Fraud Document Detector\01_Source_Code\myenv\lib\site-packages\uvicorn\middleware\proxy_headers.py", line 60, in __call__
    return await self.app(scope, receive, send)
  File "C:\Users\marcoleung\Desktop\Fraud Detection Tool\Fraud Document Detector\01_Source_Code\myenv\lib\site-packages\fastapi\applications.py", line 1054, in __call__
    await super().__call__(scope, receive, send)
  File "C:\Users\marcoleung\Desktop\Fraud Detection Tool\Fraud Document Detector\01_Source_Code\myenv\lib\site-packages\starlette\applications.py", line 113, in __call__
    await self.middleware_stack(scope, receive, send)
  File "C:\Users\marcoleung\Desktop\Fraud Detection Tool\Fraud Document Detector\01_Source_Code\myenv\lib\site-packages\starlette\middleware\errors.py", line 187, in __call__
    raise exc
  File "C:\Users\marcoleung\Desktop\Fraud Detection Tool\Fraud Document Detector\01_Source_Code\myenv\lib\site-packages\starlette\middleware\errors.py", line 165, in __call__
    await self.app(scope, receive, _send)
  File "C:\Users\marcoleung\Desktop\Fraud Detection Tool\Fraud Document Detector\01_Source_Code\myenv\lib\site-packages\starlette\middleware\cors.py", line 93, in __call__
    await self.simple_response(scope, receive, send, request_headers=headers)
  File "C:\Users\marcoleung\Desktop\Fraud Detection Tool\Fraud Document Detector\01_Source_Code\myenv\lib\site-packages\starlette\middleware\cors.py", line 144, in simple_response
    await self.app(scope, receive, send)
  File "C:\Users\marcoleung\Desktop\Fraud Detection Tool\Fraud Document Detector\01_Source_Code\myenv\lib\site-packages\starlette\middleware\exceptions.py", line 62, in __call__
    await wrap_app_handling_exceptions(self.app, conn)(scope, receive, send)
  File "C:\Users\marcoleung\Desktop\Fraud Detection Tool\Fraud Document Detector\01_Source_Code\myenv\lib\site-packages\starlette\_exception_handler.py", line 62, in wrapped_app
    raise exc
  File "C:\Users\marcoleung\Desktop\Fraud Detection Tool\Fraud Document Detector\01_Source_Code\myenv\lib\site-packages\starlette\_exception_handler.py", line 51, in wrapped_app
    await app(scope, receive, sender)
  File "C:\Users\marcoleung\Desktop\Fraud Detection Tool\Fraud Document Detector\01_Source_Code\myenv\lib\site-packages\starlette\routing.py", line 715, in __call__
    await self.middleware_stack(scope, receive, send)
  File "C:\Users\marcoleung\Desktop\Fraud Detection Tool\Fraud Document Detector\01_Source_Code\myenv\lib\site-packages\starlette\routing.py", line 735, in app
    await route.handle(scope, receive, send)
  File "C:\Users\marcoleung\Desktop\Fraud Detection Tool\Fraud Document Detector\01_Source_Code\myenv\lib\site-packages\starlette\routing.py", line 288, in handle
    await self.app(scope, receive, send)
  File "C:\Users\marcoleung\Desktop\Fraud Detection Tool\Fraud Document Detector\01_Source_Code\myenv\lib\site-packages\starlette\routing.py", line 76, in app
    await wrap_app_handling_exceptions(app, request)(scope, receive, send)
  File "C:\Users\marcoleung\Desktop\Fraud Detection Tool\Fraud Document Detector\01_Source_Code\myenv\lib\site-packages\starlette\_exception_handler.py", line 62, in wrapped_app
    raise exc
  File "C:\Users\marcoleung\Desktop\Fraud Detection Tool\Fraud Document Detector\01_Source_Code\myenv\lib\site-packages\starlette\_exception_handler.py", line 51, in wrapped_app
    await app(scope, receive, sender)
  File "C:\Users\marcoleung\Desktop\Fraud Detection Tool\Fraud Document Detector\01_Source_Code\myenv\lib\site-packages\starlette\routing.py", line 73, in app
    response = await f(request)
  File "C:\Users\marcoleung\Desktop\Fraud Detection Tool\Fraud Document Detector\01_Source_Code\myenv\lib\site-packages\fastapi\routing.py", line 327, in app
    content = await serialize_response(
  File "C:\Users\marcoleung\Desktop\Fraud Detection Tool\Fraud Document Detector\01_Source_Code\myenv\lib\site-packages\fastapi\routing.py", line 181, in serialize_response
    return field.serialize(
  File "C:\Users\marcoleung\Desktop\Fraud Detection Tool\Fraud Document Detector\01_Source_Code\myenv\lib\site-packages\fastapi\_compat.py", line 149, in serialize
    return self._type_adapter.dump_python(
  File "C:\Users\marcoleung\Desktop\Fraud Detection Tool\Fraud Document Detector\01_Source_Code\myenv\lib\site-packages\pydantic\type_adapter.py", line 135, in wrapped
    return func(self, *args, **kwargs)
  File "C:\Users\marcoleung\Desktop\Fraud Detection Tool\Fraud Document Detector\01_Source_Code\myenv\lib\site-packages\pydantic\type_adapter.py", line 451, in dump_python
    return self.serializer.to_python(
pydantic_core._pydantic_core.PydanticSerializationError: Unable to serialize unknown type: <class 'numpy.float32'>
WARNING:uvicorn.error:WatchFiles detected changes in 'pixel_analysis.py'. Reloading...
INFO:uvicorn.error:Shutting down
INFO:uvicorn.error:Waiting for application shutdown.
INFO:uvicorn.error:Application shutdown complete.
INFO:uvicorn.error:Finished server process [14728]
INFO:uvicorn.error:Started server process [19044]
INFO:uvicorn.error:Waiting for application startup.
INFO:uvicorn.error:Application startup complete.
WARNING:uvicorn.error:WatchFiles detected changes in 'pixel_analysis.py'. Reloading...
INFO:uvicorn.error:Shutting down
INFO:uvicorn.error:Waiting for application shutdown.
INFO:uvicorn.error:Application shutdown complete.
INFO:uvicorn.error:Finished server process [19044]
INFO:uvicorn.error:Started server process [12240]
INFO:uvicorn.error:Waiting for application startup.
INFO:uvicorn.error:Application startup complete.
WARNING:uvicorn.error:WatchFiles detected changes in 'pixel_analysis.py'. Reloading...
INFO:uvicorn.error:Shutting down
INFO:uvicorn.error:Waiting for application shutdown.
INFO:uvicorn.error:Application shutdown complete.
INFO:uvicorn.error:Finished server process [12240]
INFO:uvicorn.error:Started server process [22680]
INFO:uvicorn.error:Waiting for application startup.
INFO:uvicorn.error:Application startup complete.
WARNING:uvicorn.error:WatchFiles detected changes in 'pixel_analysis.py'. Reloading...
INFO:uvicorn.error:Shutting down
INFO:uvicorn.error:Waiting for application shutdown.
INFO:uvicorn.error:Application shutdown complete.
INFO:uvicorn.error:Finished server process [22680]
WARNING:uvicorn.error:WatchFiles detected changes in 'pixel_analysis.py'. Reloading...
INFO:uvicorn.error:Started server process [24152]
INFO:uvicorn.error:Waiting for application startup.
INFO:uvicorn.error:Application startup complete.
ERROR:uvicorn.error:Traceback (most recent call last):
  File "C:\Users\marcoleung\AppData\Local\Programs\Python\Python39\lib\asyncio\runners.py", line 44, in run
    return loop.run_until_complete(main)
  File "C:\Users\marcoleung\AppData\Local\Programs\Python\Python39\lib\asyncio\base_events.py", line 634, in run_until_complete
    self.run_forever()
  File "C:\Users\marcoleung\AppData\Local\Programs\Python\Python39\lib\asyncio\base_events.py", line 601, in run_forever
    self._run_once()
  File "C:\Users\marcoleung\AppData\Local\Programs\Python\Python39\lib\asyncio\base_events.py", line 1905, in _run_once
    handle._run()
  File "C:\Users\marcoleung\AppData\Local\Programs\Python\Python39\lib\asyncio\events.py", line 80, in _run
    self._context.run(self._callback, *self._args)
  File "C:\Users\marcoleung\Desktop\Fraud Detection Tool\Fraud Document Detector\01_Source_Code\myenv\lib\site-packages\uvicorn\server.py", line 71, in serve
    await self._serve(sockets)
  File "C:\Users\marcoleung\AppData\Local\Programs\Python\Python39\lib\contextlib.py", line 126, in __exit__
    next(self.gen)
  File "C:\Users\marcoleung\Desktop\Fraud Detection Tool\Fraud Document Detector\01_Source_Code\myenv\lib\site-packages\uvicorn\server.py", line 331, in capture_signals
    signal.raise_signal(captured_signal)
KeyboardInterrupt

During handling of the above exception, another exception occurred:

Traceback (most recent call last):
  File "C:\Users\marcoleung\Desktop\Fraud Detection Tool\Fraud Document Detector\01_Source_Code\myenv\lib\site-packages\starlette\routing.py", line 700, in lifespan
    await receive()
  File "C:\Users\marcoleung\Desktop\Fraud Detection Tool\Fraud Document Detector\01_Source_Code\myenv\lib\site-packages\uvicorn\lifespan\on.py", line 137, in receive
    return await self.receive_queue.get()
  File "C:\Users\marcoleung\AppData\Local\Programs\Python\Python39\lib\asyncio\queues.py", line 166, in get
    await getter
asyncio.exceptions.CancelledError

INFO:uvicorn.error:Started server process [14660]
INFO:uvicorn.error:Waiting for application startup.
INFO:uvicorn.error:Application startup complete.
WARNING:uvicorn.error:WatchFiles detected changes in 'pixel_analysis.py'. Reloading...
INFO:uvicorn.error:Shutting down
INFO:uvicorn.error:Waiting for application shutdown.
INFO:uvicorn.error:Application shutdown complete.
INFO:uvicorn.error:Finished server process [14660]
INFO:uvicorn.error:Started server process [4164]
INFO:uvicorn.error:Waiting for application startup.
INFO:uvicorn.error:Application startup complete.
WARNING:uvicorn.error:WatchFiles detected changes in 'pixel_analysis.py'. Reloading...
INFO:uvicorn.error:Shutting down
INFO:uvicorn.error:Waiting for application shutdown.
INFO:uvicorn.error:Application shutdown complete.
INFO:uvicorn.error:Finished server process [4164]
INFO:uvicorn.error:Started server process [11760]
INFO:uvicorn.error:Waiting for application startup.
INFO:uvicorn.error:Application startup complete.
WARNING:uvicorn.error:WatchFiles detected changes in 'pixel_analysis.py'. Reloading...
INFO:uvicorn.error:Shutting down
INFO:uvicorn.error:Waiting for application shutdown.
INFO:uvicorn.error:Application shutdown complete.
INFO:uvicorn.error:Finished server process [11760]
INFO:uvicorn.error:Started server process [21208]
INFO:uvicorn.error:Waiting for application startup.
INFO:uvicorn.error:Application startup complete.
WARNING:uvicorn.error:WatchFiles detected changes in 'pixel_analysis.py'. Reloading...
INFO:uvicorn.error:Shutting down
INFO:uvicorn.error:Waiting for application shutdown.
INFO:uvicorn.error:Application shutdown complete.
INFO:uvicorn.error:Finished server process [21208]
INFO:uvicorn.error:Started server process [5472]
INFO:uvicorn.error:Waiting for application startup.
INFO:uvicorn.error:Application startup complete.
WARNING:uvicorn.error:WatchFiles detected changes in 'pixel_analysis.py'. Reloading...
INFO:uvicorn.error:Shutting down
INFO:uvicorn.error:Waiting for application shutdown.
INFO:uvicorn.error:Application shutdown complete.
INFO:uvicorn.error:Finished server process [5472]
WARNING:uvicorn.error:WatchFiles detected changes in 'pixel_analysis.py'. Reloading...
INFO:uvicorn.error:Started server process [24956]
INFO:uvicorn.error:Waiting for application startup.
INFO:uvicorn.error:Application startup complete.
ERROR:uvicorn.error:Traceback (most recent call last):
  File "C:\Users\marcoleung\AppData\Local\Programs\Python\Python39\lib\asyncio\runners.py", line 44, in run
    return loop.run_until_complete(main)
  File "C:\Users\marcoleung\AppData\Local\Programs\Python\Python39\lib\asyncio\base_events.py", line 634, in run_until_complete
    self.run_forever()
  File "C:\Users\marcoleung\AppData\Local\Programs\Python\Python39\lib\asyncio\base_events.py", line 601, in run_forever
    self._run_once()
  File "C:\Users\marcoleung\AppData\Local\Programs\Python\Python39\lib\asyncio\base_events.py", line 1905, in _run_once
    handle._run()
  File "C:\Users\marcoleung\AppData\Local\Programs\Python\Python39\lib\asyncio\events.py", line 80, in _run
    self._context.run(self._callback, *self._args)
  File "C:\Users\marcoleung\Desktop\Fraud Detection Tool\Fraud Document Detector\01_Source_Code\myenv\lib\site-packages\uvicorn\server.py", line 71, in serve
    await self._serve(sockets)
  File "C:\Users\marcoleung\AppData\Local\Programs\Python\Python39\lib\contextlib.py", line 126, in __exit__
    next(self.gen)
  File "C:\Users\marcoleung\Desktop\Fraud Detection Tool\Fraud Document Detector\01_Source_Code\myenv\lib\site-packages\uvicorn\server.py", line 331, in capture_signals
    signal.raise_signal(captured_signal)
KeyboardInterrupt

During handling of the above exception, another exception occurred:

Traceback (most recent call last):
  File "C:\Users\marcoleung\Desktop\Fraud Detection Tool\Fraud Document Detector\01_Source_Code\myenv\lib\site-packages\starlette\routing.py", line 700, in lifespan
    await receive()
  File "C:\Users\marcoleung\Desktop\Fraud Detection Tool\Fraud Document Detector\01_Source_Code\myenv\lib\site-packages\uvicorn\lifespan\on.py", line 137, in receive
    return await self.receive_queue.get()
  File "C:\Users\marcoleung\AppData\Local\Programs\Python\Python39\lib\asyncio\queues.py", line 166, in get
    await getter
asyncio.exceptions.CancelledError

INFO:uvicorn.error:Started server process [11424]
INFO:uvicorn.error:Waiting for application startup.
INFO:uvicorn.error:Application startup complete.
WARNING:uvicorn.error:WatchFiles detected changes in 'pixel_analysis.py'. Reloading...
INFO:uvicorn.error:Shutting down
INFO:uvicorn.error:Waiting for application shutdown.
INFO:uvicorn.error:Application shutdown complete.
INFO:uvicorn.error:Finished server process [11424]
WARNING:uvicorn.error:WatchFiles detected changes in 'pixel_analysis.py'. Reloading...
INFO:uvicorn.error:Started server process [23744]
INFO:uvicorn.error:Waiting for application startup.
INFO:uvicorn.error:Application startup complete.
ERROR:uvicorn.error:Traceback (most recent call last):
  File "C:\Users\marcoleung\AppData\Local\Programs\Python\Python39\lib\asyncio\runners.py", line 44, in run
    return loop.run_until_complete(main)
  File "C:\Users\marcoleung\AppData\Local\Programs\Python\Python39\lib\asyncio\base_events.py", line 634, in run_until_complete
    self.run_forever()
  File "C:\Users\marcoleung\AppData\Local\Programs\Python\Python39\lib\asyncio\base_events.py", line 601, in run_forever
    self._run_once()
  File "C:\Users\marcoleung\AppData\Local\Programs\Python\Python39\lib\asyncio\base_events.py", line 1905, in _run_once
    handle._run()
  File "C:\Users\marcoleung\AppData\Local\Programs\Python\Python39\lib\asyncio\events.py", line 80, in _run
    self._context.run(self._callback, *self._args)
  File "C:\Users\marcoleung\Desktop\Fraud Detection Tool\Fraud Document Detector\01_Source_Code\myenv\lib\site-packages\uvicorn\server.py", line 71, in serve
    await self._serve(sockets)
  File "C:\Users\marcoleung\AppData\Local\Programs\Python\Python39\lib\contextlib.py", line 126, in __exit__
    next(self.gen)
  File "C:\Users\marcoleung\Desktop\Fraud Detection Tool\Fraud Document Detector\01_Source_Code\myenv\lib\site-packages\uvicorn\server.py", line 331, in capture_signals
    signal.raise_signal(captured_signal)
KeyboardInterrupt

During handling of the above exception, another exception occurred:

Traceback (most recent call last):
  File "C:\Users\marcoleung\Desktop\Fraud Detection Tool\Fraud Document Detector\01_Source_Code\myenv\lib\site-packages\starlette\routing.py", line 700, in lifespan
    await receive()
  File "C:\Users\marcoleung\Desktop\Fraud Detection Tool\Fraud Document Detector\01_Source_Code\myenv\lib\site-packages\uvicorn\lifespan\on.py", line 137, in receive
    return await self.receive_queue.get()
  File "C:\Users\marcoleung\AppData\Local\Programs\Python\Python39\lib\asyncio\queues.py", line 166, in get
    await getter
asyncio.exceptions.CancelledError

INFO:uvicorn.error:Started server process [26196]
INFO:uvicorn.error:Waiting for application startup.
INFO:uvicorn.error:Application startup complete.
WARNING:uvicorn.error:WatchFiles detected changes in 'pixel_analysis.py'. Reloading...
INFO:uvicorn.error:Shutting down
INFO:uvicorn.error:Waiting for application shutdown.
INFO:uvicorn.error:Application shutdown complete.
INFO:uvicorn.error:Finished server process [26196]
INFO:uvicorn.error:Started server process [21496]
INFO:uvicorn.error:Waiting for application startup.
INFO:uvicorn.error:Application startup complete.
WARNING:uvicorn.error:WatchFiles detected changes in 'pixel_analysis.py'. Reloading...
INFO:uvicorn.error:Shutting down
INFO:uvicorn.error:Waiting for application shutdown.
INFO:uvicorn.error:Application shutdown complete.
INFO:uvicorn.error:Finished server process [21496]
INFO:uvicorn.error:Started server process [9132]
INFO:uvicorn.error:Waiting for application startup.
INFO:uvicorn.error:Application startup complete.
WARNING:uvicorn.error:WatchFiles detected changes in 'pca_api.py'. Reloading...
INFO:uvicorn.error:Shutting down
INFO:uvicorn.error:Waiting for application shutdown.
INFO:uvicorn.error:Application shutdown complete.
INFO:uvicorn.error:Finished server process [9132]
WARNING:uvicorn.error:WatchFiles detected changes in 'pca_api.py'. Reloading...
WARNING:uvicorn.error:WatchFiles detected changes in 'pca_api.py'. Reloading...
INFO:uvicorn.error:Started server process [24252]
INFO:uvicorn.error:Waiting for application startup.
INFO:uvicorn.error:Application startup complete.
WARNING:uvicorn.error:WatchFiles detected changes in 'pca_api.py'. Reloading...
INFO:uvicorn.error:Shutting down
INFO:uvicorn.error:Waiting for application shutdown.
INFO:uvicorn.error:Application shutdown complete.
INFO:uvicorn.error:Finished server process [24252]
INFO:uvicorn.error:Started server process [13896]
INFO:uvicorn.error:Waiting for application startup.
INFO:uvicorn.error:Application startup complete.
WARNING:uvicorn.error:WatchFiles detected changes in 'pca_api.py'. Reloading...
INFO:uvicorn.error:Shutting down
INFO:uvicorn.error:Waiting for application shutdown.
INFO:uvicorn.error:Application shutdown complete.
INFO:uvicorn.error:Finished server process [13896]
INFO:uvicorn.error:Started server process [23016]
INFO:uvicorn.error:Waiting for application startup.
INFO:uvicorn.error:Application startup complete.
WARNING:uvicorn.error:WatchFiles detected changes in 'pca_api.py'. Reloading...
INFO:uvicorn.error:Shutting down
INFO:uvicorn.error:Waiting for application shutdown.
INFO:uvicorn.error:Application shutdown complete.
INFO:uvicorn.error:Finished server process [23016]
INFO:uvicorn.error:Started server process [11704]
INFO:uvicorn.error:Waiting for application startup.
INFO:uvicorn.error:Application startup complete.
WARNING:uvicorn.error:WatchFiles detected changes in 'pca_api.py'. Reloading...
INFO:uvicorn.error:Shutting down
INFO:uvicorn.error:Waiting for application shutdown.
INFO:uvicorn.error:Application shutdown complete.
INFO:uvicorn.error:Finished server process [11704]
INFO:uvicorn.error:Started server process [23260]
INFO:uvicorn.error:Waiting for application startup.
INFO:uvicorn.error:Application startup complete.
WARNING:uvicorn.error:WatchFiles detected changes in 'pca_api.py'. Reloading...
INFO:uvicorn.error:Shutting down
INFO:uvicorn.error:Waiting for application shutdown.
INFO:uvicorn.error:Application shutdown complete.
INFO:uvicorn.error:Finished server process [23260]
INFO:uvicorn.error:Started server process [24848]
INFO:uvicorn.error:Waiting for application startup.
INFO:uvicorn.error:Application startup complete.
WARNING:uvicorn.error:WatchFiles detected changes in 'pca_api.py'. Reloading...
INFO:uvicorn.error:Shutting down
INFO:uvicorn.error:Waiting for application shutdown.
INFO:uvicorn.error:Application shutdown complete.
INFO:uvicorn.error:Finished server process [24848]
INFO:uvicorn.error:Started server process [18984]
INFO:uvicorn.error:Waiting for application startup.
INFO:uvicorn.error:Application startup complete.
WARNING:uvicorn.error:WatchFiles detected changes in 'main.py'. Reloading...
INFO:uvicorn.error:Shutting down
INFO:uvicorn.error:Waiting for application shutdown.
INFO:uvicorn.error:Application shutdown complete.
INFO:uvicorn.error:Finished server process [18984]
WARNING:uvicorn.error:WatchFiles detected changes in 'main.py'. Reloading...
INFO:uvicorn.error:Started server process [26288]
INFO:uvicorn.error:Waiting for application startup.
INFO:uvicorn.error:Application startup complete.
ERROR:uvicorn.error:Traceback (most recent call last):
  File "C:\Users\marcoleung\AppData\Local\Programs\Python\Python39\lib\asyncio\runners.py", line 44, in run
    return loop.run_until_complete(main)
  File "C:\Users\marcoleung\AppData\Local\Programs\Python\Python39\lib\asyncio\base_events.py", line 634, in run_until_complete
    self.run_forever()
  File "C:\Users\marcoleung\AppData\Local\Programs\Python\Python39\lib\asyncio\base_events.py", line 601, in run_forever
    self._run_once()
  File "C:\Users\marcoleung\AppData\Local\Programs\Python\Python39\lib\asyncio\base_events.py", line 1905, in _run_once
    handle._run()
  File "C:\Users\marcoleung\AppData\Local\Programs\Python\Python39\lib\asyncio\events.py", line 80, in _run
    self._context.run(self._callback, *self._args)
  File "C:\Users\marcoleung\Desktop\Fraud Detection Tool\Fraud Document Detector\01_Source_Code\myenv\lib\site-packages\uvicorn\server.py", line 71, in serve
    await self._serve(sockets)
  File "C:\Users\marcoleung\AppData\Local\Programs\Python\Python39\lib\contextlib.py", line 126, in __exit__
    next(self.gen)
  File "C:\Users\marcoleung\Desktop\Fraud Detection Tool\Fraud Document Detector\01_Source_Code\myenv\lib\site-packages\uvicorn\server.py", line 331, in capture_signals
    signal.raise_signal(captured_signal)
KeyboardInterrupt

During handling of the above exception, another exception occurred:

Traceback (most recent call last):
  File "C:\Users\marcoleung\Desktop\Fraud Detection Tool\Fraud Document Detector\01_Source_Code\myenv\lib\site-packages\starlette\routing.py", line 700, in lifespan
    await receive()
  File "C:\Users\marcoleung\Desktop\Fraud Detection Tool\Fraud Document Detector\01_Source_Code\myenv\lib\site-packages\uvicorn\lifespan\on.py", line 137, in receive
    return await self.receive_queue.get()
  File "C:\Users\marcoleung\AppData\Local\Programs\Python\Python39\lib\asyncio\queues.py", line 166, in get
    await getter
asyncio.exceptions.CancelledError

INFO:uvicorn.error:Started server process [13916]
INFO:uvicorn.error:Waiting for application startup.
INFO:uvicorn.error:Application startup complete.
WARNING:uvicorn.error:WatchFiles detected changes in 'main.py'. Reloading...
INFO:uvicorn.error:Shutting down
INFO:uvicorn.error:Waiting for application shutdown.
INFO:uvicorn.error:Application shutdown complete.
INFO:uvicorn.error:Finished server process [13916]
WARNING:uvicorn.error:WatchFiles detected changes in 'main.py'. Reloading...
INFO:uvicorn.error:Started server process [23568]
INFO:uvicorn.error:Waiting for application startup.
INFO:uvicorn.error:Application startup complete.
ERROR:uvicorn.error:Traceback (most recent call last):
  File "C:\Users\marcoleung\AppData\Local\Programs\Python\Python39\lib\asyncio\runners.py", line 44, in run
    return loop.run_until_complete(main)
  File "C:\Users\marcoleung\AppData\Local\Programs\Python\Python39\lib\asyncio\base_events.py", line 634, in run_until_complete
    self.run_forever()
  File "C:\Users\marcoleung\AppData\Local\Programs\Python\Python39\lib\asyncio\base_events.py", line 601, in run_forever
    self._run_once()
  File "C:\Users\marcoleung\AppData\Local\Programs\Python\Python39\lib\asyncio\base_events.py", line 1905, in _run_once
    handle._run()
  File "C:\Users\marcoleung\AppData\Local\Programs\Python\Python39\lib\asyncio\events.py", line 80, in _run
    self._context.run(self._callback, *self._args)
  File "C:\Users\marcoleung\Desktop\Fraud Detection Tool\Fraud Document Detector\01_Source_Code\myenv\lib\site-packages\uvicorn\server.py", line 71, in serve
    await self._serve(sockets)
  File "C:\Users\marcoleung\AppData\Local\Programs\Python\Python39\lib\contextlib.py", line 126, in __exit__
    next(self.gen)
  File "C:\Users\marcoleung\Desktop\Fraud Detection Tool\Fraud Document Detector\01_Source_Code\myenv\lib\site-packages\uvicorn\server.py", line 331, in capture_signals
    signal.raise_signal(captured_signal)
KeyboardInterrupt

During handling of the above exception, another exception occurred:

Traceback (most recent call last):
  File "C:\Users\marcoleung\Desktop\Fraud Detection Tool\Fraud Document Detector\01_Source_Code\myenv\lib\site-packages\starlette\routing.py", line 700, in lifespan
    await receive()
  File "C:\Users\marcoleung\Desktop\Fraud Detection Tool\Fraud Document Detector\01_Source_Code\myenv\lib\site-packages\uvicorn\lifespan\on.py", line 137, in receive
    return await self.receive_queue.get()
  File "C:\Users\marcoleung\AppData\Local\Programs\Python\Python39\lib\asyncio\queues.py", line 166, in get
    await getter
asyncio.exceptions.CancelledError

INFO:uvicorn.error:Started server process [10248]
INFO:uvicorn.error:Waiting for application startup.
INFO:uvicorn.error:Application startup complete.
WARNING:uvicorn.error:WatchFiles detected changes in 'main.py'. Reloading...
INFO:uvicorn.error:Shutting down
INFO:uvicorn.error:Waiting for application shutdown.
INFO:uvicorn.error:Application shutdown complete.
INFO:uvicorn.error:Finished server process [10248]
WARNING:uvicorn.error:WatchFiles detected changes in 'pca_api.py'. Reloading...
WARNING:uvicorn.error:WatchFiles detected changes in 'main.py'. Reloading...
INFO:uvicorn.error:Started server process [13192]
INFO:uvicorn.error:Waiting for application startup.
INFO:uvicorn.error:Application startup complete.
ERROR:uvicorn.error:Exception in ASGI application
Traceback (most recent call last):
  File "C:\Users\marcoleung\Desktop\Fraud Detection Tool\Fraud Document Detector\01_Source_Code\myenv\lib\site-packages\uvicorn\protocols\http\httptools_impl.py", line 409, in run_asgi
    result = await app(  # type: ignore[func-returns-value]
  File "C:\Users\marcoleung\Desktop\Fraud Detection Tool\Fraud Document Detector\01_Source_Code\myenv\lib\site-packages\uvicorn\middleware\proxy_headers.py", line 60, in __call__
    return await self.app(scope, receive, send)
  File "C:\Users\marcoleung\Desktop\Fraud Detection Tool\Fraud Document Detector\01_Source_Code\myenv\lib\site-packages\fastapi\applications.py", line 1054, in __call__
    await super().__call__(scope, receive, send)
  File "C:\Users\marcoleung\Desktop\Fraud Detection Tool\Fraud Document Detector\01_Source_Code\myenv\lib\site-packages\starlette\applications.py", line 113, in __call__
    await self.middleware_stack(scope, receive, send)
  File "C:\Users\marcoleung\Desktop\Fraud Detection Tool\Fraud Document Detector\01_Source_Code\myenv\lib\site-packages\starlette\middleware\errors.py", line 187, in __call__
    raise exc
  File "C:\Users\marcoleung\Desktop\Fraud Detection Tool\Fraud Document Detector\01_Source_Code\myenv\lib\site-packages\starlette\middleware\errors.py", line 165, in __call__
    await self.app(scope, receive, _send)
  File "C:\Users\marcoleung\Desktop\Fraud Detection Tool\Fraud Document Detector\01_Source_Code\myenv\lib\site-packages\starlette\middleware\cors.py", line 93, in __call__
    await self.simple_response(scope, receive, send, request_headers=headers)
  File "C:\Users\marcoleung\Desktop\Fraud Detection Tool\Fraud Document Detector\01_Source_Code\myenv\lib\site-packages\starlette\middleware\cors.py", line 144, in simple_response
    await self.app(scope, receive, send)
  File "C:\Users\marcoleung\Desktop\Fraud Detection Tool\Fraud Document Detector\01_Source_Code\myenv\lib\site-packages\starlette\middleware\exceptions.py", line 62, in __call__
    await wrap_app_handling_exceptions(self.app, conn)(scope, receive, send)
  File "C:\Users\marcoleung\Desktop\Fraud Detection Tool\Fraud Document Detector\01_Source_Code\myenv\lib\site-packages\starlette\_exception_handler.py", line 62, in wrapped_app
    raise exc
  File "C:\Users\marcoleung\Desktop\Fraud Detection Tool\Fraud Document Detector\01_Source_Code\myenv\lib\site-packages\starlette\_exception_handler.py", line 51, in wrapped_app
    await app(scope, receive, sender)
  File "C:\Users\marcoleung\Desktop\Fraud Detection Tool\Fraud Document Detector\01_Source_Code\myenv\lib\site-packages\starlette\routing.py", line 715, in __call__
    await self.middleware_stack(scope, receive, send)
  File "C:\Users\marcoleung\Desktop\Fraud Detection Tool\Fraud Document Detector\01_Source_Code\myenv\lib\site-packages\starlette\routing.py", line 735, in app
    await route.handle(scope, receive, send)
  File "C:\Users\marcoleung\Desktop\Fraud Detection Tool\Fraud Document Detector\01_Source_Code\myenv\lib\site-packages\starlette\routing.py", line 288, in handle
    await self.app(scope, receive, send)
  File "C:\Users\marcoleung\Desktop\Fraud Detection Tool\Fraud Document Detector\01_Source_Code\myenv\lib\site-packages\starlette\routing.py", line 76, in app
    await wrap_app_handling_exceptions(app, request)(scope, receive, send)
  File "C:\Users\marcoleung\Desktop\Fraud Detection Tool\Fraud Document Detector\01_Source_Code\myenv\lib\site-packages\starlette\_exception_handler.py", line 62, in wrapped_app
    raise exc
  File "C:\Users\marcoleung\Desktop\Fraud Detection Tool\Fraud Document Detector\01_Source_Code\myenv\lib\site-packages\starlette\_exception_handler.py", line 51, in wrapped_app
    await app(scope, receive, sender)
  File "C:\Users\marcoleung\Desktop\Fraud Detection Tool\Fraud Document Detector\01_Source_Code\myenv\lib\site-packages\starlette\routing.py", line 73, in app
    response = await f(request)
  File "C:\Users\marcoleung\Desktop\Fraud Detection Tool\Fraud Document Detector\01_Source_Code\myenv\lib\site-packages\fastapi\routing.py", line 327, in app
    content = await serialize_response(
  File "C:\Users\marcoleung\Desktop\Fraud Detection Tool\Fraud Document Detector\01_Source_Code\myenv\lib\site-packages\fastapi\routing.py", line 176, in serialize_response
    raise ResponseValidationError(
fastapi.exceptions.ResponseValidationError: 7 validation errors:
  {'type': 'missing', 'loc': ('response', 'filename'), 'msg': 'Field required', 'input': {'results': [], 'total_alerts': 0, 'alert_messages': []}}
  {'type': 'missing', 'loc': ('response', 'component'), 'msg': 'Field required', 'input': {'results': [], 'total_alerts': 0, 'alert_messages': []}}
  {'type': 'missing', 'loc': ('response', 'mode'), 'msg': 'Field required', 'input': {'results': [], 'total_alerts': 0, 'alert_messages': []}}
  {'type': 'missing', 'loc': ('response', 'invert'), 'msg': 'Field required', 'input': {'results': [], 'total_alerts': 0, 'alert_messages': []}}
  {'type': 'missing', 'loc': ('response', 'equalize'), 'msg': 'Field required', 'input': {'results': [], 'total_alerts': 0, 'alert_messages': []}}
  {'type': 'missing', 'loc': ('response', 'pca_data'), 'msg': 'Field required', 'input': {'results': [], 'total_alerts': 0, 'alert_messages': []}}
  {'type': 'missing', 'loc': ('response', 'result_image'), 'msg': 'Field required', 'input': {'results': [], 'total_alerts': 0, 'alert_messages': []}}

ERROR:uvicorn.error:Exception in ASGI application
Traceback (most recent call last):
  File "C:\Users\marcoleung\Desktop\Fraud Detection Tool\Fraud Document Detector\01_Source_Code\myenv\lib\site-packages\uvicorn\protocols\http\httptools_impl.py", line 409, in run_asgi
    result = await app(  # type: ignore[func-returns-value]
  File "C:\Users\marcoleung\Desktop\Fraud Detection Tool\Fraud Document Detector\01_Source_Code\myenv\lib\site-packages\uvicorn\middleware\proxy_headers.py", line 60, in __call__
    return await self.app(scope, receive, send)
  File "C:\Users\marcoleung\Desktop\Fraud Detection Tool\Fraud Document Detector\01_Source_Code\myenv\lib\site-packages\fastapi\applications.py", line 1054, in __call__
    await super().__call__(scope, receive, send)
  File "C:\Users\marcoleung\Desktop\Fraud Detection Tool\Fraud Document Detector\01_Source_Code\myenv\lib\site-packages\starlette\applications.py", line 113, in __call__
    await self.middleware_stack(scope, receive, send)
  File "C:\Users\marcoleung\Desktop\Fraud Detection Tool\Fraud Document Detector\01_Source_Code\myenv\lib\site-packages\starlette\middleware\errors.py", line 187, in __call__
    raise exc
  File "C:\Users\marcoleung\Desktop\Fraud Detection Tool\Fraud Document Detector\01_Source_Code\myenv\lib\site-packages\starlette\middleware\errors.py", line 165, in __call__
    await self.app(scope, receive, _send)
  File "C:\Users\marcoleung\Desktop\Fraud Detection Tool\Fraud Document Detector\01_Source_Code\myenv\lib\site-packages\starlette\middleware\cors.py", line 93, in __call__
    await self.simple_response(scope, receive, send, request_headers=headers)
  File "C:\Users\marcoleung\Desktop\Fraud Detection Tool\Fraud Document Detector\01_Source_Code\myenv\lib\site-packages\starlette\middleware\cors.py", line 144, in simple_response
    await self.app(scope, receive, send)
  File "C:\Users\marcoleung\Desktop\Fraud Detection Tool\Fraud Document Detector\01_Source_Code\myenv\lib\site-packages\starlette\middleware\exceptions.py", line 62, in __call__
    await wrap_app_handling_exceptions(self.app, conn)(scope, receive, send)
  File "C:\Users\marcoleung\Desktop\Fraud Detection Tool\Fraud Document Detector\01_Source_Code\myenv\lib\site-packages\starlette\_exception_handler.py", line 62, in wrapped_app
    raise exc
  File "C:\Users\marcoleung\Desktop\Fraud Detection Tool\Fraud Document Detector\01_Source_Code\myenv\lib\site-packages\starlette\_exception_handler.py", line 51, in wrapped_app
    await app(scope, receive, sender)
  File "C:\Users\marcoleung\Desktop\Fraud Detection Tool\Fraud Document Detector\01_Source_Code\myenv\lib\site-packages\starlette\routing.py", line 715, in __call__
    await self.middleware_stack(scope, receive, send)
  File "C:\Users\marcoleung\Desktop\Fraud Detection Tool\Fraud Document Detector\01_Source_Code\myenv\lib\site-packages\starlette\routing.py", line 735, in app
    await route.handle(scope, receive, send)
  File "C:\Users\marcoleung\Desktop\Fraud Detection Tool\Fraud Document Detector\01_Source_Code\myenv\lib\site-packages\starlette\routing.py", line 288, in handle
    await self.app(scope, receive, send)
  File "C:\Users\marcoleung\Desktop\Fraud Detection Tool\Fraud Document Detector\01_Source_Code\myenv\lib\site-packages\starlette\routing.py", line 76, in app
    await wrap_app_handling_exceptions(app, request)(scope, receive, send)
  File "C:\Users\marcoleung\Desktop\Fraud Detection Tool\Fraud Document Detector\01_Source_Code\myenv\lib\site-packages\starlette\_exception_handler.py", line 62, in wrapped_app
    raise exc
  File "C:\Users\marcoleung\Desktop\Fraud Detection Tool\Fraud Document Detector\01_Source_Code\myenv\lib\site-packages\starlette\_exception_handler.py", line 51, in wrapped_app
    await app(scope, receive, sender)
  File "C:\Users\marcoleung\Desktop\Fraud Detection Tool\Fraud Document Detector\01_Source_Code\myenv\lib\site-packages\starlette\routing.py", line 73, in app
    response = await f(request)
  File "C:\Users\marcoleung\Desktop\Fraud Detection Tool\Fraud Document Detector\01_Source_Code\myenv\lib\site-packages\fastapi\routing.py", line 327, in app
    content = await serialize_response(
  File "C:\Users\marcoleung\Desktop\Fraud Detection Tool\Fraud Document Detector\01_Source_Code\myenv\lib\site-packages\fastapi\routing.py", line 176, in serialize_response
    raise ResponseValidationError(
fastapi.exceptions.ResponseValidationError: 7 validation errors:
  {'type': 'missing', 'loc': ('response', 'filename'), 'msg': 'Field required', 'input': {'results': [], 'total_alerts': 0, 'alert_messages': []}}
  {'type': 'missing', 'loc': ('response', 'component'), 'msg': 'Field required', 'input': {'results': [], 'total_alerts': 0, 'alert_messages': []}}
  {'type': 'missing', 'loc': ('response', 'mode'), 'msg': 'Field required', 'input': {'results': [], 'total_alerts': 0, 'alert_messages': []}}
  {'type': 'missing', 'loc': ('response', 'invert'), 'msg': 'Field required', 'input': {'results': [], 'total_alerts': 0, 'alert_messages': []}}
  {'type': 'missing', 'loc': ('response', 'equalize'), 'msg': 'Field required', 'input': {'results': [], 'total_alerts': 0, 'alert_messages': []}}
  {'type': 'missing', 'loc': ('response', 'pca_data'), 'msg': 'Field required', 'input': {'results': [], 'total_alerts': 0, 'alert_messages': []}}
  {'type': 'missing', 'loc': ('response', 'result_image'), 'msg': 'Field required', 'input': {'results': [], 'total_alerts': 0, 'alert_messages': []}}

WARNING:uvicorn.error:WatchFiles detected changes in 'pca_api.py'. Reloading...
INFO:uvicorn.error:Shutting down
INFO:uvicorn.error:Waiting for application shutdown.
INFO:uvicorn.error:Application shutdown complete.
INFO:uvicorn.error:Finished server process [13192]
INFO:uvicorn.error:Started server process [21700]
INFO:uvicorn.error:Waiting for application startup.
INFO:uvicorn.error:Application startup complete.
WARNING:uvicorn.error:WatchFiles detected changes in 'main.py'. Reloading...
INFO:uvicorn.error:Shutting down
INFO:uvicorn.error:Waiting for application shutdown.
INFO:uvicorn.error:Application shutdown complete.
INFO:uvicorn.error:Finished server process [21700]
INFO:uvicorn.error:Started server process [20752]
INFO:uvicorn.error:Waiting for application startup.
INFO:uvicorn.error:Application startup complete.
WARNING:uvicorn.error:WatchFiles detected changes in 'main.py'. Reloading...
INFO:uvicorn.error:Shutting down
INFO:uvicorn.error:Waiting for application shutdown.
INFO:uvicorn.error:Application shutdown complete.
INFO:uvicorn.error:Finished server process [20752]
INFO:uvicorn.error:Started server process [4476]
INFO:uvicorn.error:Waiting for application startup.
INFO:uvicorn.error:Application startup complete.
WARNING:uvicorn.error:WatchFiles detected changes in 'main.py'. Reloading...
INFO:uvicorn.error:Shutting down
INFO:uvicorn.error:Waiting for application shutdown.
INFO:uvicorn.error:Application shutdown complete.
INFO:uvicorn.error:Finished server process [4476]
INFO:uvicorn.error:Started server process [22920]
INFO:uvicorn.error:Waiting for application startup.
INFO:uvicorn.error:Application startup complete.
WARNING:uvicorn.error:WatchFiles detected changes in 'pca_api.py'. Reloading...
INFO:uvicorn.error:Shutting down
INFO:uvicorn.error:Waiting for application shutdown.
INFO:uvicorn.error:Application shutdown complete.
INFO:uvicorn.error:Finished server process [22920]
INFO:uvicorn.error:Started server process [3264]
INFO:uvicorn.error:Waiting for application startup.
INFO:uvicorn.error:Application startup complete.
WARNING:uvicorn.error:WatchFiles detected changes in 'pca_api.py'. Reloading...
INFO:uvicorn.error:Shutting down
INFO:uvicorn.error:Waiting for application shutdown.
INFO:uvicorn.error:Application shutdown complete.
INFO:uvicorn.error:Finished server process [3264]
INFO:uvicorn.error:Started server process [14460]
INFO:uvicorn.error:Waiting for application startup.
INFO:uvicorn.error:Application startup complete.
WARNING:uvicorn.error:WatchFiles detected changes in 'pca_api.py'. Reloading...
INFO:uvicorn.error:Shutting down
INFO:uvicorn.error:Waiting for application shutdown.
INFO:uvicorn.error:Application shutdown complete.
INFO:uvicorn.error:Finished server process [14460]
INFO:uvicorn.error:Started server process [23364]
INFO:uvicorn.error:Waiting for application startup.
INFO:uvicorn.error:Application startup complete.
WARNING:uvicorn.error:WatchFiles detected changes in 'pca_api.py'. Reloading...
INFO:uvicorn.error:Shutting down
INFO:uvicorn.error:Waiting for application shutdown.
INFO:uvicorn.error:Application shutdown complete.
INFO:uvicorn.error:Finished server process [23364]
INFO:uvicorn.error:Started server process [21836]
INFO:uvicorn.error:Waiting for application startup.
INFO:uvicorn.error:Application startup complete.
WARNING:uvicorn.error:WatchFiles detected changes in 'pca_api.py', 'pca_analysis.py'. Reloading...
INFO:uvicorn.error:Shutting down
INFO:uvicorn.error:Waiting for application shutdown.
INFO:uvicorn.error:Application shutdown complete.
INFO:uvicorn.error:Finished server process [21836]
WARNING:uvicorn.error:WatchFiles detected changes in 'pca_analysis.py'. Reloading...
WARNING:uvicorn.error:WatchFiles detected changes in 'pca_analysis.py'. Reloading...
WARNING:uvicorn.error:WatchFiles detected changes in 'main.py'. Reloading...
INFO:uvicorn.error:Started server process [18508]
INFO:uvicorn.error:Waiting for application startup.
INFO:uvicorn.error:Application startup complete.
INFO:uvicorn.error:Will watch for changes in these directories: ['C:\\Users\\marcoleung\\Desktop\\Fraud Detection Tool\\Fraud Document Detector\\01_Source_Code\\backend_api']
INFO:uvicorn.error:Uvicorn running on http://127.0.0.1:8000 (Press CTRL+C to quit)
INFO:uvicorn.error:Started reloader process [19696] using WatchFiles
INFO:uvicorn.error:Started server process [21812]
INFO:uvicorn.error:Waiting for application startup.
INFO:uvicorn.error:Application startup complete.
WARNING:uvicorn.error:WatchFiles detected changes in 'main.py'. Reloading...
INFO:uvicorn.error:Shutting down
INFO:uvicorn.error:Waiting for application shutdown.
INFO:uvicorn.error:Application shutdown complete.
INFO:uvicorn.error:Finished server process [21812]
INFO:uvicorn.error:Started server process [15272]
INFO:uvicorn.error:Waiting for application startup.
INFO:uvicorn.error:Application startup complete.
WARNING:uvicorn.error:WatchFiles detected changes in 'main.py'. Reloading...
INFO:uvicorn.error:Shutting down
INFO:uvicorn.error:Waiting for application shutdown.
INFO:uvicorn.error:Application shutdown complete.
INFO:uvicorn.error:Finished server process [15272]
INFO:uvicorn.error:Started server process [2604]
INFO:uvicorn.error:Waiting for application startup.
INFO:uvicorn.error:Application startup complete.
ERROR:uvicorn.error:Exception in ASGI application
Traceback (most recent call last):
  File "C:\Users\marcoleung\Desktop\Fraud Detection Tool\Fraud Document Detector\01_Source_Code\myenv\lib\site-packages\uvicorn\protocols\http\httptools_impl.py", line 409, in run_asgi
    result = await app(  # type: ignore[func-returns-value]
  File "C:\Users\marcoleung\Desktop\Fraud Detection Tool\Fraud Document Detector\01_Source_Code\myenv\lib\site-packages\uvicorn\middleware\proxy_headers.py", line 60, in __call__
    return await self.app(scope, receive, send)
  File "C:\Users\marcoleung\Desktop\Fraud Detection Tool\Fraud Document Detector\01_Source_Code\myenv\lib\site-packages\fastapi\applications.py", line 1054, in __call__
    await super().__call__(scope, receive, send)
  File "C:\Users\marcoleung\Desktop\Fraud Detection Tool\Fraud Document Detector\01_Source_Code\myenv\lib\site-packages\starlette\applications.py", line 113, in __call__
    await self.middleware_stack(scope, receive, send)
  File "C:\Users\marcoleung\Desktop\Fraud Detection Tool\Fraud Document Detector\01_Source_Code\myenv\lib\site-packages\starlette\middleware\errors.py", line 187, in __call__
    raise exc
  File "C:\Users\marcoleung\Desktop\Fraud Detection Tool\Fraud Document Detector\01_Source_Code\myenv\lib\site-packages\starlette\middleware\errors.py", line 165, in __call__
    await self.app(scope, receive, _send)
  File "C:\Users\marcoleung\Desktop\Fraud Detection Tool\Fraud Document Detector\01_Source_Code\myenv\lib\site-packages\starlette\middleware\cors.py", line 93, in __call__
    await self.simple_response(scope, receive, send, request_headers=headers)
  File "C:\Users\marcoleung\Desktop\Fraud Detection Tool\Fraud Document Detector\01_Source_Code\myenv\lib\site-packages\starlette\middleware\cors.py", line 144, in simple_response
    await self.app(scope, receive, send)
  File "C:\Users\marcoleung\Desktop\Fraud Detection Tool\Fraud Document Detector\01_Source_Code\myenv\lib\site-packages\starlette\middleware\exceptions.py", line 62, in __call__
    await wrap_app_handling_exceptions(self.app, conn)(scope, receive, send)
  File "C:\Users\marcoleung\Desktop\Fraud Detection Tool\Fraud Document Detector\01_Source_Code\myenv\lib\site-packages\starlette\_exception_handler.py", line 62, in wrapped_app
    raise exc
  File "C:\Users\marcoleung\Desktop\Fraud Detection Tool\Fraud Document Detector\01_Source_Code\myenv\lib\site-packages\starlette\_exception_handler.py", line 51, in wrapped_app
    await app(scope, receive, sender)
  File "C:\Users\marcoleung\Desktop\Fraud Detection Tool\Fraud Document Detector\01_Source_Code\myenv\lib\site-packages\starlette\routing.py", line 715, in __call__
    await self.middleware_stack(scope, receive, send)
  File "C:\Users\marcoleung\Desktop\Fraud Detection Tool\Fraud Document Detector\01_Source_Code\myenv\lib\site-packages\starlette\routing.py", line 735, in app
    await route.handle(scope, receive, send)
  File "C:\Users\marcoleung\Desktop\Fraud Detection Tool\Fraud Document Detector\01_Source_Code\myenv\lib\site-packages\starlette\routing.py", line 288, in handle
    await self.app(scope, receive, send)
  File "C:\Users\marcoleung\Desktop\Fraud Detection Tool\Fraud Document Detector\01_Source_Code\myenv\lib\site-packages\starlette\routing.py", line 76, in app
    await wrap_app_handling_exceptions(app, request)(scope, receive, send)
  File "C:\Users\marcoleung\Desktop\Fraud Detection Tool\Fraud Document Detector\01_Source_Code\myenv\lib\site-packages\starlette\_exception_handler.py", line 62, in wrapped_app
    raise exc
  File "C:\Users\marcoleung\Desktop\Fraud Detection Tool\Fraud Document Detector\01_Source_Code\myenv\lib\site-packages\starlette\_exception_handler.py", line 51, in wrapped_app
    await app(scope, receive, sender)
  File "C:\Users\marcoleung\Desktop\Fraud Detection Tool\Fraud Document Detector\01_Source_Code\myenv\lib\site-packages\starlette\routing.py", line 73, in app
    response = await f(request)
  File "C:\Users\marcoleung\Desktop\Fraud Detection Tool\Fraud Document Detector\01_Source_Code\myenv\lib\site-packages\fastapi\routing.py", line 327, in app
    content = await serialize_response(
  File "C:\Users\marcoleung\Desktop\Fraud Detection Tool\Fraud Document Detector\01_Source_Code\myenv\lib\site-packages\fastapi\routing.py", line 176, in serialize_response
    raise ResponseValidationError(
fastapi.exceptions.ResponseValidationError: 1 validation errors:
  {'type': 'missing', 'loc': ('response', 'total_alerts'), 'msg': 'Field required', 'input': {'results': []}}

ERROR:uvicorn.error:Exception in ASGI application
Traceback (most recent call last):
  File "C:\Users\marcoleung\Desktop\Fraud Detection Tool\Fraud Document Detector\01_Source_Code\myenv\lib\site-packages\uvicorn\protocols\http\httptools_impl.py", line 409, in run_asgi
    result = await app(  # type: ignore[func-returns-value]
  File "C:\Users\marcoleung\Desktop\Fraud Detection Tool\Fraud Document Detector\01_Source_Code\myenv\lib\site-packages\uvicorn\middleware\proxy_headers.py", line 60, in __call__
    return await self.app(scope, receive, send)
  File "C:\Users\marcoleung\Desktop\Fraud Detection Tool\Fraud Document Detector\01_Source_Code\myenv\lib\site-packages\fastapi\applications.py", line 1054, in __call__
    await super().__call__(scope, receive, send)
  File "C:\Users\marcoleung\Desktop\Fraud Detection Tool\Fraud Document Detector\01_Source_Code\myenv\lib\site-packages\starlette\applications.py", line 113, in __call__
    await self.middleware_stack(scope, receive, send)
  File "C:\Users\marcoleung\Desktop\Fraud Detection Tool\Fraud Document Detector\01_Source_Code\myenv\lib\site-packages\starlette\middleware\errors.py", line 187, in __call__
    raise exc
  File "C:\Users\marcoleung\Desktop\Fraud Detection Tool\Fraud Document Detector\01_Source_Code\myenv\lib\site-packages\starlette\middleware\errors.py", line 165, in __call__
    await self.app(scope, receive, _send)
  File "C:\Users\marcoleung\Desktop\Fraud Detection Tool\Fraud Document Detector\01_Source_Code\myenv\lib\site-packages\starlette\middleware\cors.py", line 93, in __call__
    await self.simple_response(scope, receive, send, request_headers=headers)
  File "C:\Users\marcoleung\Desktop\Fraud Detection Tool\Fraud Document Detector\01_Source_Code\myenv\lib\site-packages\starlette\middleware\cors.py", line 144, in simple_response
    await self.app(scope, receive, send)
  File "C:\Users\marcoleung\Desktop\Fraud Detection Tool\Fraud Document Detector\01_Source_Code\myenv\lib\site-packages\starlette\middleware\exceptions.py", line 62, in __call__
    await wrap_app_handling_exceptions(self.app, conn)(scope, receive, send)
  File "C:\Users\marcoleung\Desktop\Fraud Detection Tool\Fraud Document Detector\01_Source_Code\myenv\lib\site-packages\starlette\_exception_handler.py", line 62, in wrapped_app
    raise exc
  File "C:\Users\marcoleung\Desktop\Fraud Detection Tool\Fraud Document Detector\01_Source_Code\myenv\lib\site-packages\starlette\_exception_handler.py", line 51, in wrapped_app
    await app(scope, receive, sender)
  File "C:\Users\marcoleung\Desktop\Fraud Detection Tool\Fraud Document Detector\01_Source_Code\myenv\lib\site-packages\starlette\routing.py", line 715, in __call__
    await self.middleware_stack(scope, receive, send)
  File "C:\Users\marcoleung\Desktop\Fraud Detection Tool\Fraud Document Detector\01_Source_Code\myenv\lib\site-packages\starlette\routing.py", line 735, in app
    await route.handle(scope, receive, send)
  File "C:\Users\marcoleung\Desktop\Fraud Detection Tool\Fraud Document Detector\01_Source_Code\myenv\lib\site-packages\starlette\routing.py", line 288, in handle
    await self.app(scope, receive, send)
  File "C:\Users\marcoleung\Desktop\Fraud Detection Tool\Fraud Document Detector\01_Source_Code\myenv\lib\site-packages\starlette\routing.py", line 76, in app
    await wrap_app_handling_exceptions(app, request)(scope, receive, send)
  File "C:\Users\marcoleung\Desktop\Fraud Detection Tool\Fraud Document Detector\01_Source_Code\myenv\lib\site-packages\starlette\_exception_handler.py", line 62, in wrapped_app
    raise exc
  File "C:\Users\marcoleung\Desktop\Fraud Detection Tool\Fraud Document Detector\01_Source_Code\myenv\lib\site-packages\starlette\_exception_handler.py", line 51, in wrapped_app
    await app(scope, receive, sender)
  File "C:\Users\marcoleung\Desktop\Fraud Detection Tool\Fraud Document Detector\01_Source_Code\myenv\lib\site-packages\starlette\routing.py", line 73, in app
    response = await f(request)
  File "C:\Users\marcoleung\Desktop\Fraud Detection Tool\Fraud Document Detector\01_Source_Code\myenv\lib\site-packages\fastapi\routing.py", line 327, in app
    content = await serialize_response(
  File "C:\Users\marcoleung\Desktop\Fraud Detection Tool\Fraud Document Detector\01_Source_Code\myenv\lib\site-packages\fastapi\routing.py", line 176, in serialize_response
    raise ResponseValidationError(
fastapi.exceptions.ResponseValidationError: 1 validation errors:
  {'type': 'missing', 'loc': ('response', 'total_alerts'), 'msg': 'Field required', 'input': {'results': []}}

WARNING:uvicorn.error:WatchFiles detected changes in 'main.py'. Reloading...
INFO:uvicorn.error:Shutting down
INFO:uvicorn.error:Waiting for application shutdown.
INFO:uvicorn.error:Application shutdown complete.
INFO:uvicorn.error:Finished server process [2604]
INFO:uvicorn.error:Started server process [17180]
INFO:uvicorn.error:Waiting for application startup.
INFO:uvicorn.error:Application startup complete.
ERROR:uvicorn.error:Exception in ASGI application
Traceback (most recent call last):
  File "C:\Users\marcoleung\Desktop\Fraud Detection Tool\Fraud Document Detector\01_Source_Code\myenv\lib\site-packages\uvicorn\protocols\http\httptools_impl.py", line 409, in run_asgi
    result = await app(  # type: ignore[func-returns-value]
  File "C:\Users\marcoleung\Desktop\Fraud Detection Tool\Fraud Document Detector\01_Source_Code\myenv\lib\site-packages\uvicorn\middleware\proxy_headers.py", line 60, in __call__
    return await self.app(scope, receive, send)
  File "C:\Users\marcoleung\Desktop\Fraud Detection Tool\Fraud Document Detector\01_Source_Code\myenv\lib\site-packages\fastapi\applications.py", line 1054, in __call__
    await super().__call__(scope, receive, send)
  File "C:\Users\marcoleung\Desktop\Fraud Detection Tool\Fraud Document Detector\01_Source_Code\myenv\lib\site-packages\starlette\applications.py", line 113, in __call__
    await self.middleware_stack(scope, receive, send)
  File "C:\Users\marcoleung\Desktop\Fraud Detection Tool\Fraud Document Detector\01_Source_Code\myenv\lib\site-packages\starlette\middleware\errors.py", line 187, in __call__
    raise exc
  File "C:\Users\marcoleung\Desktop\Fraud Detection Tool\Fraud Document Detector\01_Source_Code\myenv\lib\site-packages\starlette\middleware\errors.py", line 165, in __call__
    await self.app(scope, receive, _send)
  File "C:\Users\marcoleung\Desktop\Fraud Detection Tool\Fraud Document Detector\01_Source_Code\myenv\lib\site-packages\starlette\middleware\cors.py", line 93, in __call__
    await self.simple_response(scope, receive, send, request_headers=headers)
  File "C:\Users\marcoleung\Desktop\Fraud Detection Tool\Fraud Document Detector\01_Source_Code\myenv\lib\site-packages\starlette\middleware\cors.py", line 144, in simple_response
    await self.app(scope, receive, send)
  File "C:\Users\marcoleung\Desktop\Fraud Detection Tool\Fraud Document Detector\01_Source_Code\myenv\lib\site-packages\starlette\middleware\exceptions.py", line 62, in __call__
    await wrap_app_handling_exceptions(self.app, conn)(scope, receive, send)
  File "C:\Users\marcoleung\Desktop\Fraud Detection Tool\Fraud Document Detector\01_Source_Code\myenv\lib\site-packages\starlette\_exception_handler.py", line 62, in wrapped_app
    raise exc
  File "C:\Users\marcoleung\Desktop\Fraud Detection Tool\Fraud Document Detector\01_Source_Code\myenv\lib\site-packages\starlette\_exception_handler.py", line 51, in wrapped_app
    await app(scope, receive, sender)
  File "C:\Users\marcoleung\Desktop\Fraud Detection Tool\Fraud Document Detector\01_Source_Code\myenv\lib\site-packages\starlette\routing.py", line 715, in __call__
    await self.middleware_stack(scope, receive, send)
  File "C:\Users\marcoleung\Desktop\Fraud Detection Tool\Fraud Document Detector\01_Source_Code\myenv\lib\site-packages\starlette\routing.py", line 735, in app
    await route.handle(scope, receive, send)
  File "C:\Users\marcoleung\Desktop\Fraud Detection Tool\Fraud Document Detector\01_Source_Code\myenv\lib\site-packages\starlette\routing.py", line 288, in handle
    await self.app(scope, receive, send)
  File "C:\Users\marcoleung\Desktop\Fraud Detection Tool\Fraud Document Detector\01_Source_Code\myenv\lib\site-packages\starlette\routing.py", line 76, in app
    await wrap_app_handling_exceptions(app, request)(scope, receive, send)
  File "C:\Users\marcoleung\Desktop\Fraud Detection Tool\Fraud Document Detector\01_Source_Code\myenv\lib\site-packages\starlette\_exception_handler.py", line 62, in wrapped_app
    raise exc
  File "C:\Users\marcoleung\Desktop\Fraud Detection Tool\Fraud Document Detector\01_Source_Code\myenv\lib\site-packages\starlette\_exception_handler.py", line 51, in wrapped_app
    await app(scope, receive, sender)
  File "C:\Users\marcoleung\Desktop\Fraud Detection Tool\Fraud Document Detector\01_Source_Code\myenv\lib\site-packages\starlette\routing.py", line 73, in app
    response = await f(request)
  File "C:\Users\marcoleung\Desktop\Fraud Detection Tool\Fraud Document Detector\01_Source_Code\myenv\lib\site-packages\fastapi\routing.py", line 327, in app
    content = await serialize_response(
  File "C:\Users\marcoleung\Desktop\Fraud Detection Tool\Fraud Document Detector\01_Source_Code\myenv\lib\site-packages\fastapi\routing.py", line 176, in serialize_response
    raise ResponseValidationError(
fastapi.exceptions.ResponseValidationError: 1 validation errors:
  {'type': 'missing', 'loc': ('response', 'total_alerts'), 'msg': 'Field required', 'input': {'results': []}}

WARNING:uvicorn.error:WatchFiles detected changes in 'pca_analysis.py'. Reloading...
INFO:uvicorn.error:Shutting down
INFO:uvicorn.error:Waiting for application shutdown.
INFO:uvicorn.error:Application shutdown complete.
INFO:uvicorn.error:Finished server process [17180]
WARNING:uvicorn.error:WatchFiles detected changes in 'main.py'. Reloading...
INFO:uvicorn.error:Started server process [12224]
INFO:uvicorn.error:Waiting for application startup.
INFO:uvicorn.error:Application startup complete.
ERROR:uvicorn.error:Traceback (most recent call last):
  File "C:\Users\marcoleung\AppData\Local\Programs\Python\Python39\lib\asyncio\runners.py", line 44, in run
    return loop.run_until_complete(main)
  File "C:\Users\marcoleung\AppData\Local\Programs\Python\Python39\lib\asyncio\base_events.py", line 634, in run_until_complete
    self.run_forever()
  File "C:\Users\marcoleung\AppData\Local\Programs\Python\Python39\lib\asyncio\base_events.py", line 601, in run_forever
    self._run_once()
  File "C:\Users\marcoleung\AppData\Local\Programs\Python\Python39\lib\asyncio\base_events.py", line 1905, in _run_once
    handle._run()
  File "C:\Users\marcoleung\AppData\Local\Programs\Python\Python39\lib\asyncio\events.py", line 80, in _run
    self._context.run(self._callback, *self._args)
  File "C:\Users\marcoleung\Desktop\Fraud Detection Tool\Fraud Document Detector\01_Source_Code\myenv\lib\site-packages\uvicorn\server.py", line 71, in serve
    await self._serve(sockets)
  File "C:\Users\marcoleung\AppData\Local\Programs\Python\Python39\lib\contextlib.py", line 126, in __exit__
    next(self.gen)
  File "C:\Users\marcoleung\Desktop\Fraud Detection Tool\Fraud Document Detector\01_Source_Code\myenv\lib\site-packages\uvicorn\server.py", line 331, in capture_signals
    signal.raise_signal(captured_signal)
KeyboardInterrupt

During handling of the above exception, another exception occurred:

Traceback (most recent call last):
  File "C:\Users\marcoleung\Desktop\Fraud Detection Tool\Fraud Document Detector\01_Source_Code\myenv\lib\site-packages\starlette\routing.py", line 700, in lifespan
    await receive()
  File "C:\Users\marcoleung\Desktop\Fraud Detection Tool\Fraud Document Detector\01_Source_Code\myenv\lib\site-packages\uvicorn\lifespan\on.py", line 137, in receive
    return await self.receive_queue.get()
  File "C:\Users\marcoleung\AppData\Local\Programs\Python\Python39\lib\asyncio\queues.py", line 166, in get
    await getter
asyncio.exceptions.CancelledError

INFO:uvicorn.error:Started server process [24480]
INFO:uvicorn.error:Waiting for application startup.
INFO:uvicorn.error:Application startup complete.
WARNING:uvicorn.error:WatchFiles detected changes in 'pca_analysis.py'. Reloading...
INFO:uvicorn.error:Shutting down
INFO:uvicorn.error:Waiting for application shutdown.
INFO:uvicorn.error:Application shutdown complete.
INFO:uvicorn.error:Finished server process [24480]
INFO:uvicorn.error:Started server process [21480]
INFO:uvicorn.error:Waiting for application startup.
INFO:uvicorn.error:Application startup complete.
WARNING:uvicorn.error:WatchFiles detected changes in 'pca_analysis.py'. Reloading...
INFO:uvicorn.error:Shutting down
INFO:uvicorn.error:Waiting for application shutdown.
INFO:uvicorn.error:Application shutdown complete.
INFO:uvicorn.error:Finished server process [21480]
WARNING:uvicorn.error:WatchFiles detected changes in 'main.py'. Reloading...
INFO:uvicorn.error:Started server process [12816]
INFO:uvicorn.error:Waiting for application startup.
INFO:uvicorn.error:Application startup complete.
ERROR:uvicorn.error:Traceback (most recent call last):
  File "C:\Users\marcoleung\AppData\Local\Programs\Python\Python39\lib\asyncio\runners.py", line 44, in run
    return loop.run_until_complete(main)
  File "C:\Users\marcoleung\AppData\Local\Programs\Python\Python39\lib\asyncio\base_events.py", line 634, in run_until_complete
    self.run_forever()
  File "C:\Users\marcoleung\AppData\Local\Programs\Python\Python39\lib\asyncio\base_events.py", line 601, in run_forever
    self._run_once()
  File "C:\Users\marcoleung\AppData\Local\Programs\Python\Python39\lib\asyncio\base_events.py", line 1905, in _run_once
    handle._run()
  File "C:\Users\marcoleung\AppData\Local\Programs\Python\Python39\lib\asyncio\events.py", line 80, in _run
    self._context.run(self._callback, *self._args)
  File "C:\Users\marcoleung\Desktop\Fraud Detection Tool\Fraud Document Detector\01_Source_Code\myenv\lib\site-packages\uvicorn\server.py", line 71, in serve
    await self._serve(sockets)
  File "C:\Users\marcoleung\AppData\Local\Programs\Python\Python39\lib\contextlib.py", line 126, in __exit__
    next(self.gen)
  File "C:\Users\marcoleung\Desktop\Fraud Detection Tool\Fraud Document Detector\01_Source_Code\myenv\lib\site-packages\uvicorn\server.py", line 331, in capture_signals
    signal.raise_signal(captured_signal)
KeyboardInterrupt

During handling of the above exception, another exception occurred:

Traceback (most recent call last):
  File "C:\Users\marcoleung\Desktop\Fraud Detection Tool\Fraud Document Detector\01_Source_Code\myenv\lib\site-packages\starlette\routing.py", line 700, in lifespan
    await receive()
  File "C:\Users\marcoleung\Desktop\Fraud Detection Tool\Fraud Document Detector\01_Source_Code\myenv\lib\site-packages\uvicorn\lifespan\on.py", line 137, in receive
    return await self.receive_queue.get()
  File "C:\Users\marcoleung\AppData\Local\Programs\Python\Python39\lib\asyncio\queues.py", line 166, in get
    await getter
asyncio.exceptions.CancelledError

INFO:uvicorn.error:Started server process [23788]
INFO:uvicorn.error:Waiting for application startup.
INFO:uvicorn.error:Application startup complete.
WARNING:uvicorn.error:WatchFiles detected changes in 'main.py'. Reloading...
INFO:uvicorn.error:Shutting down
INFO:uvicorn.error:Waiting for application shutdown.
INFO:uvicorn.error:Application shutdown complete.
INFO:uvicorn.error:Finished server process [23788]
INFO:uvicorn.error:Started server process [23384]
INFO:uvicorn.error:Waiting for application startup.
INFO:uvicorn.error:Application startup complete.
WARNING:uvicorn.error:WatchFiles detected changes in 'pca_analysis.py'. Reloading...
INFO:uvicorn.error:Shutting down
INFO:uvicorn.error:Waiting for application shutdown.
INFO:uvicorn.error:Application shutdown complete.
INFO:uvicorn.error:Finished server process [23384]
INFO:uvicorn.error:Started server process [23776]
INFO:uvicorn.error:Waiting for application startup.
INFO:uvicorn.error:Application startup complete.
WARNING:uvicorn.error:WatchFiles detected changes in 'main.py'. Reloading...
INFO:uvicorn.error:Shutting down
INFO:uvicorn.error:Waiting for application shutdown.
INFO:uvicorn.error:Application shutdown complete.
INFO:uvicorn.error:Finished server process [23776]
INFO:uvicorn.error:Started server process [12452]
INFO:uvicorn.error:Waiting for application startup.
INFO:uvicorn.error:Application startup complete.
WARNING:uvicorn.error:WatchFiles detected changes in 'main.py'. Reloading...
INFO:uvicorn.error:Shutting down
INFO:uvicorn.error:Waiting for application shutdown.
INFO:uvicorn.error:Application shutdown complete.
INFO:uvicorn.error:Finished server process [12452]
INFO:uvicorn.error:Started server process [15476]
INFO:uvicorn.error:Waiting for application startup.
INFO:uvicorn.error:Application startup complete.
ERROR:uvicorn.error:Exception in ASGI application
Traceback (most recent call last):
  File "C:\Users\marcoleung\Desktop\Fraud Detection Tool\Fraud Document Detector\01_Source_Code\myenv\lib\site-packages\uvicorn\protocols\http\httptools_impl.py", line 409, in run_asgi
    result = await app(  # type: ignore[func-returns-value]
  File "C:\Users\marcoleung\Desktop\Fraud Detection Tool\Fraud Document Detector\01_Source_Code\myenv\lib\site-packages\uvicorn\middleware\proxy_headers.py", line 60, in __call__
    return await self.app(scope, receive, send)
  File "C:\Users\marcoleung\Desktop\Fraud Detection Tool\Fraud Document Detector\01_Source_Code\myenv\lib\site-packages\fastapi\applications.py", line 1054, in __call__
    await super().__call__(scope, receive, send)
  File "C:\Users\marcoleung\Desktop\Fraud Detection Tool\Fraud Document Detector\01_Source_Code\myenv\lib\site-packages\starlette\applications.py", line 113, in __call__
    await self.middleware_stack(scope, receive, send)
  File "C:\Users\marcoleung\Desktop\Fraud Detection Tool\Fraud Document Detector\01_Source_Code\myenv\lib\site-packages\starlette\middleware\errors.py", line 187, in __call__
    raise exc
  File "C:\Users\marcoleung\Desktop\Fraud Detection Tool\Fraud Document Detector\01_Source_Code\myenv\lib\site-packages\starlette\middleware\errors.py", line 165, in __call__
    await self.app(scope, receive, _send)
  File "C:\Users\marcoleung\Desktop\Fraud Detection Tool\Fraud Document Detector\01_Source_Code\myenv\lib\site-packages\starlette\middleware\cors.py", line 93, in __call__
    await self.simple_response(scope, receive, send, request_headers=headers)
  File "C:\Users\marcoleung\Desktop\Fraud Detection Tool\Fraud Document Detector\01_Source_Code\myenv\lib\site-packages\starlette\middleware\cors.py", line 144, in simple_response
    await self.app(scope, receive, send)
  File "C:\Users\marcoleung\Desktop\Fraud Detection Tool\Fraud Document Detector\01_Source_Code\myenv\lib\site-packages\starlette\middleware\exceptions.py", line 62, in __call__
    await wrap_app_handling_exceptions(self.app, conn)(scope, receive, send)
  File "C:\Users\marcoleung\Desktop\Fraud Detection Tool\Fraud Document Detector\01_Source_Code\myenv\lib\site-packages\starlette\_exception_handler.py", line 62, in wrapped_app
    raise exc
  File "C:\Users\marcoleung\Desktop\Fraud Detection Tool\Fraud Document Detector\01_Source_Code\myenv\lib\site-packages\starlette\_exception_handler.py", line 51, in wrapped_app
    await app(scope, receive, sender)
  File "C:\Users\marcoleung\Desktop\Fraud Detection Tool\Fraud Document Detector\01_Source_Code\myenv\lib\site-packages\starlette\routing.py", line 715, in __call__
    await self.middleware_stack(scope, receive, send)
  File "C:\Users\marcoleung\Desktop\Fraud Detection Tool\Fraud Document Detector\01_Source_Code\myenv\lib\site-packages\starlette\routing.py", line 735, in app
    await route.handle(scope, receive, send)
  File "C:\Users\marcoleung\Desktop\Fraud Detection Tool\Fraud Document Detector\01_Source_Code\myenv\lib\site-packages\starlette\routing.py", line 288, in handle
    await self.app(scope, receive, send)
  File "C:\Users\marcoleung\Desktop\Fraud Detection Tool\Fraud Document Detector\01_Source_Code\myenv\lib\site-packages\starlette\routing.py", line 76, in app
    await wrap_app_handling_exceptions(app, request)(scope, receive, send)
  File "C:\Users\marcoleung\Desktop\Fraud Detection Tool\Fraud Document Detector\01_Source_Code\myenv\lib\site-packages\starlette\_exception_handler.py", line 62, in wrapped_app
    raise exc
  File "C:\Users\marcoleung\Desktop\Fraud Detection Tool\Fraud Document Detector\01_Source_Code\myenv\lib\site-packages\starlette\_exception_handler.py", line 51, in wrapped_app
    await app(scope, receive, sender)
  File "C:\Users\marcoleung\Desktop\Fraud Detection Tool\Fraud Document Detector\01_Source_Code\myenv\lib\site-packages\starlette\routing.py", line 73, in app
    response = await f(request)
  File "C:\Users\marcoleung\Desktop\Fraud Detection Tool\Fraud Document Detector\01_Source_Code\myenv\lib\site-packages\fastapi\routing.py", line 327, in app
    content = await serialize_response(
  File "C:\Users\marcoleung\Desktop\Fraud Detection Tool\Fraud Document Detector\01_Source_Code\myenv\lib\site-packages\fastapi\routing.py", line 176, in serialize_response
    raise ResponseValidationError(
fastapi.exceptions.ResponseValidationError: 1 validation errors:
  {'type': 'model_attributes_type', 'loc': ('response',), 'msg': 'Input should be a valid dictionary or object to extract fields from', 'input': None}

WARNING:uvicorn.error:WatchFiles detected changes in 'main.py'. Reloading...
INFO:uvicorn.error:Shutting down
INFO:uvicorn.error:Waiting for application shutdown.
INFO:uvicorn.error:Application shutdown complete.
INFO:uvicorn.error:Finished server process [15476]
INFO:uvicorn.error:Started server process [12848]
INFO:uvicorn.error:Waiting for application startup.
INFO:uvicorn.error:Application startup complete.
WARNING:uvicorn.error:WatchFiles detected changes in 'main.py'. Reloading...
INFO:uvicorn.error:Shutting down
INFO:uvicorn.error:Waiting for application shutdown.
INFO:uvicorn.error:Application shutdown complete.
INFO:uvicorn.error:Finished server process [12848]
INFO:uvicorn.error:Started server process [15064]
INFO:uvicorn.error:Waiting for application startup.
INFO:uvicorn.error:Application startup complete.
WARNING:uvicorn.error:WatchFiles detected changes in 'main.py'. Reloading...
INFO:uvicorn.error:Shutting down
INFO:uvicorn.error:Waiting for application shutdown.
INFO:uvicorn.error:Application shutdown complete.
INFO:uvicorn.error:Finished server process [15064]
WARNING:uvicorn.error:WatchFiles detected changes in 'pca_analysis.py'. Reloading...
INFO:uvicorn.error:Started server process [22228]
INFO:uvicorn.error:Waiting for application startup.
INFO:uvicorn.error:Application startup complete.
WARNING:uvicorn.error:WatchFiles detected changes in 'pca_analysis.py'. Reloading...
INFO:uvicorn.error:Shutting down
INFO:uvicorn.error:Waiting for application shutdown.
INFO:uvicorn.error:Application shutdown complete.
INFO:uvicorn.error:Finished server process [22228]
WARNING:uvicorn.error:WatchFiles detected changes in 'pca_analysis.py'. Reloading...
INFO:uvicorn.error:Started server process [23556]
INFO:uvicorn.error:Waiting for application startup.
INFO:uvicorn.error:Application startup complete.
WARNING:uvicorn.error:WatchFiles detected changes in 'pca_analysis.py'. Reloading...
INFO:uvicorn.error:Shutting down
INFO:uvicorn.error:Waiting for application shutdown.
INFO:uvicorn.error:Application shutdown complete.
INFO:uvicorn.error:Finished server process [23556]
INFO:uvicorn.error:Started server process [18692]
INFO:uvicorn.error:Waiting for application startup.
INFO:uvicorn.error:Application startup complete.
WARNING:uvicorn.error:WatchFiles detected changes in 'pca_analysis.py'. Reloading...
INFO:uvicorn.error:Shutting down
INFO:uvicorn.error:Waiting for application shutdown.
INFO:uvicorn.error:Application shutdown complete.
INFO:uvicorn.error:Finished server process [18692]
INFO:uvicorn.error:Started server process [4484]
INFO:uvicorn.error:Waiting for application startup.
INFO:uvicorn.error:Application startup complete.
WARNING:uvicorn.error:WatchFiles detected changes in 'main.py'. Reloading...
INFO:uvicorn.error:Shutting down
INFO:uvicorn.error:Waiting for application shutdown.
INFO:uvicorn.error:Application shutdown complete.
INFO:uvicorn.error:Finished server process [4484]
INFO:uvicorn.error:Started server process [11664]
INFO:uvicorn.error:Waiting for application startup.
INFO:uvicorn.error:Application startup complete.
WARNING:uvicorn.error:WatchFiles detected changes in 'main.py'. Reloading...
INFO:uvicorn.error:Shutting down
INFO:uvicorn.error:Waiting for application shutdown.
INFO:uvicorn.error:Application shutdown complete.
INFO:uvicorn.error:Finished server process [11664]
WARNING:uvicorn.error:WatchFiles detected changes in 'pca_analysis.py'. Reloading...
WARNING:uvicorn.error:WatchFiles detected changes in 'main.py'. Reloading...
INFO:uvicorn.error:Started server process [26132]
INFO:uvicorn.error:Waiting for application startup.
INFO:uvicorn.error:Application startup complete.
ERROR:uvicorn.error:Exception in ASGI application
Traceback (most recent call last):
  File "C:\Users\marcoleung\Desktop\Fraud Detection Tool\Fraud Document Detector\01_Source_Code\myenv\lib\site-packages\uvicorn\protocols\http\httptools_impl.py", line 409, in run_asgi
    result = await app(  # type: ignore[func-returns-value]
  File "C:\Users\marcoleung\Desktop\Fraud Detection Tool\Fraud Document Detector\01_Source_Code\myenv\lib\site-packages\uvicorn\middleware\proxy_headers.py", line 60, in __call__
    return await self.app(scope, receive, send)
  File "C:\Users\marcoleung\Desktop\Fraud Detection Tool\Fraud Document Detector\01_Source_Code\myenv\lib\site-packages\fastapi\applications.py", line 1054, in __call__
    await super().__call__(scope, receive, send)
  File "C:\Users\marcoleung\Desktop\Fraud Detection Tool\Fraud Document Detector\01_Source_Code\myenv\lib\site-packages\starlette\applications.py", line 113, in __call__
    await self.middleware_stack(scope, receive, send)
  File "C:\Users\marcoleung\Desktop\Fraud Detection Tool\Fraud Document Detector\01_Source_Code\myenv\lib\site-packages\starlette\middleware\errors.py", line 187, in __call__
    raise exc
  File "C:\Users\marcoleung\Desktop\Fraud Detection Tool\Fraud Document Detector\01_Source_Code\myenv\lib\site-packages\starlette\middleware\errors.py", line 165, in __call__
    await self.app(scope, receive, _send)
  File "C:\Users\marcoleung\Desktop\Fraud Detection Tool\Fraud Document Detector\01_Source_Code\myenv\lib\site-packages\starlette\middleware\cors.py", line 93, in __call__
    await self.simple_response(scope, receive, send, request_headers=headers)
  File "C:\Users\marcoleung\Desktop\Fraud Detection Tool\Fraud Document Detector\01_Source_Code\myenv\lib\site-packages\starlette\middleware\cors.py", line 144, in simple_response
    await self.app(scope, receive, send)
  File "C:\Users\marcoleung\Desktop\Fraud Detection Tool\Fraud Document Detector\01_Source_Code\myenv\lib\site-packages\starlette\middleware\exceptions.py", line 62, in __call__
    await wrap_app_handling_exceptions(self.app, conn)(scope, receive, send)
  File "C:\Users\marcoleung\Desktop\Fraud Detection Tool\Fraud Document Detector\01_Source_Code\myenv\lib\site-packages\starlette\_exception_handler.py", line 62, in wrapped_app
    raise exc
  File "C:\Users\marcoleung\Desktop\Fraud Detection Tool\Fraud Document Detector\01_Source_Code\myenv\lib\site-packages\starlette\_exception_handler.py", line 51, in wrapped_app
    await app(scope, receive, sender)
  File "C:\Users\marcoleung\Desktop\Fraud Detection Tool\Fraud Document Detector\01_Source_Code\myenv\lib\site-packages\starlette\routing.py", line 715, in __call__
    await self.middleware_stack(scope, receive, send)
  File "C:\Users\marcoleung\Desktop\Fraud Detection Tool\Fraud Document Detector\01_Source_Code\myenv\lib\site-packages\starlette\routing.py", line 735, in app
    await route.handle(scope, receive, send)
  File "C:\Users\marcoleung\Desktop\Fraud Detection Tool\Fraud Document Detector\01_Source_Code\myenv\lib\site-packages\starlette\routing.py", line 288, in handle
    await self.app(scope, receive, send)
  File "C:\Users\marcoleung\Desktop\Fraud Detection Tool\Fraud Document Detector\01_Source_Code\myenv\lib\site-packages\starlette\routing.py", line 76, in app
    await wrap_app_handling_exceptions(app, request)(scope, receive, send)
  File "C:\Users\marcoleung\Desktop\Fraud Detection Tool\Fraud Document Detector\01_Source_Code\myenv\lib\site-packages\starlette\_exception_handler.py", line 62, in wrapped_app
    raise exc
  File "C:\Users\marcoleung\Desktop\Fraud Detection Tool\Fraud Document Detector\01_Source_Code\myenv\lib\site-packages\starlette\_exception_handler.py", line 51, in wrapped_app
    await app(scope, receive, sender)
  File "C:\Users\marcoleung\Desktop\Fraud Detection Tool\Fraud Document Detector\01_Source_Code\myenv\lib\site-packages\starlette\routing.py", line 73, in app
    response = await f(request)
  File "C:\Users\marcoleung\Desktop\Fraud Detection Tool\Fraud Document Detector\01_Source_Code\myenv\lib\site-packages\fastapi\routing.py", line 301, in app
    raw_response = await run_endpoint_function(
  File "C:\Users\marcoleung\Desktop\Fraud Detection Tool\Fraud Document Detector\01_Source_Code\myenv\lib\site-packages\fastapi\routing.py", line 212, in run_endpoint_function
    return await dependant.call(**values)
  File "C:\Users\marcoleung\Desktop\Fraud Detection Tool\Fraud Document Detector\01_Source_Code\backend_api\main.py", line 752, in process_pca_with_params
    filename = Path(file.filename).name
AttributeError: 'tuple' object has no attribute 'filename'
WARNING:uvicorn.error:WatchFiles detected changes in 'main.py'. Reloading...
INFO:uvicorn.error:Shutting down
INFO:uvicorn.error:Waiting for application shutdown.
INFO:uvicorn.error:Application shutdown complete.
INFO:uvicorn.error:Finished server process [26132]
INFO:uvicorn.error:Started server process [20408]
INFO:uvicorn.error:Waiting for application startup.
INFO:uvicorn.error:Application startup complete.
INFO:uvicorn.error:Will watch for changes in these directories: ['C:\\Users\\marcoleung\\Desktop\\Fraud Detection Tool\\Fraud Document Detector\\01_Source_Code\\backend_api']
INFO:uvicorn.error:Uvicorn running on http://127.0.0.1:8000 (Press CTRL+C to quit)
INFO:uvicorn.error:Started reloader process [9004] using WatchFiles
INFO:uvicorn.error:Started server process [24240]
INFO:uvicorn.error:Waiting for application startup.
INFO:uvicorn.error:Application startup complete.
ERROR:uvicorn.error:Exception in ASGI application
Traceback (most recent call last):
  File "C:\Users\marcoleung\Desktop\Fraud Detection Tool\Fraud Document Detector\01_Source_Code\backend_api\main.py", line 761, in process_pca_with_params
    component=component,
NameError: name 'component' is not defined

During handling of the above exception, another exception occurred:

Traceback (most recent call last):
  File "C:\Users\marcoleung\Desktop\Fraud Detection Tool\Fraud Document Detector\01_Source_Code\myenv\lib\site-packages\uvicorn\protocols\http\httptools_impl.py", line 409, in run_asgi
    result = await app(  # type: ignore[func-returns-value]
  File "C:\Users\marcoleung\Desktop\Fraud Detection Tool\Fraud Document Detector\01_Source_Code\myenv\lib\site-packages\uvicorn\middleware\proxy_headers.py", line 60, in __call__
    return await self.app(scope, receive, send)
  File "C:\Users\marcoleung\Desktop\Fraud Detection Tool\Fraud Document Detector\01_Source_Code\myenv\lib\site-packages\fastapi\applications.py", line 1054, in __call__
    await super().__call__(scope, receive, send)
  File "C:\Users\marcoleung\Desktop\Fraud Detection Tool\Fraud Document Detector\01_Source_Code\myenv\lib\site-packages\starlette\applications.py", line 113, in __call__
    await self.middleware_stack(scope, receive, send)
  File "C:\Users\marcoleung\Desktop\Fraud Detection Tool\Fraud Document Detector\01_Source_Code\myenv\lib\site-packages\starlette\middleware\errors.py", line 187, in __call__
    raise exc
  File "C:\Users\marcoleung\Desktop\Fraud Detection Tool\Fraud Document Detector\01_Source_Code\myenv\lib\site-packages\starlette\middleware\errors.py", line 165, in __call__
    await self.app(scope, receive, _send)
  File "C:\Users\marcoleung\Desktop\Fraud Detection Tool\Fraud Document Detector\01_Source_Code\myenv\lib\site-packages\starlette\middleware\cors.py", line 93, in __call__
    await self.simple_response(scope, receive, send, request_headers=headers)
  File "C:\Users\marcoleung\Desktop\Fraud Detection Tool\Fraud Document Detector\01_Source_Code\myenv\lib\site-packages\starlette\middleware\cors.py", line 144, in simple_response
    await self.app(scope, receive, send)
  File "C:\Users\marcoleung\Desktop\Fraud Detection Tool\Fraud Document Detector\01_Source_Code\myenv\lib\site-packages\starlette\middleware\exceptions.py", line 62, in __call__
    await wrap_app_handling_exceptions(self.app, conn)(scope, receive, send)
  File "C:\Users\marcoleung\Desktop\Fraud Detection Tool\Fraud Document Detector\01_Source_Code\myenv\lib\site-packages\starlette\_exception_handler.py", line 62, in wrapped_app
    raise exc
  File "C:\Users\marcoleung\Desktop\Fraud Detection Tool\Fraud Document Detector\01_Source_Code\myenv\lib\site-packages\starlette\_exception_handler.py", line 51, in wrapped_app
    await app(scope, receive, sender)
  File "C:\Users\marcoleung\Desktop\Fraud Detection Tool\Fraud Document Detector\01_Source_Code\myenv\lib\site-packages\starlette\routing.py", line 715, in __call__
    await self.middleware_stack(scope, receive, send)
  File "C:\Users\marcoleung\Desktop\Fraud Detection Tool\Fraud Document Detector\01_Source_Code\myenv\lib\site-packages\starlette\routing.py", line 735, in app
    await route.handle(scope, receive, send)
  File "C:\Users\marcoleung\Desktop\Fraud Detection Tool\Fraud Document Detector\01_Source_Code\myenv\lib\site-packages\starlette\routing.py", line 288, in handle
    await self.app(scope, receive, send)
  File "C:\Users\marcoleung\Desktop\Fraud Detection Tool\Fraud Document Detector\01_Source_Code\myenv\lib\site-packages\starlette\routing.py", line 76, in app
    await wrap_app_handling_exceptions(app, request)(scope, receive, send)
  File "C:\Users\marcoleung\Desktop\Fraud Detection Tool\Fraud Document Detector\01_Source_Code\myenv\lib\site-packages\starlette\_exception_handler.py", line 62, in wrapped_app
    raise exc
  File "C:\Users\marcoleung\Desktop\Fraud Detection Tool\Fraud Document Detector\01_Source_Code\myenv\lib\site-packages\starlette\_exception_handler.py", line 51, in wrapped_app
    await app(scope, receive, sender)
  File "C:\Users\marcoleung\Desktop\Fraud Detection Tool\Fraud Document Detector\01_Source_Code\myenv\lib\site-packages\starlette\routing.py", line 73, in app
    response = await f(request)
  File "C:\Users\marcoleung\Desktop\Fraud Detection Tool\Fraud Document Detector\01_Source_Code\myenv\lib\site-packages\fastapi\routing.py", line 301, in app
    raw_response = await run_endpoint_function(
  File "C:\Users\marcoleung\Desktop\Fraud Detection Tool\Fraud Document Detector\01_Source_Code\myenv\lib\site-packages\fastapi\routing.py", line 212, in run_endpoint_function
    return await dependant.call(**values)
  File "C:\Users\marcoleung\Desktop\Fraud Detection Tool\Fraud Document Detector\01_Source_Code\backend_api\main.py", line 768, in process_pca_with_params
    print(f"Error in file {i+1} ({file.filename}):{str(e)}")
NameError: name 'i' is not defined
WARNING:uvicorn.error:WatchFiles detected changes in 'main.py'. Reloading...
INFO:uvicorn.error:Shutting down
INFO:uvicorn.error:Waiting for application shutdown.
INFO:uvicorn.error:Application shutdown complete.
INFO:uvicorn.error:Finished server process [24240]
INFO:uvicorn.error:Started server process [18612]
INFO:uvicorn.error:Waiting for application startup.
INFO:uvicorn.error:Application startup complete.
WARNING:uvicorn.error:WatchFiles detected changes in 'pca_analysis.py'. Reloading...
INFO:uvicorn.error:Shutting down
INFO:uvicorn.error:Waiting for application shutdown.
INFO:uvicorn.error:Application shutdown complete.
INFO:uvicorn.error:Finished server process [18612]
INFO:uvicorn.error:Started server process [23652]
INFO:uvicorn.error:Waiting for application startup.
INFO:uvicorn.error:Application startup complete.
WARNING:uvicorn.error:WatchFiles detected changes in 'main.py'. Reloading...
INFO:uvicorn.error:Shutting down
INFO:uvicorn.error:Waiting for application shutdown.
INFO:uvicorn.error:Application shutdown complete.
INFO:uvicorn.error:Finished server process [23652]
INFO:uvicorn.error:Started server process [13440]
INFO:uvicorn.error:Waiting for application startup.
INFO:uvicorn.error:Application startup complete.
WARNING:uvicorn.error:WatchFiles detected changes in 'main.py'. Reloading...
INFO:uvicorn.error:Shutting down
INFO:uvicorn.error:Waiting for application shutdown.
INFO:uvicorn.error:Application shutdown complete.
INFO:uvicorn.error:Finished server process [13440]
INFO:uvicorn.error:Started server process [20952]
INFO:uvicorn.error:Waiting for application startup.
INFO:uvicorn.error:Application startup complete.
ERROR:uvicorn.error:Exception in ASGI application
Traceback (most recent call last):
  File "C:\Users\marcoleung\Desktop\Fraud Detection Tool\Fraud Document Detector\01_Source_Code\backend_api\main.py", line 760, in process_pca_with_params
    uploaded_file=upload,
NameError: name 'upload' is not defined

During handling of the above exception, another exception occurred:

Traceback (most recent call last):
  File "C:\Users\marcoleung\Desktop\Fraud Detection Tool\Fraud Document Detector\01_Source_Code\myenv\lib\site-packages\uvicorn\protocols\http\httptools_impl.py", line 409, in run_asgi
    result = await app(  # type: ignore[func-returns-value]
  File "C:\Users\marcoleung\Desktop\Fraud Detection Tool\Fraud Document Detector\01_Source_Code\myenv\lib\site-packages\uvicorn\middleware\proxy_headers.py", line 60, in __call__
    return await self.app(scope, receive, send)
  File "C:\Users\marcoleung\Desktop\Fraud Detection Tool\Fraud Document Detector\01_Source_Code\myenv\lib\site-packages\fastapi\applications.py", line 1054, in __call__
    await super().__call__(scope, receive, send)
  File "C:\Users\marcoleung\Desktop\Fraud Detection Tool\Fraud Document Detector\01_Source_Code\myenv\lib\site-packages\starlette\applications.py", line 113, in __call__
    await self.middleware_stack(scope, receive, send)
  File "C:\Users\marcoleung\Desktop\Fraud Detection Tool\Fraud Document Detector\01_Source_Code\myenv\lib\site-packages\starlette\middleware\errors.py", line 187, in __call__
    raise exc
  File "C:\Users\marcoleung\Desktop\Fraud Detection Tool\Fraud Document Detector\01_Source_Code\myenv\lib\site-packages\starlette\middleware\errors.py", line 165, in __call__
    await self.app(scope, receive, _send)
  File "C:\Users\marcoleung\Desktop\Fraud Detection Tool\Fraud Document Detector\01_Source_Code\myenv\lib\site-packages\starlette\middleware\cors.py", line 93, in __call__
    await self.simple_response(scope, receive, send, request_headers=headers)
  File "C:\Users\marcoleung\Desktop\Fraud Detection Tool\Fraud Document Detector\01_Source_Code\myenv\lib\site-packages\starlette\middleware\cors.py", line 144, in simple_response
    await self.app(scope, receive, send)
  File "C:\Users\marcoleung\Desktop\Fraud Detection Tool\Fraud Document Detector\01_Source_Code\myenv\lib\site-packages\starlette\middleware\exceptions.py", line 62, in __call__
    await wrap_app_handling_exceptions(self.app, conn)(scope, receive, send)
  File "C:\Users\marcoleung\Desktop\Fraud Detection Tool\Fraud Document Detector\01_Source_Code\myenv\lib\site-packages\starlette\_exception_handler.py", line 62, in wrapped_app
    raise exc
  File "C:\Users\marcoleung\Desktop\Fraud Detection Tool\Fraud Document Detector\01_Source_Code\myenv\lib\site-packages\starlette\_exception_handler.py", line 51, in wrapped_app
    await app(scope, receive, sender)
  File "C:\Users\marcoleung\Desktop\Fraud Detection Tool\Fraud Document Detector\01_Source_Code\myenv\lib\site-packages\starlette\routing.py", line 715, in __call__
    await self.middleware_stack(scope, receive, send)
  File "C:\Users\marcoleung\Desktop\Fraud Detection Tool\Fraud Document Detector\01_Source_Code\myenv\lib\site-packages\starlette\routing.py", line 735, in app
    await route.handle(scope, receive, send)
  File "C:\Users\marcoleung\Desktop\Fraud Detection Tool\Fraud Document Detector\01_Source_Code\myenv\lib\site-packages\starlette\routing.py", line 288, in handle
    await self.app(scope, receive, send)
  File "C:\Users\marcoleung\Desktop\Fraud Detection Tool\Fraud Document Detector\01_Source_Code\myenv\lib\site-packages\starlette\routing.py", line 76, in app
    await wrap_app_handling_exceptions(app, request)(scope, receive, send)
  File "C:\Users\marcoleung\Desktop\Fraud Detection Tool\Fraud Document Detector\01_Source_Code\myenv\lib\site-packages\starlette\_exception_handler.py", line 62, in wrapped_app
    raise exc
  File "C:\Users\marcoleung\Desktop\Fraud Detection Tool\Fraud Document Detector\01_Source_Code\myenv\lib\site-packages\starlette\_exception_handler.py", line 51, in wrapped_app
    await app(scope, receive, sender)
  File "C:\Users\marcoleung\Desktop\Fraud Detection Tool\Fraud Document Detector\01_Source_Code\myenv\lib\site-packages\starlette\routing.py", line 73, in app
    response = await f(request)
  File "C:\Users\marcoleung\Desktop\Fraud Detection Tool\Fraud Document Detector\01_Source_Code\myenv\lib\site-packages\fastapi\routing.py", line 301, in app
    raw_response = await run_endpoint_function(
  File "C:\Users\marcoleung\Desktop\Fraud Detection Tool\Fraud Document Detector\01_Source_Code\myenv\lib\site-packages\fastapi\routing.py", line 212, in run_endpoint_function
    return await dependant.call(**values)
  File "C:\Users\marcoleung\Desktop\Fraud Detection Tool\Fraud Document Detector\01_Source_Code\backend_api\main.py", line 769, in process_pca_with_params
    error_message = f"Error in file {i+1} ({file.filename}):{str(e)}"
NameError: name 'i' is not defined
WARNING:uvicorn.error:WatchFiles detected changes in 'main.py'. Reloading...
INFO:uvicorn.error:Shutting down
INFO:uvicorn.error:Waiting for application shutdown.
INFO:uvicorn.error:Application shutdown complete.
INFO:uvicorn.error:Finished server process [20952]
INFO:uvicorn.error:Started server process [18636]
INFO:uvicorn.error:Waiting for application startup.
INFO:uvicorn.error:Application startup complete.
WARNING:uvicorn.error:WatchFiles detected changes in 'main.py'. Reloading...
INFO:uvicorn.error:Shutting down
INFO:uvicorn.error:Waiting for application shutdown.
INFO:uvicorn.error:Application shutdown complete.
INFO:uvicorn.error:Finished server process [18636]
INFO:uvicorn.error:Started server process [2260]
INFO:uvicorn.error:Waiting for application startup.
INFO:uvicorn.error:Application startup complete.
WARNING:uvicorn.error:WatchFiles detected changes in 'main.py'. Reloading...
INFO:uvicorn.error:Shutting down
INFO:uvicorn.error:Waiting for application shutdown.
INFO:uvicorn.error:Application shutdown complete.
INFO:uvicorn.error:Finished server process [2260]
INFO:uvicorn.error:Started server process [12708]
INFO:uvicorn.error:Waiting for application startup.
INFO:uvicorn.error:Application startup complete.
WARNING:uvicorn.error:WatchFiles detected changes in 'main.py'. Reloading...
INFO:uvicorn.error:Shutting down
INFO:uvicorn.error:Waiting for application shutdown.
INFO:uvicorn.error:Application shutdown complete.
INFO:uvicorn.error:Finished server process [12708]
INFO:uvicorn.error:Started server process [15668]
INFO:uvicorn.error:Waiting for application startup.
INFO:uvicorn.error:Application startup complete.
WARNING:uvicorn.error:WatchFiles detected changes in 'pca_analysis.py'. Reloading...
INFO:uvicorn.error:Shutting down
INFO:uvicorn.error:Waiting for application shutdown.
INFO:uvicorn.error:Application shutdown complete.
INFO:uvicorn.error:Finished server process [15668]
INFO:uvicorn.error:Started server process [20448]
INFO:uvicorn.error:Waiting for application startup.
INFO:uvicorn.error:Application startup complete.
WARNING:uvicorn.error:WatchFiles detected changes in 'pca_analysis.py'. Reloading...
INFO:uvicorn.error:Shutting down
INFO:uvicorn.error:Waiting for application shutdown.
INFO:uvicorn.error:Application shutdown complete.
INFO:uvicorn.error:Finished server process [20448]
INFO:uvicorn.error:Started server process [2336]
INFO:uvicorn.error:Waiting for application startup.
INFO:uvicorn.error:Application startup complete.
WARNING:uvicorn.error:WatchFiles detected changes in 'pixel_analysis.py'. Reloading...
INFO:uvicorn.error:Shutting down
INFO:uvicorn.error:Waiting for application shutdown.
INFO:uvicorn.error:Application shutdown complete.
INFO:uvicorn.error:Finished server process [2336]
INFO:uvicorn.error:Started server process [3348]
INFO:uvicorn.error:Waiting for application startup.
INFO:uvicorn.error:Application startup complete.
WARNING:uvicorn.error:WatchFiles detected changes in 'pixel_analysis.py'. Reloading...
INFO:uvicorn.error:Shutting down
INFO:uvicorn.error:Waiting for application shutdown.
INFO:uvicorn.error:Application shutdown complete.
INFO:uvicorn.error:Finished server process [3348]
INFO:uvicorn.error:Started server process [17676]
INFO:uvicorn.error:Waiting for application startup.
INFO:uvicorn.error:Application startup complete.
WARNING:uvicorn.error:WatchFiles detected changes in 'pixel_analysis.py'. Reloading...
INFO:uvicorn.error:Shutting down
INFO:uvicorn.error:Waiting for application shutdown.
INFO:uvicorn.error:Application shutdown complete.
INFO:uvicorn.error:Finished server process [17676]
INFO:uvicorn.error:Started server process [23344]
INFO:uvicorn.error:Waiting for application startup.
INFO:uvicorn.error:Application startup complete.
WARNING:uvicorn.error:WatchFiles detected changes in 'pixel_analysis.py'. Reloading...
INFO:uvicorn.error:Shutting down
INFO:uvicorn.error:Waiting for application shutdown.
INFO:uvicorn.error:Application shutdown complete.
INFO:uvicorn.error:Finished server process [23344]
INFO:uvicorn.error:Started server process [16440]
INFO:uvicorn.error:Waiting for application startup.
INFO:uvicorn.error:Application startup complete.
WARNING:uvicorn.error:WatchFiles detected changes in 'pixel_analysis.py'. Reloading...
INFO:uvicorn.error:Shutting down
INFO:uvicorn.error:Waiting for application shutdown.
INFO:uvicorn.error:Application shutdown complete.
INFO:uvicorn.error:Finished server process [16440]
INFO:uvicorn.error:Started server process [8048]
INFO:uvicorn.error:Waiting for application startup.
INFO:uvicorn.error:Application startup complete.
WARNING:uvicorn.error:WatchFiles detected changes in 'pixel_analysis.py'. Reloading...
INFO:uvicorn.error:Shutting down
INFO:uvicorn.error:Waiting for application shutdown.
INFO:uvicorn.error:Application shutdown complete.
INFO:uvicorn.error:Finished server process [8048]
INFO:uvicorn.error:Started server process [8200]
INFO:uvicorn.error:Waiting for application startup.
INFO:uvicorn.error:Application startup complete.
WARNING:uvicorn.error:Invalid HTTP request received.
WARNING:uvicorn.error:Invalid HTTP request received.
WARNING:uvicorn.error:WatchFiles detected changes in 'pca_analysis.py'. Reloading...
INFO:uvicorn.error:Shutting down
INFO:uvicorn.error:Waiting for application shutdown.
INFO:uvicorn.error:Application shutdown complete.
INFO:uvicorn.error:Finished server process [8200]
INFO:uvicorn.error:Started server process [21048]
INFO:uvicorn.error:Waiting for application startup.
INFO:uvicorn.error:Application startup complete.
WARNING:uvicorn.error:WatchFiles detected changes in 'main.py'. Reloading...
INFO:uvicorn.error:Shutting down
INFO:uvicorn.error:Waiting for application shutdown.
INFO:uvicorn.error:Application shutdown complete.
INFO:uvicorn.error:Finished server process [21048]
INFO:uvicorn.error:Started server process [3712]
INFO:uvicorn.error:Waiting for application startup.
INFO:uvicorn.error:Application startup complete.
WARNING:uvicorn.error:WatchFiles detected changes in 'pca_analysis.py'. Reloading...
INFO:uvicorn.error:Shutting down
INFO:uvicorn.error:Waiting for application shutdown.
INFO:uvicorn.error:Application shutdown complete.
INFO:uvicorn.error:Finished server process [3712]
WARNING:uvicorn.error:WatchFiles detected changes in 'pca_analysis.py'. Reloading...
INFO:uvicorn.error:Started server process [7840]
INFO:uvicorn.error:Waiting for application startup.
INFO:uvicorn.error:Application startup complete.
ERROR:uvicorn.error:Traceback (most recent call last):
  File "C:\Users\marcoleung\AppData\Local\Programs\Python\Python39\lib\asyncio\runners.py", line 44, in run
    return loop.run_until_complete(main)
  File "C:\Users\marcoleung\AppData\Local\Programs\Python\Python39\lib\asyncio\base_events.py", line 634, in run_until_complete
    self.run_forever()
  File "C:\Users\marcoleung\AppData\Local\Programs\Python\Python39\lib\asyncio\base_events.py", line 601, in run_forever
    self._run_once()
  File "C:\Users\marcoleung\AppData\Local\Programs\Python\Python39\lib\asyncio\base_events.py", line 1905, in _run_once
    handle._run()
  File "C:\Users\marcoleung\AppData\Local\Programs\Python\Python39\lib\asyncio\events.py", line 80, in _run
    self._context.run(self._callback, *self._args)
  File "C:\Users\marcoleung\Desktop\Fraud Detection Tool\Fraud Document Detector\01_Source_Code\myenv\lib\site-packages\uvicorn\server.py", line 71, in serve
    await self._serve(sockets)
  File "C:\Users\marcoleung\AppData\Local\Programs\Python\Python39\lib\contextlib.py", line 126, in __exit__
    next(self.gen)
  File "C:\Users\marcoleung\Desktop\Fraud Detection Tool\Fraud Document Detector\01_Source_Code\myenv\lib\site-packages\uvicorn\server.py", line 331, in capture_signals
    signal.raise_signal(captured_signal)
KeyboardInterrupt

During handling of the above exception, another exception occurred:

Traceback (most recent call last):
  File "C:\Users\marcoleung\Desktop\Fraud Detection Tool\Fraud Document Detector\01_Source_Code\myenv\lib\site-packages\starlette\routing.py", line 700, in lifespan
    await receive()
  File "C:\Users\marcoleung\Desktop\Fraud Detection Tool\Fraud Document Detector\01_Source_Code\myenv\lib\site-packages\uvicorn\lifespan\on.py", line 137, in receive
    return await self.receive_queue.get()
  File "C:\Users\marcoleung\AppData\Local\Programs\Python\Python39\lib\asyncio\queues.py", line 166, in get
    await getter
asyncio.exceptions.CancelledError

INFO:uvicorn.error:Started server process [21608]
INFO:uvicorn.error:Waiting for application startup.
INFO:uvicorn.error:Application startup complete.
WARNING:uvicorn.error:WatchFiles detected changes in 'pca_analysis.py'. Reloading...
INFO:uvicorn.error:Shutting down
INFO:uvicorn.error:Waiting for application shutdown.
INFO:uvicorn.error:Application shutdown complete.
INFO:uvicorn.error:Finished server process [21608]
INFO:uvicorn.error:Started server process [23996]
INFO:uvicorn.error:Waiting for application startup.
INFO:uvicorn.error:Application startup complete.
ERROR:uvicorn.error:Exception in ASGI application
Traceback (most recent call last):
  File "C:\Users\marcoleung\Desktop\Fraud Detection Tool\Fraud Document Detector\01_Source_Code\myenv\lib\site-packages\uvicorn\protocols\http\httptools_impl.py", line 409, in run_asgi
    result = await app(  # type: ignore[func-returns-value]
  File "C:\Users\marcoleung\Desktop\Fraud Detection Tool\Fraud Document Detector\01_Source_Code\myenv\lib\site-packages\uvicorn\middleware\proxy_headers.py", line 60, in __call__
    return await self.app(scope, receive, send)
  File "C:\Users\marcoleung\Desktop\Fraud Detection Tool\Fraud Document Detector\01_Source_Code\myenv\lib\site-packages\fastapi\applications.py", line 1054, in __call__
    await super().__call__(scope, receive, send)
  File "C:\Users\marcoleung\Desktop\Fraud Detection Tool\Fraud Document Detector\01_Source_Code\myenv\lib\site-packages\starlette\applications.py", line 113, in __call__
    await self.middleware_stack(scope, receive, send)
  File "C:\Users\marcoleung\Desktop\Fraud Detection Tool\Fraud Document Detector\01_Source_Code\myenv\lib\site-packages\starlette\middleware\errors.py", line 187, in __call__
    raise exc
  File "C:\Users\marcoleung\Desktop\Fraud Detection Tool\Fraud Document Detector\01_Source_Code\myenv\lib\site-packages\starlette\middleware\errors.py", line 165, in __call__
    await self.app(scope, receive, _send)
  File "C:\Users\marcoleung\Desktop\Fraud Detection Tool\Fraud Document Detector\01_Source_Code\myenv\lib\site-packages\starlette\middleware\cors.py", line 93, in __call__
    await self.simple_response(scope, receive, send, request_headers=headers)
  File "C:\Users\marcoleung\Desktop\Fraud Detection Tool\Fraud Document Detector\01_Source_Code\myenv\lib\site-packages\starlette\middleware\cors.py", line 144, in simple_response
    await self.app(scope, receive, send)
  File "C:\Users\marcoleung\Desktop\Fraud Detection Tool\Fraud Document Detector\01_Source_Code\myenv\lib\site-packages\starlette\middleware\exceptions.py", line 62, in __call__
    await wrap_app_handling_exceptions(self.app, conn)(scope, receive, send)
  File "C:\Users\marcoleung\Desktop\Fraud Detection Tool\Fraud Document Detector\01_Source_Code\myenv\lib\site-packages\starlette\_exception_handler.py", line 62, in wrapped_app
    raise exc
  File "C:\Users\marcoleung\Desktop\Fraud Detection Tool\Fraud Document Detector\01_Source_Code\myenv\lib\site-packages\starlette\_exception_handler.py", line 51, in wrapped_app
    await app(scope, receive, sender)
  File "C:\Users\marcoleung\Desktop\Fraud Detection Tool\Fraud Document Detector\01_Source_Code\myenv\lib\site-packages\starlette\routing.py", line 715, in __call__
    await self.middleware_stack(scope, receive, send)
  File "C:\Users\marcoleung\Desktop\Fraud Detection Tool\Fraud Document Detector\01_Source_Code\myenv\lib\site-packages\starlette\routing.py", line 735, in app
    await route.handle(scope, receive, send)
  File "C:\Users\marcoleung\Desktop\Fraud Detection Tool\Fraud Document Detector\01_Source_Code\myenv\lib\site-packages\starlette\routing.py", line 288, in handle
    await self.app(scope, receive, send)
  File "C:\Users\marcoleung\Desktop\Fraud Detection Tool\Fraud Document Detector\01_Source_Code\myenv\lib\site-packages\starlette\routing.py", line 76, in app
    await wrap_app_handling_exceptions(app, request)(scope, receive, send)
  File "C:\Users\marcoleung\Desktop\Fraud Detection Tool\Fraud Document Detector\01_Source_Code\myenv\lib\site-packages\starlette\_exception_handler.py", line 62, in wrapped_app
    raise exc
  File "C:\Users\marcoleung\Desktop\Fraud Detection Tool\Fraud Document Detector\01_Source_Code\myenv\lib\site-packages\starlette\_exception_handler.py", line 51, in wrapped_app
    await app(scope, receive, sender)
  File "C:\Users\marcoleung\Desktop\Fraud Detection Tool\Fraud Document Detector\01_Source_Code\myenv\lib\site-packages\starlette\routing.py", line 73, in app
    response = await f(request)
  File "C:\Users\marcoleung\Desktop\Fraud Detection Tool\Fraud Document Detector\01_Source_Code\myenv\lib\site-packages\fastapi\routing.py", line 301, in app
    raw_response = await run_endpoint_function(
  File "C:\Users\marcoleung\Desktop\Fraud Detection Tool\Fraud Document Detector\01_Source_Code\myenv\lib\site-packages\fastapi\routing.py", line 212, in run_endpoint_function
    return await dependant.call(**values)
  File "C:\Users\marcoleung\Desktop\Fraud Detection Tool\Fraud Document Detector\01_Source_Code\backend_api\main.py", line 774, in process_pca_with_params
    total_alerts = sum(1 for r in results if r.alerts == 1)
  File "C:\Users\marcoleung\Desktop\Fraud Detection Tool\Fraud Document Detector\01_Source_Code\backend_api\main.py", line 774, in <genexpr>
    total_alerts = sum(1 for r in results if r.alerts == 1)
  File "C:\Users\marcoleung\Desktop\Fraud Detection Tool\Fraud Document Detector\01_Source_Code\myenv\lib\site-packages\pydantic\main.py", line 853, in __getattr__
    raise AttributeError(f'{type(self).__name__!r} object has no attribute {item!r}')
AttributeError: 'PCAResult' object has no attribute 'alerts'
WARNING:uvicorn.error:WatchFiles detected changes in 'main.py'. Reloading...
INFO:uvicorn.error:Shutting down
INFO:uvicorn.error:Waiting for application shutdown.
INFO:uvicorn.error:Application shutdown complete.
INFO:uvicorn.error:Finished server process [23996]
INFO:uvicorn.error:Started server process [23676]
INFO:uvicorn.error:Waiting for application startup.
INFO:uvicorn.error:Application startup complete.
ERROR:uvicorn.error:Exception in ASGI application
Traceback (most recent call last):
  File "C:\Users\marcoleung\Desktop\Fraud Detection Tool\Fraud Document Detector\01_Source_Code\myenv\lib\site-packages\uvicorn\protocols\http\httptools_impl.py", line 409, in run_asgi
    result = await app(  # type: ignore[func-returns-value]
  File "C:\Users\marcoleung\Desktop\Fraud Detection Tool\Fraud Document Detector\01_Source_Code\myenv\lib\site-packages\uvicorn\middleware\proxy_headers.py", line 60, in __call__
    return await self.app(scope, receive, send)
  File "C:\Users\marcoleung\Desktop\Fraud Detection Tool\Fraud Document Detector\01_Source_Code\myenv\lib\site-packages\fastapi\applications.py", line 1054, in __call__
    await super().__call__(scope, receive, send)
  File "C:\Users\marcoleung\Desktop\Fraud Detection Tool\Fraud Document Detector\01_Source_Code\myenv\lib\site-packages\starlette\applications.py", line 113, in __call__
    await self.middleware_stack(scope, receive, send)
  File "C:\Users\marcoleung\Desktop\Fraud Detection Tool\Fraud Document Detector\01_Source_Code\myenv\lib\site-packages\starlette\middleware\errors.py", line 187, in __call__
    raise exc
  File "C:\Users\marcoleung\Desktop\Fraud Detection Tool\Fraud Document Detector\01_Source_Code\myenv\lib\site-packages\starlette\middleware\errors.py", line 165, in __call__
    await self.app(scope, receive, _send)
  File "C:\Users\marcoleung\Desktop\Fraud Detection Tool\Fraud Document Detector\01_Source_Code\myenv\lib\site-packages\starlette\middleware\cors.py", line 93, in __call__
    await self.simple_response(scope, receive, send, request_headers=headers)
  File "C:\Users\marcoleung\Desktop\Fraud Detection Tool\Fraud Document Detector\01_Source_Code\myenv\lib\site-packages\starlette\middleware\cors.py", line 144, in simple_response
    await self.app(scope, receive, send)
  File "C:\Users\marcoleung\Desktop\Fraud Detection Tool\Fraud Document Detector\01_Source_Code\myenv\lib\site-packages\starlette\middleware\exceptions.py", line 62, in __call__
    await wrap_app_handling_exceptions(self.app, conn)(scope, receive, send)
  File "C:\Users\marcoleung\Desktop\Fraud Detection Tool\Fraud Document Detector\01_Source_Code\myenv\lib\site-packages\starlette\_exception_handler.py", line 62, in wrapped_app
    raise exc
  File "C:\Users\marcoleung\Desktop\Fraud Detection Tool\Fraud Document Detector\01_Source_Code\myenv\lib\site-packages\starlette\_exception_handler.py", line 51, in wrapped_app
    await app(scope, receive, sender)
  File "C:\Users\marcoleung\Desktop\Fraud Detection Tool\Fraud Document Detector\01_Source_Code\myenv\lib\site-packages\starlette\routing.py", line 715, in __call__
    await self.middleware_stack(scope, receive, send)
  File "C:\Users\marcoleung\Desktop\Fraud Detection Tool\Fraud Document Detector\01_Source_Code\myenv\lib\site-packages\starlette\routing.py", line 735, in app
    await route.handle(scope, receive, send)
  File "C:\Users\marcoleung\Desktop\Fraud Detection Tool\Fraud Document Detector\01_Source_Code\myenv\lib\site-packages\starlette\routing.py", line 288, in handle
    await self.app(scope, receive, send)
  File "C:\Users\marcoleung\Desktop\Fraud Detection Tool\Fraud Document Detector\01_Source_Code\myenv\lib\site-packages\starlette\routing.py", line 76, in app
    await wrap_app_handling_exceptions(app, request)(scope, receive, send)
  File "C:\Users\marcoleung\Desktop\Fraud Detection Tool\Fraud Document Detector\01_Source_Code\myenv\lib\site-packages\starlette\_exception_handler.py", line 62, in wrapped_app
    raise exc
  File "C:\Users\marcoleung\Desktop\Fraud Detection Tool\Fraud Document Detector\01_Source_Code\myenv\lib\site-packages\starlette\_exception_handler.py", line 51, in wrapped_app
    await app(scope, receive, sender)
  File "C:\Users\marcoleung\Desktop\Fraud Detection Tool\Fraud Document Detector\01_Source_Code\myenv\lib\site-packages\starlette\routing.py", line 73, in app
    response = await f(request)
  File "C:\Users\marcoleung\Desktop\Fraud Detection Tool\Fraud Document Detector\01_Source_Code\myenv\lib\site-packages\fastapi\routing.py", line 301, in app
    raw_response = await run_endpoint_function(
  File "C:\Users\marcoleung\Desktop\Fraud Detection Tool\Fraud Document Detector\01_Source_Code\myenv\lib\site-packages\fastapi\routing.py", line 212, in run_endpoint_function
    return await dependant.call(**values)
  File "C:\Users\marcoleung\Desktop\Fraud Detection Tool\Fraud Document Detector\01_Source_Code\backend_api\main.py", line 774, in process_pca_with_params
    total_alerts = sum(1 for r in results if r.alerts == 1)
  File "C:\Users\marcoleung\Desktop\Fraud Detection Tool\Fraud Document Detector\01_Source_Code\backend_api\main.py", line 774, in <genexpr>
    total_alerts = sum(1 for r in results if r.alerts == 1)
  File "C:\Users\marcoleung\Desktop\Fraud Detection Tool\Fraud Document Detector\01_Source_Code\myenv\lib\site-packages\pydantic\main.py", line 853, in __getattr__
    raise AttributeError(f'{type(self).__name__!r} object has no attribute {item!r}')
AttributeError: 'PCAResult' object has no attribute 'alerts'
WARNING:uvicorn.error:WatchFiles detected changes in 'main.py'. Reloading...
INFO:uvicorn.error:Shutting down
INFO:uvicorn.error:Waiting for application shutdown.
INFO:uvicorn.error:Application shutdown complete.
INFO:uvicorn.error:Finished server process [23676]
INFO:uvicorn.error:Started server process [18568]
INFO:uvicorn.error:Waiting for application startup.
INFO:uvicorn.error:Application startup complete.
ERROR:uvicorn.error:Exception in ASGI application
Traceback (most recent call last):
  File "C:\Users\marcoleung\Desktop\Fraud Detection Tool\Fraud Document Detector\01_Source_Code\myenv\lib\site-packages\uvicorn\protocols\http\httptools_impl.py", line 409, in run_asgi
    result = await app(  # type: ignore[func-returns-value]
  File "C:\Users\marcoleung\Desktop\Fraud Detection Tool\Fraud Document Detector\01_Source_Code\myenv\lib\site-packages\uvicorn\middleware\proxy_headers.py", line 60, in __call__
    return await self.app(scope, receive, send)
  File "C:\Users\marcoleung\Desktop\Fraud Detection Tool\Fraud Document Detector\01_Source_Code\myenv\lib\site-packages\fastapi\applications.py", line 1054, in __call__
    await super().__call__(scope, receive, send)
  File "C:\Users\marcoleung\Desktop\Fraud Detection Tool\Fraud Document Detector\01_Source_Code\myenv\lib\site-packages\starlette\applications.py", line 113, in __call__
    await self.middleware_stack(scope, receive, send)
  File "C:\Users\marcoleung\Desktop\Fraud Detection Tool\Fraud Document Detector\01_Source_Code\myenv\lib\site-packages\starlette\middleware\errors.py", line 187, in __call__
    raise exc
  File "C:\Users\marcoleung\Desktop\Fraud Detection Tool\Fraud Document Detector\01_Source_Code\myenv\lib\site-packages\starlette\middleware\errors.py", line 165, in __call__
    await self.app(scope, receive, _send)
  File "C:\Users\marcoleung\Desktop\Fraud Detection Tool\Fraud Document Detector\01_Source_Code\myenv\lib\site-packages\starlette\middleware\cors.py", line 93, in __call__
    await self.simple_response(scope, receive, send, request_headers=headers)
  File "C:\Users\marcoleung\Desktop\Fraud Detection Tool\Fraud Document Detector\01_Source_Code\myenv\lib\site-packages\starlette\middleware\cors.py", line 144, in simple_response
    await self.app(scope, receive, send)
  File "C:\Users\marcoleung\Desktop\Fraud Detection Tool\Fraud Document Detector\01_Source_Code\myenv\lib\site-packages\starlette\middleware\exceptions.py", line 62, in __call__
    await wrap_app_handling_exceptions(self.app, conn)(scope, receive, send)
  File "C:\Users\marcoleung\Desktop\Fraud Detection Tool\Fraud Document Detector\01_Source_Code\myenv\lib\site-packages\starlette\_exception_handler.py", line 62, in wrapped_app
    raise exc
  File "C:\Users\marcoleung\Desktop\Fraud Detection Tool\Fraud Document Detector\01_Source_Code\myenv\lib\site-packages\starlette\_exception_handler.py", line 51, in wrapped_app
    await app(scope, receive, sender)
  File "C:\Users\marcoleung\Desktop\Fraud Detection Tool\Fraud Document Detector\01_Source_Code\myenv\lib\site-packages\starlette\routing.py", line 715, in __call__
    await self.middleware_stack(scope, receive, send)
  File "C:\Users\marcoleung\Desktop\Fraud Detection Tool\Fraud Document Detector\01_Source_Code\myenv\lib\site-packages\starlette\routing.py", line 735, in app
    await route.handle(scope, receive, send)
  File "C:\Users\marcoleung\Desktop\Fraud Detection Tool\Fraud Document Detector\01_Source_Code\myenv\lib\site-packages\starlette\routing.py", line 288, in handle
    await self.app(scope, receive, send)
  File "C:\Users\marcoleung\Desktop\Fraud Detection Tool\Fraud Document Detector\01_Source_Code\myenv\lib\site-packages\starlette\routing.py", line 76, in app
    await wrap_app_handling_exceptions(app, request)(scope, receive, send)
  File "C:\Users\marcoleung\Desktop\Fraud Detection Tool\Fraud Document Detector\01_Source_Code\myenv\lib\site-packages\starlette\_exception_handler.py", line 62, in wrapped_app
    raise exc
  File "C:\Users\marcoleung\Desktop\Fraud Detection Tool\Fraud Document Detector\01_Source_Code\myenv\lib\site-packages\starlette\_exception_handler.py", line 51, in wrapped_app
    await app(scope, receive, sender)
  File "C:\Users\marcoleung\Desktop\Fraud Detection Tool\Fraud Document Detector\01_Source_Code\myenv\lib\site-packages\starlette\routing.py", line 73, in app
    response = await f(request)
  File "C:\Users\marcoleung\Desktop\Fraud Detection Tool\Fraud Document Detector\01_Source_Code\myenv\lib\site-packages\fastapi\routing.py", line 301, in app
    raw_response = await run_endpoint_function(
  File "C:\Users\marcoleung\Desktop\Fraud Detection Tool\Fraud Document Detector\01_Source_Code\myenv\lib\site-packages\fastapi\routing.py", line 212, in run_endpoint_function
    return await dependant.call(**values)
  File "C:\Users\marcoleung\Desktop\Fraud Detection Tool\Fraud Document Detector\01_Source_Code\backend_api\main.py", line 774, in process_pca_with_params
    return {AnalysisResults(
TypeError: unhashable type: 'AnalysisResults'
WARNING:uvicorn.error:WatchFiles detected changes in 'main.py'. Reloading...
INFO:uvicorn.error:Shutting down
INFO:uvicorn.error:Waiting for application shutdown.
INFO:uvicorn.error:Application shutdown complete.
INFO:uvicorn.error:Finished server process [18568]
INFO:uvicorn.error:Started server process [23020]
INFO:uvicorn.error:Waiting for application startup.
INFO:uvicorn.error:Application startup complete.
WARNING:uvicorn.error:WatchFiles detected changes in 'pixel_analysis.py'. Reloading...
INFO:uvicorn.error:Shutting down
INFO:uvicorn.error:Waiting for application shutdown.
INFO:uvicorn.error:Application shutdown complete.
INFO:uvicorn.error:Finished server process [23020]
INFO:uvicorn.error:Started server process [9100]
INFO:uvicorn.error:Waiting for application startup.
INFO:uvicorn.error:Application startup complete.
WARNING:uvicorn.error:WatchFiles detected changes in 'pca_analysis.py'. Reloading...
INFO:uvicorn.error:Shutting down
INFO:uvicorn.error:Waiting for application shutdown.
INFO:uvicorn.error:Application shutdown complete.
INFO:uvicorn.error:Finished server process [9100]
INFO:uvicorn.error:Started server process [25104]
INFO:uvicorn.error:Waiting for application startup.
INFO:uvicorn.error:Application startup complete.
WARNING:uvicorn.error:WatchFiles detected changes in 'main.py'. Reloading...
INFO:uvicorn.error:Shutting down
INFO:uvicorn.error:Waiting for application shutdown.
INFO:uvicorn.error:Application shutdown complete.
INFO:uvicorn.error:Finished server process [25104]
INFO:uvicorn.error:Started server process [19016]
INFO:uvicorn.error:Waiting for application startup.
INFO:uvicorn.error:Application startup complete.
WARNING:uvicorn.error:WatchFiles detected changes in 'main.py'. Reloading...
INFO:uvicorn.error:Shutting down
INFO:uvicorn.error:Waiting for application shutdown.
INFO:uvicorn.error:Application shutdown complete.
INFO:uvicorn.error:Finished server process [19016]
INFO:uvicorn.error:Started server process [12300]
INFO:uvicorn.error:Waiting for application startup.
INFO:uvicorn.error:Application startup complete.
WARNING:uvicorn.error:WatchFiles detected changes in 'pixel_analysis.py'. Reloading...
INFO:uvicorn.error:Shutting down
INFO:uvicorn.error:Waiting for application shutdown.
INFO:uvicorn.error:Application shutdown complete.
INFO:uvicorn.error:Finished server process [12300]
INFO:uvicorn.error:Started server process [24504]
INFO:uvicorn.error:Waiting for application startup.
INFO:uvicorn.error:Application startup complete.
WARNING:uvicorn.error:WatchFiles detected changes in 'pixel_analysis.py'. Reloading...
INFO:uvicorn.error:Shutting down
INFO:uvicorn.error:Waiting for application shutdown.
INFO:uvicorn.error:Application shutdown complete.
INFO:uvicorn.error:Finished server process [24504]
INFO:uvicorn.error:Started server process [4764]
INFO:uvicorn.error:Waiting for application startup.
INFO:uvicorn.error:Application startup complete.
WARNING:uvicorn.error:WatchFiles detected changes in 'pixel_analysis.py'. Reloading...
INFO:uvicorn.error:Shutting down
INFO:uvicorn.error:Waiting for application shutdown.
INFO:uvicorn.error:Application shutdown complete.
INFO:uvicorn.error:Finished server process [4764]
INFO:uvicorn.error:Started server process [21384]
INFO:uvicorn.error:Waiting for application startup.
INFO:uvicorn.error:Application startup complete.
WARNING:uvicorn.error:WatchFiles detected changes in 'pixel_analysis.py'. Reloading...
INFO:uvicorn.error:Shutting down
INFO:uvicorn.error:Waiting for application shutdown.
INFO:uvicorn.error:Application shutdown complete.
INFO:uvicorn.error:Finished server process [21384]
WARNING:uvicorn.error:WatchFiles detected changes in 'pixel_analysis.py'. Reloading...
INFO:uvicorn.error:Started server process [23888]
INFO:uvicorn.error:Waiting for application startup.
INFO:uvicorn.error:Application startup complete.
ERROR:uvicorn.error:Traceback (most recent call last):
  File "C:\Users\marcoleung\AppData\Local\Programs\Python\Python39\lib\asyncio\runners.py", line 44, in run
    return loop.run_until_complete(main)
  File "C:\Users\marcoleung\AppData\Local\Programs\Python\Python39\lib\asyncio\base_events.py", line 634, in run_until_complete
    self.run_forever()
  File "C:\Users\marcoleung\AppData\Local\Programs\Python\Python39\lib\asyncio\base_events.py", line 601, in run_forever
    self._run_once()
  File "C:\Users\marcoleung\AppData\Local\Programs\Python\Python39\lib\asyncio\base_events.py", line 1905, in _run_once
    handle._run()
  File "C:\Users\marcoleung\AppData\Local\Programs\Python\Python39\lib\asyncio\events.py", line 80, in _run
    self._context.run(self._callback, *self._args)
  File "C:\Users\marcoleung\Desktop\Fraud Detection Tool\Fraud Document Detector\01_Source_Code\myenv\lib\site-packages\uvicorn\server.py", line 71, in serve
    await self._serve(sockets)
  File "C:\Users\marcoleung\AppData\Local\Programs\Python\Python39\lib\contextlib.py", line 126, in __exit__
    next(self.gen)
  File "C:\Users\marcoleung\Desktop\Fraud Detection Tool\Fraud Document Detector\01_Source_Code\myenv\lib\site-packages\uvicorn\server.py", line 331, in capture_signals
    signal.raise_signal(captured_signal)
KeyboardInterrupt

During handling of the above exception, another exception occurred:

Traceback (most recent call last):
  File "C:\Users\marcoleung\Desktop\Fraud Detection Tool\Fraud Document Detector\01_Source_Code\myenv\lib\site-packages\starlette\routing.py", line 700, in lifespan
    await receive()
  File "C:\Users\marcoleung\Desktop\Fraud Detection Tool\Fraud Document Detector\01_Source_Code\myenv\lib\site-packages\uvicorn\lifespan\on.py", line 137, in receive
    return await self.receive_queue.get()
  File "C:\Users\marcoleung\AppData\Local\Programs\Python\Python39\lib\asyncio\queues.py", line 166, in get
    await getter
asyncio.exceptions.CancelledError

WARNING:uvicorn.error:WatchFiles detected changes in 'pixel_analysis.py'. Reloading...
INFO:uvicorn.error:Started server process [18396]
INFO:uvicorn.error:Waiting for application startup.
INFO:uvicorn.error:Application startup complete.
WARNING:uvicorn.error:WatchFiles detected changes in 'pixel_analysis.py'. Reloading...
INFO:uvicorn.error:Shutting down
INFO:uvicorn.error:Waiting for application shutdown.
INFO:uvicorn.error:Application shutdown complete.
INFO:uvicorn.error:Finished server process [18396]
INFO:uvicorn.error:Started server process [22156]
INFO:uvicorn.error:Waiting for application startup.
INFO:uvicorn.error:Application startup complete.
WARNING:uvicorn.error:WatchFiles detected changes in 'pixel_analysis.py'. Reloading...
INFO:uvicorn.error:Shutting down
INFO:uvicorn.error:Waiting for application shutdown.
INFO:uvicorn.error:Application shutdown complete.
INFO:uvicorn.error:Finished server process [22156]
INFO:uvicorn.error:Started server process [5280]
INFO:uvicorn.error:Waiting for application startup.
INFO:uvicorn.error:Application startup complete.
WARNING:uvicorn.error:WatchFiles detected changes in 'pixel_analysis.py'. Reloading...
INFO:uvicorn.error:Shutting down
INFO:uvicorn.error:Waiting for application shutdown.
INFO:uvicorn.error:Application shutdown complete.
INFO:uvicorn.error:Finished server process [5280]
INFO:uvicorn.error:Started server process [24460]
INFO:uvicorn.error:Waiting for application startup.
INFO:uvicorn.error:Application startup complete.
WARNING:uvicorn.error:WatchFiles detected changes in 'pixel_analysis.py'. Reloading...
INFO:uvicorn.error:Shutting down
INFO:uvicorn.error:Waiting for application shutdown.
INFO:uvicorn.error:Application shutdown complete.
INFO:uvicorn.error:Finished server process [24460]
INFO:uvicorn.error:Started server process [21468]
INFO:uvicorn.error:Waiting for application startup.
INFO:uvicorn.error:Application startup complete.
WARNING:uvicorn.error:WatchFiles detected changes in 'pixel_analysis.py'. Reloading...
INFO:uvicorn.error:Shutting down
INFO:uvicorn.error:Waiting for application shutdown.
INFO:uvicorn.error:Application shutdown complete.
INFO:uvicorn.error:Finished server process [21468]
INFO:uvicorn.error:Started server process [20260]
INFO:uvicorn.error:Waiting for application startup.
INFO:uvicorn.error:Application startup complete.
WARNING:uvicorn.error:WatchFiles detected changes in 'pixel_analysis.py'. Reloading...
INFO:uvicorn.error:Shutting down
INFO:uvicorn.error:Waiting for application shutdown.
INFO:uvicorn.error:Application shutdown complete.
INFO:uvicorn.error:Finished server process [20260]
INFO:uvicorn.error:Started server process [16212]
INFO:uvicorn.error:Waiting for application startup.
INFO:uvicorn.error:Application startup complete.
WARNING:uvicorn.error:WatchFiles detected changes in 'pixel_analysis.py'. Reloading...
INFO:uvicorn.error:Shutting down
INFO:uvicorn.error:Waiting for application shutdown.
INFO:uvicorn.error:Application shutdown complete.
INFO:uvicorn.error:Finished server process [16212]
INFO:uvicorn.error:Started server process [24516]
INFO:uvicorn.error:Waiting for application startup.
INFO:uvicorn.error:Application startup complete.
WARNING:uvicorn.error:WatchFiles detected changes in 'pixel_analysis.py'. Reloading...
INFO:uvicorn.error:Shutting down
INFO:uvicorn.error:Waiting for application shutdown.
INFO:uvicorn.error:Application shutdown complete.
INFO:uvicorn.error:Finished server process [24516]
INFO:uvicorn.error:Started server process [21868]
INFO:uvicorn.error:Waiting for application startup.
INFO:uvicorn.error:Application startup complete.
WARNING:uvicorn.error:WatchFiles detected changes in 'pixel_analysis.py'. Reloading...
INFO:uvicorn.error:Shutting down
INFO:uvicorn.error:Waiting for application shutdown.
INFO:uvicorn.error:Application shutdown complete.
INFO:uvicorn.error:Finished server process [21868]
INFO:uvicorn.error:Started server process [21204]
INFO:uvicorn.error:Waiting for application startup.
INFO:uvicorn.error:Application startup complete.
WARNING:uvicorn.error:WatchFiles detected changes in 'pixel_analysis.py'. Reloading...
INFO:uvicorn.error:Shutting down
INFO:uvicorn.error:Waiting for application shutdown.
INFO:uvicorn.error:Application shutdown complete.
INFO:uvicorn.error:Finished server process [21204]
INFO:uvicorn.error:Started server process [25260]
INFO:uvicorn.error:Waiting for application startup.
INFO:uvicorn.error:Application startup complete.
WARNING:uvicorn.error:WatchFiles detected changes in 'pixel_analysis.py'. Reloading...
INFO:uvicorn.error:Shutting down
INFO:uvicorn.error:Waiting for application shutdown.
INFO:uvicorn.error:Application shutdown complete.
INFO:uvicorn.error:Finished server process [25260]
INFO:uvicorn.error:Started server process [24468]
INFO:uvicorn.error:Waiting for application startup.
INFO:uvicorn.error:Application startup complete.
WARNING:uvicorn.error:WatchFiles detected changes in 'pixel_analysis.py'. Reloading...
INFO:uvicorn.error:Shutting down
INFO:uvicorn.error:Waiting for application shutdown.
INFO:uvicorn.error:Application shutdown complete.
INFO:uvicorn.error:Finished server process [24468]
INFO:uvicorn.error:Started server process [11496]
INFO:uvicorn.error:Waiting for application startup.
INFO:uvicorn.error:Application startup complete.
WARNING:uvicorn.error:WatchFiles detected changes in 'pixel_analysis.py'. Reloading...
INFO:uvicorn.error:Shutting down
INFO:uvicorn.error:Waiting for application shutdown.
INFO:uvicorn.error:Application shutdown complete.
INFO:uvicorn.error:Finished server process [11496]
INFO:uvicorn.error:Started server process [20164]
INFO:uvicorn.error:Waiting for application startup.
INFO:uvicorn.error:Application startup complete.
WARNING:uvicorn.error:WatchFiles detected changes in 'pixel_analysis.py'. Reloading...
INFO:uvicorn.error:Shutting down
INFO:uvicorn.error:Waiting for application shutdown.
INFO:uvicorn.error:Application shutdown complete.
INFO:uvicorn.error:Finished server process [20164]
INFO:uvicorn.error:Started server process [19732]
INFO:uvicorn.error:Waiting for application startup.
INFO:uvicorn.error:Application startup complete.
WARNING:uvicorn.error:WatchFiles detected changes in 'pixel_analysis.py'. Reloading...
INFO:uvicorn.error:Shutting down
INFO:uvicorn.error:Waiting for application shutdown.
INFO:uvicorn.error:Application shutdown complete.
INFO:uvicorn.error:Finished server process [19732]
INFO:uvicorn.error:Started server process [19932]
INFO:uvicorn.error:Waiting for application startup.
INFO:uvicorn.error:Application startup complete.
WARNING:uvicorn.error:WatchFiles detected changes in 'pixel_analysis.py'. Reloading...
INFO:uvicorn.error:Shutting down
INFO:uvicorn.error:Waiting for application shutdown.
INFO:uvicorn.error:Application shutdown complete.
INFO:uvicorn.error:Finished server process [19932]
INFO:uvicorn.error:Started server process [19648]
INFO:uvicorn.error:Waiting for application startup.
INFO:uvicorn.error:Application startup complete.
WARNING:uvicorn.error:WatchFiles detected changes in 'pixel_analysis.py'. Reloading...
INFO:uvicorn.error:Shutting down
INFO:uvicorn.error:Waiting for application shutdown.
INFO:uvicorn.error:Application shutdown complete.
INFO:uvicorn.error:Finished server process [19648]
INFO:uvicorn.error:Started server process [21596]
INFO:uvicorn.error:Waiting for application startup.
INFO:uvicorn.error:Application startup complete.
WARNING:uvicorn.error:WatchFiles detected changes in 'pixel_analysis.py'. Reloading...
INFO:uvicorn.error:Shutting down
INFO:uvicorn.error:Waiting for application shutdown.
INFO:uvicorn.error:Application shutdown complete.
INFO:uvicorn.error:Finished server process [21596]
INFO:uvicorn.error:Started server process [25200]
INFO:uvicorn.error:Waiting for application startup.
INFO:uvicorn.error:Application startup complete.
WARNING:uvicorn.error:WatchFiles detected changes in 'main.py'. Reloading...
INFO:uvicorn.error:Shutting down
INFO:uvicorn.error:Waiting for application shutdown.
INFO:uvicorn.error:Application shutdown complete.
INFO:uvicorn.error:Finished server process [25200]
INFO:uvicorn.error:Started server process [2180]
INFO:uvicorn.error:Waiting for application startup.
INFO:uvicorn.error:Application startup complete.
WARNING:uvicorn.error:WatchFiles detected changes in 'main.py'. Reloading...
INFO:uvicorn.error:Shutting down
INFO:uvicorn.error:Waiting for application shutdown.
INFO:uvicorn.error:Application shutdown complete.
INFO:uvicorn.error:Finished server process [2180]
WARNING:uvicorn.error:WatchFiles detected changes in 'pixel_analysis.py'. Reloading...
INFO:uvicorn.error:Started server process [21384]
INFO:uvicorn.error:Waiting for application startup.
INFO:uvicorn.error:Application startup complete.
ERROR:uvicorn.error:Traceback (most recent call last):
  File "C:\Users\marcoleung\AppData\Local\Programs\Python\Python39\lib\asyncio\runners.py", line 44, in run
    return loop.run_until_complete(main)
  File "C:\Users\marcoleung\AppData\Local\Programs\Python\Python39\lib\asyncio\base_events.py", line 634, in run_until_complete
    self.run_forever()
  File "C:\Users\marcoleung\AppData\Local\Programs\Python\Python39\lib\asyncio\base_events.py", line 601, in run_forever
    self._run_once()
  File "C:\Users\marcoleung\AppData\Local\Programs\Python\Python39\lib\asyncio\base_events.py", line 1905, in _run_once
    handle._run()
  File "C:\Users\marcoleung\AppData\Local\Programs\Python\Python39\lib\asyncio\events.py", line 80, in _run
    self._context.run(self._callback, *self._args)
  File "C:\Users\marcoleung\Desktop\Fraud Detection Tool\Fraud Document Detector\01_Source_Code\myenv\lib\site-packages\uvicorn\server.py", line 71, in serve
    await self._serve(sockets)
  File "C:\Users\marcoleung\AppData\Local\Programs\Python\Python39\lib\contextlib.py", line 126, in __exit__
    next(self.gen)
  File "C:\Users\marcoleung\Desktop\Fraud Detection Tool\Fraud Document Detector\01_Source_Code\myenv\lib\site-packages\uvicorn\server.py", line 331, in capture_signals
    signal.raise_signal(captured_signal)
KeyboardInterrupt

During handling of the above exception, another exception occurred:

Traceback (most recent call last):
  File "C:\Users\marcoleung\Desktop\Fraud Detection Tool\Fraud Document Detector\01_Source_Code\myenv\lib\site-packages\starlette\routing.py", line 700, in lifespan
    await receive()
  File "C:\Users\marcoleung\Desktop\Fraud Detection Tool\Fraud Document Detector\01_Source_Code\myenv\lib\site-packages\uvicorn\lifespan\on.py", line 137, in receive
    return await self.receive_queue.get()
  File "C:\Users\marcoleung\AppData\Local\Programs\Python\Python39\lib\asyncio\queues.py", line 166, in get
    await getter
asyncio.exceptions.CancelledError

INFO:uvicorn.error:Started server process [23840]
INFO:uvicorn.error:Waiting for application startup.
INFO:uvicorn.error:Application startup complete.
WARNING:uvicorn.error:WatchFiles detected changes in 'pca_analysis.py'. Reloading...
INFO:uvicorn.error:Shutting down
INFO:uvicorn.error:Waiting for application shutdown.
INFO:uvicorn.error:Application shutdown complete.
INFO:uvicorn.error:Finished server process [23840]
INFO:uvicorn.error:Started server process [9764]
INFO:uvicorn.error:Waiting for application startup.
INFO:uvicorn.error:Application startup complete.
WARNING:uvicorn.error:WatchFiles detected changes in 'main.py'. Reloading...
INFO:uvicorn.error:Shutting down
INFO:uvicorn.error:Waiting for application shutdown.
INFO:uvicorn.error:Application shutdown complete.
INFO:uvicorn.error:Finished server process [9764]
WARNING:uvicorn.error:WatchFiles detected changes in 'main.py'. Reloading...
INFO:uvicorn.error:Started server process [24596]
INFO:uvicorn.error:Waiting for application startup.
INFO:uvicorn.error:Application startup complete.
ERROR:uvicorn.error:Traceback (most recent call last):
  File "C:\Users\marcoleung\AppData\Local\Programs\Python\Python39\lib\asyncio\runners.py", line 44, in run
    return loop.run_until_complete(main)
  File "C:\Users\marcoleung\AppData\Local\Programs\Python\Python39\lib\asyncio\base_events.py", line 634, in run_until_complete
    self.run_forever()
  File "C:\Users\marcoleung\AppData\Local\Programs\Python\Python39\lib\asyncio\base_events.py", line 601, in run_forever
    self._run_once()
  File "C:\Users\marcoleung\AppData\Local\Programs\Python\Python39\lib\asyncio\base_events.py", line 1905, in _run_once
    handle._run()
  File "C:\Users\marcoleung\AppData\Local\Programs\Python\Python39\lib\asyncio\events.py", line 80, in _run
    self._context.run(self._callback, *self._args)
  File "C:\Users\marcoleung\Desktop\Fraud Detection Tool\Fraud Document Detector\01_Source_Code\myenv\lib\site-packages\uvicorn\server.py", line 71, in serve
    await self._serve(sockets)
  File "C:\Users\marcoleung\AppData\Local\Programs\Python\Python39\lib\contextlib.py", line 126, in __exit__
    next(self.gen)
  File "C:\Users\marcoleung\Desktop\Fraud Detection Tool\Fraud Document Detector\01_Source_Code\myenv\lib\site-packages\uvicorn\server.py", line 331, in capture_signals
    signal.raise_signal(captured_signal)
KeyboardInterrupt

During handling of the above exception, another exception occurred:

Traceback (most recent call last):
  File "C:\Users\marcoleung\Desktop\Fraud Detection Tool\Fraud Document Detector\01_Source_Code\myenv\lib\site-packages\starlette\routing.py", line 700, in lifespan
    await receive()
  File "C:\Users\marcoleung\Desktop\Fraud Detection Tool\Fraud Document Detector\01_Source_Code\myenv\lib\site-packages\uvicorn\lifespan\on.py", line 137, in receive
    return await self.receive_queue.get()
  File "C:\Users\marcoleung\AppData\Local\Programs\Python\Python39\lib\asyncio\queues.py", line 166, in get
    await getter
asyncio.exceptions.CancelledError

WARNING:uvicorn.error:WatchFiles detected changes in 'main.py'. Reloading...
INFO:uvicorn.error:Started server process [2460]
INFO:uvicorn.error:Waiting for application startup.
INFO:uvicorn.error:Application startup complete.
ERROR:uvicorn.error:Traceback (most recent call last):
  File "C:\Users\marcoleung\AppData\Local\Programs\Python\Python39\lib\asyncio\runners.py", line 44, in run
    return loop.run_until_complete(main)
  File "C:\Users\marcoleung\AppData\Local\Programs\Python\Python39\lib\asyncio\base_events.py", line 634, in run_until_complete
    self.run_forever()
  File "C:\Users\marcoleung\AppData\Local\Programs\Python\Python39\lib\asyncio\base_events.py", line 601, in run_forever
    self._run_once()
  File "C:\Users\marcoleung\AppData\Local\Programs\Python\Python39\lib\asyncio\base_events.py", line 1905, in _run_once
    handle._run()
  File "C:\Users\marcoleung\AppData\Local\Programs\Python\Python39\lib\asyncio\events.py", line 80, in _run
    self._context.run(self._callback, *self._args)
  File "C:\Users\marcoleung\Desktop\Fraud Detection Tool\Fraud Document Detector\01_Source_Code\myenv\lib\site-packages\uvicorn\server.py", line 71, in serve
    await self._serve(sockets)
  File "C:\Users\marcoleung\AppData\Local\Programs\Python\Python39\lib\contextlib.py", line 126, in __exit__
    next(self.gen)
  File "C:\Users\marcoleung\Desktop\Fraud Detection Tool\Fraud Document Detector\01_Source_Code\myenv\lib\site-packages\uvicorn\server.py", line 331, in capture_signals
    signal.raise_signal(captured_signal)
KeyboardInterrupt

During handling of the above exception, another exception occurred:

Traceback (most recent call last):
  File "C:\Users\marcoleung\Desktop\Fraud Detection Tool\Fraud Document Detector\01_Source_Code\myenv\lib\site-packages\starlette\routing.py", line 700, in lifespan
    await receive()
  File "C:\Users\marcoleung\Desktop\Fraud Detection Tool\Fraud Document Detector\01_Source_Code\myenv\lib\site-packages\uvicorn\lifespan\on.py", line 137, in receive
    return await self.receive_queue.get()
  File "C:\Users\marcoleung\AppData\Local\Programs\Python\Python39\lib\asyncio\queues.py", line 166, in get
    await getter
asyncio.exceptions.CancelledError

INFO:uvicorn.error:Started server process [5676]
INFO:uvicorn.error:Waiting for application startup.
INFO:uvicorn.error:Application startup complete.
WARNING:uvicorn.error:WatchFiles detected changes in 'main.py'. Reloading...
INFO:uvicorn.error:Shutting down
INFO:uvicorn.error:Waiting for application shutdown.
INFO:uvicorn.error:Application shutdown complete.
INFO:uvicorn.error:Finished server process [5676]
INFO:uvicorn.error:Started server process [23544]
INFO:uvicorn.error:Waiting for application startup.
INFO:uvicorn.error:Application startup complete.
WARNING:uvicorn.error:WatchFiles detected changes in 'main.py'. Reloading...
INFO:uvicorn.error:Shutting down
INFO:uvicorn.error:Waiting for application shutdown.
INFO:uvicorn.error:Application shutdown complete.
INFO:uvicorn.error:Finished server process [23544]
INFO:uvicorn.error:Started server process [11552]
INFO:uvicorn.error:Waiting for application startup.
INFO:uvicorn.error:Application startup complete.
WARNING:uvicorn.error:WatchFiles detected changes in 'main.py'. Reloading...
INFO:uvicorn.error:Shutting down
INFO:uvicorn.error:Waiting for application shutdown.
INFO:uvicorn.error:Application shutdown complete.
INFO:uvicorn.error:Finished server process [11552]
INFO:uvicorn.error:Started server process [6212]
INFO:uvicorn.error:Waiting for application startup.
INFO:uvicorn.error:Application startup complete.
WARNING:uvicorn.error:WatchFiles detected changes in 'pca_analysis.py'. Reloading...
INFO:uvicorn.error:Shutting down
INFO:uvicorn.error:Waiting for application shutdown.
INFO:uvicorn.error:Application shutdown complete.
INFO:uvicorn.error:Finished server process [6212]
INFO:uvicorn.error:Started server process [5868]
INFO:uvicorn.error:Waiting for application startup.
INFO:uvicorn.error:Application startup complete.
WARNING:uvicorn.error:WatchFiles detected changes in 'pca_analysis.py'. Reloading...
INFO:uvicorn.error:Shutting down
INFO:uvicorn.error:Waiting for application shutdown.
INFO:uvicorn.error:Application shutdown complete.
INFO:uvicorn.error:Finished server process [5868]
INFO:uvicorn.error:Started server process [5416]
INFO:uvicorn.error:Waiting for application startup.
INFO:uvicorn.error:Application startup complete.
WARNING:uvicorn.error:WatchFiles detected changes in 'pca_analysis.py'. Reloading...
INFO:uvicorn.error:Shutting down
INFO:uvicorn.error:Waiting for application shutdown.
INFO:uvicorn.error:Application shutdown complete.
INFO:uvicorn.error:Finished server process [5416]
INFO:uvicorn.error:Started server process [22232]
INFO:uvicorn.error:Waiting for application startup.
INFO:uvicorn.error:Application startup complete.
WARNING:uvicorn.error:WatchFiles detected changes in 'pca_analysis.py'. Reloading...
INFO:uvicorn.error:Shutting down
INFO:uvicorn.error:Waiting for application shutdown.
INFO:uvicorn.error:Application shutdown complete.
INFO:uvicorn.error:Finished server process [22232]
INFO:uvicorn.error:Started server process [4524]
INFO:uvicorn.error:Waiting for application startup.
INFO:uvicorn.error:Application startup complete.
WARNING:uvicorn.error:WatchFiles detected changes in 'pca_analysis.py'. Reloading...
INFO:uvicorn.error:Shutting down
INFO:uvicorn.error:Waiting for application shutdown.
INFO:uvicorn.error:Application shutdown complete.
INFO:uvicorn.error:Finished server process [4524]
INFO:uvicorn.error:Started server process [24380]
INFO:uvicorn.error:Waiting for application startup.
INFO:uvicorn.error:Application startup complete.
WARNING:uvicorn.error:WatchFiles detected changes in 'pca_analysis.py'. Reloading...
INFO:uvicorn.error:Shutting down
INFO:uvicorn.error:Waiting for application shutdown.
INFO:uvicorn.error:Application shutdown complete.
INFO:uvicorn.error:Finished server process [24380]
INFO:uvicorn.error:Started server process [7056]
INFO:uvicorn.error:Waiting for application startup.
INFO:uvicorn.error:Application startup complete.
WARNING:uvicorn.error:WatchFiles detected changes in 'pca_analysis.py'. Reloading...
INFO:uvicorn.error:Shutting down
INFO:uvicorn.error:Waiting for application shutdown.
INFO:uvicorn.error:Application shutdown complete.
INFO:uvicorn.error:Finished server process [7056]
INFO:uvicorn.error:Started server process [6344]
INFO:uvicorn.error:Waiting for application startup.
INFO:uvicorn.error:Application startup complete.
WARNING:uvicorn.error:WatchFiles detected changes in 'main.py'. Reloading...
INFO:uvicorn.error:Shutting down
INFO:uvicorn.error:Waiting for application shutdown.
INFO:uvicorn.error:Application shutdown complete.
INFO:uvicorn.error:Finished server process [6344]
INFO:uvicorn.error:Started server process [3712]
INFO:uvicorn.error:Waiting for application startup.
INFO:uvicorn.error:Application startup complete.
WARNING:uvicorn.error:WatchFiles detected changes in 'main.py'. Reloading...
INFO:uvicorn.error:Shutting down
INFO:uvicorn.error:Waiting for application shutdown.
INFO:uvicorn.error:Application shutdown complete.
INFO:uvicorn.error:Finished server process [3712]
WARNING:uvicorn.error:WatchFiles detected changes in 'main.py'. Reloading...
INFO:uvicorn.error:Started server process [12600]
INFO:uvicorn.error:Waiting for application startup.
INFO:uvicorn.error:Application startup complete.
ERROR:uvicorn.error:Exception in ASGI application
Traceback (most recent call last):
  File "C:\Users\marcoleung\Desktop\Fraud Detection Tool\Fraud Document Detector\01_Source_Code\myenv\lib\site-packages\uvicorn\protocols\http\httptools_impl.py", line 409, in run_asgi
    result = await app(  # type: ignore[func-returns-value]
  File "C:\Users\marcoleung\Desktop\Fraud Detection Tool\Fraud Document Detector\01_Source_Code\myenv\lib\site-packages\uvicorn\middleware\proxy_headers.py", line 60, in __call__
    return await self.app(scope, receive, send)
  File "C:\Users\marcoleung\Desktop\Fraud Detection Tool\Fraud Document Detector\01_Source_Code\myenv\lib\site-packages\fastapi\applications.py", line 1054, in __call__
    await super().__call__(scope, receive, send)
  File "C:\Users\marcoleung\Desktop\Fraud Detection Tool\Fraud Document Detector\01_Source_Code\myenv\lib\site-packages\starlette\applications.py", line 113, in __call__
    await self.middleware_stack(scope, receive, send)
  File "C:\Users\marcoleung\Desktop\Fraud Detection Tool\Fraud Document Detector\01_Source_Code\myenv\lib\site-packages\starlette\middleware\errors.py", line 187, in __call__
    raise exc
  File "C:\Users\marcoleung\Desktop\Fraud Detection Tool\Fraud Document Detector\01_Source_Code\myenv\lib\site-packages\starlette\middleware\errors.py", line 165, in __call__
    await self.app(scope, receive, _send)
  File "C:\Users\marcoleung\Desktop\Fraud Detection Tool\Fraud Document Detector\01_Source_Code\myenv\lib\site-packages\starlette\middleware\cors.py", line 93, in __call__
    await self.simple_response(scope, receive, send, request_headers=headers)
  File "C:\Users\marcoleung\Desktop\Fraud Detection Tool\Fraud Document Detector\01_Source_Code\myenv\lib\site-packages\starlette\middleware\cors.py", line 144, in simple_response
    await self.app(scope, receive, send)
  File "C:\Users\marcoleung\Desktop\Fraud Detection Tool\Fraud Document Detector\01_Source_Code\myenv\lib\site-packages\starlette\middleware\exceptions.py", line 62, in __call__
    await wrap_app_handling_exceptions(self.app, conn)(scope, receive, send)
  File "C:\Users\marcoleung\Desktop\Fraud Detection Tool\Fraud Document Detector\01_Source_Code\myenv\lib\site-packages\starlette\_exception_handler.py", line 62, in wrapped_app
    raise exc
  File "C:\Users\marcoleung\Desktop\Fraud Detection Tool\Fraud Document Detector\01_Source_Code\myenv\lib\site-packages\starlette\_exception_handler.py", line 51, in wrapped_app
    await app(scope, receive, sender)
  File "C:\Users\marcoleung\Desktop\Fraud Detection Tool\Fraud Document Detector\01_Source_Code\myenv\lib\site-packages\starlette\routing.py", line 715, in __call__
    await self.middleware_stack(scope, receive, send)
  File "C:\Users\marcoleung\Desktop\Fraud Detection Tool\Fraud Document Detector\01_Source_Code\myenv\lib\site-packages\starlette\routing.py", line 735, in app
    await route.handle(scope, receive, send)
  File "C:\Users\marcoleung\Desktop\Fraud Detection Tool\Fraud Document Detector\01_Source_Code\myenv\lib\site-packages\starlette\routing.py", line 288, in handle
    await self.app(scope, receive, send)
  File "C:\Users\marcoleung\Desktop\Fraud Detection Tool\Fraud Document Detector\01_Source_Code\myenv\lib\site-packages\starlette\routing.py", line 76, in app
    await wrap_app_handling_exceptions(app, request)(scope, receive, send)
  File "C:\Users\marcoleung\Desktop\Fraud Detection Tool\Fraud Document Detector\01_Source_Code\myenv\lib\site-packages\starlette\_exception_handler.py", line 62, in wrapped_app
    raise exc
  File "C:\Users\marcoleung\Desktop\Fraud Detection Tool\Fraud Document Detector\01_Source_Code\myenv\lib\site-packages\starlette\_exception_handler.py", line 51, in wrapped_app
    await app(scope, receive, sender)
  File "C:\Users\marcoleung\Desktop\Fraud Detection Tool\Fraud Document Detector\01_Source_Code\myenv\lib\site-packages\starlette\routing.py", line 73, in app
    response = await f(request)
  File "C:\Users\marcoleung\Desktop\Fraud Detection Tool\Fraud Document Detector\01_Source_Code\myenv\lib\site-packages\fastapi\routing.py", line 301, in app
    raw_response = await run_endpoint_function(
  File "C:\Users\marcoleung\Desktop\Fraud Detection Tool\Fraud Document Detector\01_Source_Code\myenv\lib\site-packages\fastapi\routing.py", line 212, in run_endpoint_function
    return await dependant.call(**values)
  File "C:\Users\marcoleung\Desktop\Fraud Detection Tool\Fraud Document Detector\01_Source_Code\backend_api\main.py", line 755, in process_pca_with_params
    results = List[PCAResult] = []
TypeError: '_SpecialGenericAlias' object does not support item assignment
WARNING:uvicorn.error:WatchFiles detected changes in 'main.py'. Reloading...
INFO:uvicorn.error:Shutting down
INFO:uvicorn.error:Waiting for application shutdown.
INFO:uvicorn.error:Application shutdown complete.
INFO:uvicorn.error:Finished server process [12600]
INFO:uvicorn.error:Started server process [25224]
INFO:uvicorn.error:Waiting for application startup.
INFO:uvicorn.error:Application startup complete.
ERROR:uvicorn.error:Exception in ASGI application
Traceback (most recent call last):
  File "C:\Users\marcoleung\Desktop\Fraud Detection Tool\Fraud Document Detector\01_Source_Code\myenv\lib\site-packages\uvicorn\protocols\http\httptools_impl.py", line 409, in run_asgi
    result = await app(  # type: ignore[func-returns-value]
  File "C:\Users\marcoleung\Desktop\Fraud Detection Tool\Fraud Document Detector\01_Source_Code\myenv\lib\site-packages\uvicorn\middleware\proxy_headers.py", line 60, in __call__
    return await self.app(scope, receive, send)
  File "C:\Users\marcoleung\Desktop\Fraud Detection Tool\Fraud Document Detector\01_Source_Code\myenv\lib\site-packages\fastapi\applications.py", line 1054, in __call__
    await super().__call__(scope, receive, send)
  File "C:\Users\marcoleung\Desktop\Fraud Detection Tool\Fraud Document Detector\01_Source_Code\myenv\lib\site-packages\starlette\applications.py", line 113, in __call__
    await self.middleware_stack(scope, receive, send)
  File "C:\Users\marcoleung\Desktop\Fraud Detection Tool\Fraud Document Detector\01_Source_Code\myenv\lib\site-packages\starlette\middleware\errors.py", line 187, in __call__
    raise exc
  File "C:\Users\marcoleung\Desktop\Fraud Detection Tool\Fraud Document Detector\01_Source_Code\myenv\lib\site-packages\starlette\middleware\errors.py", line 165, in __call__
    await self.app(scope, receive, _send)
  File "C:\Users\marcoleung\Desktop\Fraud Detection Tool\Fraud Document Detector\01_Source_Code\myenv\lib\site-packages\starlette\middleware\cors.py", line 93, in __call__
    await self.simple_response(scope, receive, send, request_headers=headers)
  File "C:\Users\marcoleung\Desktop\Fraud Detection Tool\Fraud Document Detector\01_Source_Code\myenv\lib\site-packages\starlette\middleware\cors.py", line 144, in simple_response
    await self.app(scope, receive, send)
  File "C:\Users\marcoleung\Desktop\Fraud Detection Tool\Fraud Document Detector\01_Source_Code\myenv\lib\site-packages\starlette\middleware\exceptions.py", line 62, in __call__
    await wrap_app_handling_exceptions(self.app, conn)(scope, receive, send)
  File "C:\Users\marcoleung\Desktop\Fraud Detection Tool\Fraud Document Detector\01_Source_Code\myenv\lib\site-packages\starlette\_exception_handler.py", line 62, in wrapped_app
    raise exc
  File "C:\Users\marcoleung\Desktop\Fraud Detection Tool\Fraud Document Detector\01_Source_Code\myenv\lib\site-packages\starlette\_exception_handler.py", line 51, in wrapped_app
    await app(scope, receive, sender)
  File "C:\Users\marcoleung\Desktop\Fraud Detection Tool\Fraud Document Detector\01_Source_Code\myenv\lib\site-packages\starlette\routing.py", line 715, in __call__
    await self.middleware_stack(scope, receive, send)
  File "C:\Users\marcoleung\Desktop\Fraud Detection Tool\Fraud Document Detector\01_Source_Code\myenv\lib\site-packages\starlette\routing.py", line 735, in app
    await route.handle(scope, receive, send)
  File "C:\Users\marcoleung\Desktop\Fraud Detection Tool\Fraud Document Detector\01_Source_Code\myenv\lib\site-packages\starlette\routing.py", line 288, in handle
    await self.app(scope, receive, send)
  File "C:\Users\marcoleung\Desktop\Fraud Detection Tool\Fraud Document Detector\01_Source_Code\myenv\lib\site-packages\starlette\routing.py", line 76, in app
    await wrap_app_handling_exceptions(app, request)(scope, receive, send)
  File "C:\Users\marcoleung\Desktop\Fraud Detection Tool\Fraud Document Detector\01_Source_Code\myenv\lib\site-packages\starlette\_exception_handler.py", line 62, in wrapped_app
    raise exc
  File "C:\Users\marcoleung\Desktop\Fraud Detection Tool\Fraud Document Detector\01_Source_Code\myenv\lib\site-packages\starlette\_exception_handler.py", line 51, in wrapped_app
    await app(scope, receive, sender)
  File "C:\Users\marcoleung\Desktop\Fraud Detection Tool\Fraud Document Detector\01_Source_Code\myenv\lib\site-packages\starlette\routing.py", line 73, in app
    response = await f(request)
  File "C:\Users\marcoleung\Desktop\Fraud Detection Tool\Fraud Document Detector\01_Source_Code\myenv\lib\site-packages\fastapi\routing.py", line 301, in app
    raw_response = await run_endpoint_function(
  File "C:\Users\marcoleung\Desktop\Fraud Detection Tool\Fraud Document Detector\01_Source_Code\myenv\lib\site-packages\fastapi\routing.py", line 212, in run_endpoint_function
    return await dependant.call(**values)
  File "C:\Users\marcoleung\Desktop\Fraud Detection Tool\Fraud Document Detector\01_Source_Code\backend_api\main.py", line 775, in process_pca_with_params
    total_alerts = sum(results.alert for result in results)
  File "C:\Users\marcoleung\Desktop\Fraud Detection Tool\Fraud Document Detector\01_Source_Code\backend_api\main.py", line 775, in <genexpr>
    total_alerts = sum(results.alert for result in results)
AttributeError: 'list' object has no attribute 'alert'
INFO:uvicorn.error:Will watch for changes in these directories: ['C:\\Users\\marcoleung\\Desktop\\Fraud Detection Tool\\Fraud Document Detector\\01_Source_Code\\backend_api']
INFO:uvicorn.error:Uvicorn running on http://127.0.0.1:8000 (Press CTRL+C to quit)
INFO:uvicorn.error:Started reloader process [21248] using WatchFiles
INFO:uvicorn.error:Started server process [7384]
INFO:uvicorn.error:Waiting for application startup.
INFO:uvicorn.error:Application startup complete.
WARNING:uvicorn.error:WatchFiles detected changes in 'main.py'. Reloading...
INFO:uvicorn.error:Shutting down
INFO:uvicorn.error:Waiting for application shutdown.
INFO:uvicorn.error:Application shutdown complete.
INFO:uvicorn.error:Finished server process [7384]
INFO:uvicorn.error:Started server process [24000]
INFO:uvicorn.error:Waiting for application startup.
INFO:uvicorn.error:Application startup complete.
WARNING:uvicorn.error:WatchFiles detected changes in 'pca_analysis.py'. Reloading...
INFO:uvicorn.error:Shutting down
INFO:uvicorn.error:Waiting for application shutdown.
INFO:uvicorn.error:Application shutdown complete.
INFO:uvicorn.error:Finished server process [24000]
WARNING:uvicorn.error:WatchFiles detected changes in 'pca_analysis.py'. Reloading...
INFO:uvicorn.error:Started server process [14720]
INFO:uvicorn.error:Waiting for application startup.
INFO:uvicorn.error:Application startup complete.
ERROR:uvicorn.error:Traceback (most recent call last):
  File "C:\Users\marcoleung\AppData\Local\Programs\Python\Python39\lib\asyncio\runners.py", line 44, in run
    return loop.run_until_complete(main)
  File "C:\Users\marcoleung\AppData\Local\Programs\Python\Python39\lib\asyncio\base_events.py", line 634, in run_until_complete
    self.run_forever()
  File "C:\Users\marcoleung\AppData\Local\Programs\Python\Python39\lib\asyncio\base_events.py", line 601, in run_forever
    self._run_once()
  File "C:\Users\marcoleung\AppData\Local\Programs\Python\Python39\lib\asyncio\base_events.py", line 1905, in _run_once
    handle._run()
  File "C:\Users\marcoleung\AppData\Local\Programs\Python\Python39\lib\asyncio\events.py", line 80, in _run
    self._context.run(self._callback, *self._args)
  File "C:\Users\marcoleung\Desktop\Fraud Detection Tool\Fraud Document Detector\01_Source_Code\myenv\lib\site-packages\uvicorn\server.py", line 71, in serve
    await self._serve(sockets)
  File "C:\Users\marcoleung\AppData\Local\Programs\Python\Python39\lib\contextlib.py", line 126, in __exit__
    next(self.gen)
  File "C:\Users\marcoleung\Desktop\Fraud Detection Tool\Fraud Document Detector\01_Source_Code\myenv\lib\site-packages\uvicorn\server.py", line 331, in capture_signals
    signal.raise_signal(captured_signal)
KeyboardInterrupt

During handling of the above exception, another exception occurred:

Traceback (most recent call last):
  File "C:\Users\marcoleung\Desktop\Fraud Detection Tool\Fraud Document Detector\01_Source_Code\myenv\lib\site-packages\starlette\routing.py", line 700, in lifespan
    await receive()
  File "C:\Users\marcoleung\Desktop\Fraud Detection Tool\Fraud Document Detector\01_Source_Code\myenv\lib\site-packages\uvicorn\lifespan\on.py", line 137, in receive
    return await self.receive_queue.get()
  File "C:\Users\marcoleung\AppData\Local\Programs\Python\Python39\lib\asyncio\queues.py", line 166, in get
    await getter
asyncio.exceptions.CancelledError

INFO:uvicorn.error:Started server process [23760]
INFO:uvicorn.error:Waiting for application startup.
INFO:uvicorn.error:Application startup complete.
WARNING:uvicorn.error:WatchFiles detected changes in 'pca_analysis.py'. Reloading...
INFO:uvicorn.error:Shutting down
INFO:uvicorn.error:Waiting for application shutdown.
INFO:uvicorn.error:Application shutdown complete.
INFO:uvicorn.error:Finished server process [23760]
INFO:uvicorn.error:Started server process [17176]
INFO:uvicorn.error:Waiting for application startup.
INFO:uvicorn.error:Application startup complete.
WARNING:uvicorn.error:WatchFiles detected changes in 'main.py'. Reloading...
INFO:uvicorn.error:Shutting down
INFO:uvicorn.error:Waiting for application shutdown.
INFO:uvicorn.error:Application shutdown complete.
INFO:uvicorn.error:Finished server process [17176]
INFO:uvicorn.error:Started server process [23076]
INFO:uvicorn.error:Waiting for application startup.
INFO:uvicorn.error:Application startup complete.
WARNING:uvicorn.error:WatchFiles detected changes in 'pca_analysis.py'. Reloading...
INFO:uvicorn.error:Shutting down
INFO:uvicorn.error:Waiting for application shutdown.
INFO:uvicorn.error:Application shutdown complete.
INFO:uvicorn.error:Finished server process [23076]
WARNING:uvicorn.error:WatchFiles detected changes in 'pca_analysis.py'. Reloading...
INFO:uvicorn.error:Started server process [6400]
INFO:uvicorn.error:Waiting for application startup.
INFO:uvicorn.error:Application startup complete.
ERROR:uvicorn.error:Traceback (most recent call last):
  File "C:\Users\marcoleung\AppData\Local\Programs\Python\Python39\lib\asyncio\runners.py", line 44, in run
    return loop.run_until_complete(main)
  File "C:\Users\marcoleung\AppData\Local\Programs\Python\Python39\lib\asyncio\base_events.py", line 634, in run_until_complete
    self.run_forever()
  File "C:\Users\marcoleung\AppData\Local\Programs\Python\Python39\lib\asyncio\base_events.py", line 601, in run_forever
    self._run_once()
  File "C:\Users\marcoleung\AppData\Local\Programs\Python\Python39\lib\asyncio\base_events.py", line 1905, in _run_once
    handle._run()
  File "C:\Users\marcoleung\AppData\Local\Programs\Python\Python39\lib\asyncio\events.py", line 80, in _run
    self._context.run(self._callback, *self._args)
  File "C:\Users\marcoleung\Desktop\Fraud Detection Tool\Fraud Document Detector\01_Source_Code\myenv\lib\site-packages\uvicorn\server.py", line 71, in serve
    await self._serve(sockets)
  File "C:\Users\marcoleung\AppData\Local\Programs\Python\Python39\lib\contextlib.py", line 126, in __exit__
    next(self.gen)
  File "C:\Users\marcoleung\Desktop\Fraud Detection Tool\Fraud Document Detector\01_Source_Code\myenv\lib\site-packages\uvicorn\server.py", line 331, in capture_signals
    signal.raise_signal(captured_signal)
KeyboardInterrupt

During handling of the above exception, another exception occurred:

Traceback (most recent call last):
  File "C:\Users\marcoleung\Desktop\Fraud Detection Tool\Fraud Document Detector\01_Source_Code\myenv\lib\site-packages\starlette\routing.py", line 700, in lifespan
    await receive()
  File "C:\Users\marcoleung\Desktop\Fraud Detection Tool\Fraud Document Detector\01_Source_Code\myenv\lib\site-packages\uvicorn\lifespan\on.py", line 137, in receive
    return await self.receive_queue.get()
  File "C:\Users\marcoleung\AppData\Local\Programs\Python\Python39\lib\asyncio\queues.py", line 166, in get
    await getter
asyncio.exceptions.CancelledError

INFO:uvicorn.error:Started server process [17156]
INFO:uvicorn.error:Waiting for application startup.
INFO:uvicorn.error:Application startup complete.
WARNING:uvicorn.error:WatchFiles detected changes in 'pca_analysis.py'. Reloading...
INFO:uvicorn.error:Shutting down
INFO:uvicorn.error:Waiting for application shutdown.
INFO:uvicorn.error:Application shutdown complete.
INFO:uvicorn.error:Finished server process [17156]
INFO:uvicorn.error:Started server process [20524]
INFO:uvicorn.error:Waiting for application startup.
INFO:uvicorn.error:Application startup complete.
WARNING:uvicorn.error:WatchFiles detected changes in 'pca_analysis.py'. Reloading...
INFO:uvicorn.error:Shutting down
INFO:uvicorn.error:Waiting for application shutdown.
INFO:uvicorn.error:Application shutdown complete.
INFO:uvicorn.error:Finished server process [20524]
INFO:uvicorn.error:Started server process [20800]
INFO:uvicorn.error:Waiting for application startup.
INFO:uvicorn.error:Application startup complete.
WARNING:uvicorn.error:WatchFiles detected changes in 'pca_analysis.py'. Reloading...
INFO:uvicorn.error:Shutting down
INFO:uvicorn.error:Waiting for application shutdown.
INFO:uvicorn.error:Application shutdown complete.
INFO:uvicorn.error:Finished server process [20800]
INFO:uvicorn.error:Started server process [23848]
INFO:uvicorn.error:Waiting for application startup.
INFO:uvicorn.error:Application startup complete.
WARNING:uvicorn.error:WatchFiles detected changes in 'pca_analysis.py'. Reloading...
INFO:uvicorn.error:Shutting down
INFO:uvicorn.error:Waiting for application shutdown.
INFO:uvicorn.error:Application shutdown complete.
INFO:uvicorn.error:Finished server process [23848]
INFO:uvicorn.error:Started server process [7120]
INFO:uvicorn.error:Waiting for application startup.
INFO:uvicorn.error:Application startup complete.
WARNING:uvicorn.error:WatchFiles detected changes in 'pca_analysis.py'. Reloading...
INFO:uvicorn.error:Shutting down
INFO:uvicorn.error:Waiting for application shutdown.
INFO:uvicorn.error:Application shutdown complete.
INFO:uvicorn.error:Finished server process [7120]
INFO:uvicorn.error:Started server process [19904]
INFO:uvicorn.error:Waiting for application startup.
INFO:uvicorn.error:Application startup complete.
WARNING:uvicorn.error:WatchFiles detected changes in 'pca_analysis.py'. Reloading...
INFO:uvicorn.error:Shutting down
INFO:uvicorn.error:Waiting for application shutdown.
INFO:uvicorn.error:Application shutdown complete.
INFO:uvicorn.error:Finished server process [19904]
INFO:uvicorn.error:Started server process [26564]
INFO:uvicorn.error:Waiting for application startup.
INFO:uvicorn.error:Application startup complete.
WARNING:uvicorn.error:WatchFiles detected changes in 'pca_analysis.py'. Reloading...
INFO:uvicorn.error:Shutting down
INFO:uvicorn.error:Waiting for application shutdown.
INFO:uvicorn.error:Application shutdown complete.
INFO:uvicorn.error:Finished server process [26564]
INFO:uvicorn.error:Started server process [16964]
INFO:uvicorn.error:Waiting for application startup.
INFO:uvicorn.error:Application startup complete.
WARNING:uvicorn.error:WatchFiles detected changes in 'pca_analysis.py'. Reloading...
INFO:uvicorn.error:Shutting down
INFO:uvicorn.error:Waiting for application shutdown.
INFO:uvicorn.error:Application shutdown complete.
INFO:uvicorn.error:Finished server process [16964]
INFO:uvicorn.error:Started server process [17976]
INFO:uvicorn.error:Waiting for application startup.
INFO:uvicorn.error:Application startup complete.
WARNING:uvicorn.error:WatchFiles detected changes in 'pca_analysis.py'. Reloading...
INFO:uvicorn.error:Shutting down
INFO:uvicorn.error:Waiting for application shutdown.
INFO:uvicorn.error:Application shutdown complete.
INFO:uvicorn.error:Finished server process [17976]
INFO:uvicorn.error:Started server process [16276]
INFO:uvicorn.error:Waiting for application startup.
INFO:uvicorn.error:Application startup complete.
WARNING:uvicorn.error:WatchFiles detected changes in 'pca_analysis.py'. Reloading...
INFO:uvicorn.error:Shutting down
INFO:uvicorn.error:Waiting for application shutdown.
INFO:uvicorn.error:Application shutdown complete.
INFO:uvicorn.error:Finished server process [16276]
WARNING:uvicorn.error:WatchFiles detected changes in 'pca_analysis.py'. Reloading...
INFO:uvicorn.error:Started server process [15096]
INFO:uvicorn.error:Waiting for application startup.
INFO:uvicorn.error:Application startup complete.
ERROR:uvicorn.error:Traceback (most recent call last):
  File "C:\Users\marcoleung\AppData\Local\Programs\Python\Python39\lib\asyncio\runners.py", line 44, in run
    return loop.run_until_complete(main)
  File "C:\Users\marcoleung\AppData\Local\Programs\Python\Python39\lib\asyncio\base_events.py", line 634, in run_until_complete
    self.run_forever()
  File "C:\Users\marcoleung\AppData\Local\Programs\Python\Python39\lib\asyncio\base_events.py", line 601, in run_forever
    self._run_once()
  File "C:\Users\marcoleung\AppData\Local\Programs\Python\Python39\lib\asyncio\base_events.py", line 1905, in _run_once
    handle._run()
  File "C:\Users\marcoleung\AppData\Local\Programs\Python\Python39\lib\asyncio\events.py", line 80, in _run
    self._context.run(self._callback, *self._args)
  File "C:\Users\marcoleung\Desktop\Fraud Detection Tool\Fraud Document Detector\01_Source_Code\myenv\lib\site-packages\uvicorn\server.py", line 71, in serve
    await self._serve(sockets)
  File "C:\Users\marcoleung\AppData\Local\Programs\Python\Python39\lib\contextlib.py", line 126, in __exit__
    next(self.gen)
  File "C:\Users\marcoleung\Desktop\Fraud Detection Tool\Fraud Document Detector\01_Source_Code\myenv\lib\site-packages\uvicorn\server.py", line 331, in capture_signals
    signal.raise_signal(captured_signal)
KeyboardInterrupt

During handling of the above exception, another exception occurred:

Traceback (most recent call last):
  File "C:\Users\marcoleung\Desktop\Fraud Detection Tool\Fraud Document Detector\01_Source_Code\myenv\lib\site-packages\starlette\routing.py", line 700, in lifespan
    await receive()
  File "C:\Users\marcoleung\Desktop\Fraud Detection Tool\Fraud Document Detector\01_Source_Code\myenv\lib\site-packages\uvicorn\lifespan\on.py", line 137, in receive
    return await self.receive_queue.get()
  File "C:\Users\marcoleung\AppData\Local\Programs\Python\Python39\lib\asyncio\queues.py", line 166, in get
    await getter
asyncio.exceptions.CancelledError

INFO:uvicorn.error:Started server process [12992]
INFO:uvicorn.error:Waiting for application startup.
INFO:uvicorn.error:Application startup complete.
WARNING:uvicorn.error:WatchFiles detected changes in 'pca_analysis.py'. Reloading...
INFO:uvicorn.error:Shutting down
INFO:uvicorn.error:Waiting for application shutdown.
INFO:uvicorn.error:Application shutdown complete.
INFO:uvicorn.error:Finished server process [12992]
WARNING:uvicorn.error:WatchFiles detected changes in 'pca_analysis.py'. Reloading...
INFO:uvicorn.error:Started server process [25208]
INFO:uvicorn.error:Waiting for application startup.
INFO:uvicorn.error:Application startup complete.
ERROR:uvicorn.error:Traceback (most recent call last):
  File "C:\Users\marcoleung\AppData\Local\Programs\Python\Python39\lib\asyncio\runners.py", line 44, in run
    return loop.run_until_complete(main)
  File "C:\Users\marcoleung\AppData\Local\Programs\Python\Python39\lib\asyncio\base_events.py", line 634, in run_until_complete
    self.run_forever()
  File "C:\Users\marcoleung\AppData\Local\Programs\Python\Python39\lib\asyncio\base_events.py", line 601, in run_forever
    self._run_once()
  File "C:\Users\marcoleung\AppData\Local\Programs\Python\Python39\lib\asyncio\base_events.py", line 1905, in _run_once
    handle._run()
  File "C:\Users\marcoleung\AppData\Local\Programs\Python\Python39\lib\asyncio\events.py", line 80, in _run
    self._context.run(self._callback, *self._args)
  File "C:\Users\marcoleung\Desktop\Fraud Detection Tool\Fraud Document Detector\01_Source_Code\myenv\lib\site-packages\uvicorn\server.py", line 71, in serve
    await self._serve(sockets)
  File "C:\Users\marcoleung\AppData\Local\Programs\Python\Python39\lib\contextlib.py", line 126, in __exit__
    next(self.gen)
  File "C:\Users\marcoleung\Desktop\Fraud Detection Tool\Fraud Document Detector\01_Source_Code\myenv\lib\site-packages\uvicorn\server.py", line 331, in capture_signals
    signal.raise_signal(captured_signal)
KeyboardInterrupt

During handling of the above exception, another exception occurred:

Traceback (most recent call last):
  File "C:\Users\marcoleung\Desktop\Fraud Detection Tool\Fraud Document Detector\01_Source_Code\myenv\lib\site-packages\starlette\routing.py", line 700, in lifespan
    await receive()
  File "C:\Users\marcoleung\Desktop\Fraud Detection Tool\Fraud Document Detector\01_Source_Code\myenv\lib\site-packages\uvicorn\lifespan\on.py", line 137, in receive
    return await self.receive_queue.get()
  File "C:\Users\marcoleung\AppData\Local\Programs\Python\Python39\lib\asyncio\queues.py", line 166, in get
    await getter
asyncio.exceptions.CancelledError

INFO:uvicorn.error:Started server process [20196]
INFO:uvicorn.error:Waiting for application startup.
INFO:uvicorn.error:Application startup complete.
WARNING:uvicorn.error:WatchFiles detected changes in 'pca_analysis.py'. Reloading...
INFO:uvicorn.error:Shutting down
INFO:uvicorn.error:Waiting for application shutdown.
INFO:uvicorn.error:Application shutdown complete.
INFO:uvicorn.error:Finished server process [20196]
INFO:uvicorn.error:Started server process [7360]
INFO:uvicorn.error:Waiting for application startup.
INFO:uvicorn.error:Application startup complete.
WARNING:uvicorn.error:WatchFiles detected changes in 'pca_analysis.py'. Reloading...
INFO:uvicorn.error:Shutting down
INFO:uvicorn.error:Waiting for application shutdown.
INFO:uvicorn.error:Application shutdown complete.
INFO:uvicorn.error:Finished server process [7360]
INFO:uvicorn.error:Started server process [12440]
INFO:uvicorn.error:Waiting for application startup.
INFO:uvicorn.error:Application startup complete.
WARNING:uvicorn.error:WatchFiles detected changes in 'pca_analysis.py'. Reloading...
INFO:uvicorn.error:Shutting down
INFO:uvicorn.error:Waiting for application shutdown.
INFO:uvicorn.error:Application shutdown complete.
INFO:uvicorn.error:Finished server process [12440]
WARNING:uvicorn.error:WatchFiles detected changes in 'pca_analysis.py'. Reloading...
INFO:uvicorn.error:Started server process [20664]
INFO:uvicorn.error:Waiting for application startup.
INFO:uvicorn.error:Application startup complete.
ERROR:uvicorn.error:Traceback (most recent call last):
  File "C:\Users\marcoleung\AppData\Local\Programs\Python\Python39\lib\asyncio\runners.py", line 44, in run
    return loop.run_until_complete(main)
  File "C:\Users\marcoleung\AppData\Local\Programs\Python\Python39\lib\asyncio\base_events.py", line 634, in run_until_complete
    self.run_forever()
  File "C:\Users\marcoleung\AppData\Local\Programs\Python\Python39\lib\asyncio\base_events.py", line 601, in run_forever
    self._run_once()
  File "C:\Users\marcoleung\AppData\Local\Programs\Python\Python39\lib\asyncio\base_events.py", line 1905, in _run_once
    handle._run()
  File "C:\Users\marcoleung\AppData\Local\Programs\Python\Python39\lib\asyncio\events.py", line 80, in _run
    self._context.run(self._callback, *self._args)
  File "C:\Users\marcoleung\Desktop\Fraud Detection Tool\Fraud Document Detector\01_Source_Code\myenv\lib\site-packages\uvicorn\server.py", line 71, in serve
    await self._serve(sockets)
  File "C:\Users\marcoleung\AppData\Local\Programs\Python\Python39\lib\contextlib.py", line 126, in __exit__
    next(self.gen)
  File "C:\Users\marcoleung\Desktop\Fraud Detection Tool\Fraud Document Detector\01_Source_Code\myenv\lib\site-packages\uvicorn\server.py", line 331, in capture_signals
    signal.raise_signal(captured_signal)
KeyboardInterrupt

During handling of the above exception, another exception occurred:

Traceback (most recent call last):
  File "C:\Users\marcoleung\Desktop\Fraud Detection Tool\Fraud Document Detector\01_Source_Code\myenv\lib\site-packages\starlette\routing.py", line 700, in lifespan
    await receive()
  File "C:\Users\marcoleung\Desktop\Fraud Detection Tool\Fraud Document Detector\01_Source_Code\myenv\lib\site-packages\uvicorn\lifespan\on.py", line 137, in receive
    return await self.receive_queue.get()
  File "C:\Users\marcoleung\AppData\Local\Programs\Python\Python39\lib\asyncio\queues.py", line 166, in get
    await getter
asyncio.exceptions.CancelledError

INFO:uvicorn.error:Started server process [24088]
INFO:uvicorn.error:Waiting for application startup.
INFO:uvicorn.error:Application startup complete.
WARNING:uvicorn.error:WatchFiles detected changes in 'main.py'. Reloading...
INFO:uvicorn.error:Shutting down
INFO:uvicorn.error:Waiting for application shutdown.
INFO:uvicorn.error:Application shutdown complete.
INFO:uvicorn.error:Finished server process [24088]
INFO:uvicorn.error:Started server process [10632]
INFO:uvicorn.error:Waiting for application startup.
INFO:uvicorn.error:Application startup complete.
WARNING:uvicorn.error:WatchFiles detected changes in 'pca_analysis.py'. Reloading...
INFO:uvicorn.error:Shutting down
INFO:uvicorn.error:Waiting for application shutdown.
INFO:uvicorn.error:Application shutdown complete.
INFO:uvicorn.error:Finished server process [10632]
INFO:uvicorn.error:Started server process [25020]
INFO:uvicorn.error:Waiting for application startup.
INFO:uvicorn.error:Application startup complete.
WARNING:uvicorn.error:WatchFiles detected changes in 'pca_analysis.py'. Reloading...
INFO:uvicorn.error:Shutting down
INFO:uvicorn.error:Waiting for application shutdown.
INFO:uvicorn.error:Application shutdown complete.
INFO:uvicorn.error:Finished server process [25020]
WARNING:uvicorn.error:WatchFiles detected changes in 'pca_analysis.py'. Reloading...
INFO:uvicorn.error:Started server process [17904]
INFO:uvicorn.error:Waiting for application startup.
INFO:uvicorn.error:Application startup complete.
ERROR:uvicorn.error:Traceback (most recent call last):
  File "C:\Users\marcoleung\AppData\Local\Programs\Python\Python39\lib\asyncio\runners.py", line 44, in run
    return loop.run_until_complete(main)
  File "C:\Users\marcoleung\AppData\Local\Programs\Python\Python39\lib\asyncio\base_events.py", line 634, in run_until_complete
    self.run_forever()
  File "C:\Users\marcoleung\AppData\Local\Programs\Python\Python39\lib\asyncio\base_events.py", line 601, in run_forever
    self._run_once()
  File "C:\Users\marcoleung\AppData\Local\Programs\Python\Python39\lib\asyncio\base_events.py", line 1905, in _run_once
    handle._run()
  File "C:\Users\marcoleung\AppData\Local\Programs\Python\Python39\lib\asyncio\events.py", line 80, in _run
    self._context.run(self._callback, *self._args)
  File "C:\Users\marcoleung\Desktop\Fraud Detection Tool\Fraud Document Detector\01_Source_Code\myenv\lib\site-packages\uvicorn\server.py", line 71, in serve
    await self._serve(sockets)
  File "C:\Users\marcoleung\AppData\Local\Programs\Python\Python39\lib\contextlib.py", line 126, in __exit__
    next(self.gen)
  File "C:\Users\marcoleung\Desktop\Fraud Detection Tool\Fraud Document Detector\01_Source_Code\myenv\lib\site-packages\uvicorn\server.py", line 331, in capture_signals
    signal.raise_signal(captured_signal)
KeyboardInterrupt

During handling of the above exception, another exception occurred:

Traceback (most recent call last):
  File "C:\Users\marcoleung\Desktop\Fraud Detection Tool\Fraud Document Detector\01_Source_Code\myenv\lib\site-packages\starlette\routing.py", line 700, in lifespan
    await receive()
  File "C:\Users\marcoleung\Desktop\Fraud Detection Tool\Fraud Document Detector\01_Source_Code\myenv\lib\site-packages\uvicorn\lifespan\on.py", line 137, in receive
    return await self.receive_queue.get()
  File "C:\Users\marcoleung\AppData\Local\Programs\Python\Python39\lib\asyncio\queues.py", line 166, in get
    await getter
asyncio.exceptions.CancelledError

INFO:uvicorn.error:Started server process [24568]
INFO:uvicorn.error:Waiting for application startup.
INFO:uvicorn.error:Application startup complete.
WARNING:uvicorn.error:WatchFiles detected changes in 'pca_analysis.py'. Reloading...
INFO:uvicorn.error:Shutting down
INFO:uvicorn.error:Waiting for application shutdown.
INFO:uvicorn.error:Application shutdown complete.
INFO:uvicorn.error:Finished server process [24568]
INFO:uvicorn.error:Started server process [16284]
INFO:uvicorn.error:Waiting for application startup.
INFO:uvicorn.error:Application startup complete.
WARNING:uvicorn.error:WatchFiles detected changes in 'pca_analysis.py'. Reloading...
INFO:uvicorn.error:Shutting down
INFO:uvicorn.error:Waiting for application shutdown.
INFO:uvicorn.error:Application shutdown complete.
INFO:uvicorn.error:Finished server process [16284]
WARNING:uvicorn.error:WatchFiles detected changes in 'main.py'. Reloading...
INFO:uvicorn.error:Started server process [26496]
INFO:uvicorn.error:Waiting for application startup.
INFO:uvicorn.error:Application startup complete.
ERROR:uvicorn.error:Traceback (most recent call last):
  File "C:\Users\marcoleung\AppData\Local\Programs\Python\Python39\lib\asyncio\runners.py", line 44, in run
    return loop.run_until_complete(main)
  File "C:\Users\marcoleung\AppData\Local\Programs\Python\Python39\lib\asyncio\base_events.py", line 634, in run_until_complete
    self.run_forever()
  File "C:\Users\marcoleung\AppData\Local\Programs\Python\Python39\lib\asyncio\base_events.py", line 601, in run_forever
    self._run_once()
  File "C:\Users\marcoleung\AppData\Local\Programs\Python\Python39\lib\asyncio\base_events.py", line 1905, in _run_once
    handle._run()
  File "C:\Users\marcoleung\AppData\Local\Programs\Python\Python39\lib\asyncio\events.py", line 80, in _run
    self._context.run(self._callback, *self._args)
  File "C:\Users\marcoleung\Desktop\Fraud Detection Tool\Fraud Document Detector\01_Source_Code\myenv\lib\site-packages\uvicorn\server.py", line 71, in serve
    await self._serve(sockets)
  File "C:\Users\marcoleung\AppData\Local\Programs\Python\Python39\lib\contextlib.py", line 126, in __exit__
    next(self.gen)
  File "C:\Users\marcoleung\Desktop\Fraud Detection Tool\Fraud Document Detector\01_Source_Code\myenv\lib\site-packages\uvicorn\server.py", line 331, in capture_signals
    signal.raise_signal(captured_signal)
KeyboardInterrupt

During handling of the above exception, another exception occurred:

Traceback (most recent call last):
  File "C:\Users\marcoleung\Desktop\Fraud Detection Tool\Fraud Document Detector\01_Source_Code\myenv\lib\site-packages\starlette\routing.py", line 700, in lifespan
    await receive()
  File "C:\Users\marcoleung\Desktop\Fraud Detection Tool\Fraud Document Detector\01_Source_Code\myenv\lib\site-packages\uvicorn\lifespan\on.py", line 137, in receive
    return await self.receive_queue.get()
  File "C:\Users\marcoleung\AppData\Local\Programs\Python\Python39\lib\asyncio\queues.py", line 166, in get
    await getter
asyncio.exceptions.CancelledError

INFO:uvicorn.error:Started server process [13160]
INFO:uvicorn.error:Waiting for application startup.
INFO:uvicorn.error:Application startup complete.
WARNING:uvicorn.error:WatchFiles detected changes in 'pca_analysis.py'. Reloading...
INFO:uvicorn.error:Shutting down
INFO:uvicorn.error:Waiting for application shutdown.
INFO:uvicorn.error:Application shutdown complete.
INFO:uvicorn.error:Finished server process [13160]
INFO:uvicorn.error:Started server process [26248]
INFO:uvicorn.error:Waiting for application startup.
INFO:uvicorn.error:Application startup complete.
WARNING:uvicorn.error:WatchFiles detected changes in 'pca_analysis.py'. Reloading...
INFO:uvicorn.error:Shutting down
INFO:uvicorn.error:Waiting for application shutdown.
INFO:uvicorn.error:Application shutdown complete.
INFO:uvicorn.error:Finished server process [26248]
INFO:uvicorn.error:Started server process [25548]
INFO:uvicorn.error:Waiting for application startup.
INFO:uvicorn.error:Application startup complete.
ERROR:uvicorn.error:Exception in ASGI application
Traceback (most recent call last):
  File "C:\Users\marcoleung\Desktop\Fraud Detection Tool\Fraud Document Detector\01_Source_Code\myenv\lib\site-packages\uvicorn\protocols\http\httptools_impl.py", line 409, in run_asgi
    result = await app(  # type: ignore[func-returns-value]
  File "C:\Users\marcoleung\Desktop\Fraud Detection Tool\Fraud Document Detector\01_Source_Code\myenv\lib\site-packages\uvicorn\middleware\proxy_headers.py", line 60, in __call__
    return await self.app(scope, receive, send)
  File "C:\Users\marcoleung\Desktop\Fraud Detection Tool\Fraud Document Detector\01_Source_Code\myenv\lib\site-packages\fastapi\applications.py", line 1054, in __call__
    await super().__call__(scope, receive, send)
  File "C:\Users\marcoleung\Desktop\Fraud Detection Tool\Fraud Document Detector\01_Source_Code\myenv\lib\site-packages\starlette\applications.py", line 113, in __call__
    await self.middleware_stack(scope, receive, send)
  File "C:\Users\marcoleung\Desktop\Fraud Detection Tool\Fraud Document Detector\01_Source_Code\myenv\lib\site-packages\starlette\middleware\errors.py", line 187, in __call__
    raise exc
  File "C:\Users\marcoleung\Desktop\Fraud Detection Tool\Fraud Document Detector\01_Source_Code\myenv\lib\site-packages\starlette\middleware\errors.py", line 165, in __call__
    await self.app(scope, receive, _send)
  File "C:\Users\marcoleung\Desktop\Fraud Detection Tool\Fraud Document Detector\01_Source_Code\myenv\lib\site-packages\starlette\middleware\cors.py", line 93, in __call__
    await self.simple_response(scope, receive, send, request_headers=headers)
  File "C:\Users\marcoleung\Desktop\Fraud Detection Tool\Fraud Document Detector\01_Source_Code\myenv\lib\site-packages\starlette\middleware\cors.py", line 144, in simple_response
    await self.app(scope, receive, send)
  File "C:\Users\marcoleung\Desktop\Fraud Detection Tool\Fraud Document Detector\01_Source_Code\myenv\lib\site-packages\starlette\middleware\exceptions.py", line 62, in __call__
    await wrap_app_handling_exceptions(self.app, conn)(scope, receive, send)
  File "C:\Users\marcoleung\Desktop\Fraud Detection Tool\Fraud Document Detector\01_Source_Code\myenv\lib\site-packages\starlette\_exception_handler.py", line 62, in wrapped_app
    raise exc
  File "C:\Users\marcoleung\Desktop\Fraud Detection Tool\Fraud Document Detector\01_Source_Code\myenv\lib\site-packages\starlette\_exception_handler.py", line 51, in wrapped_app
    await app(scope, receive, sender)
  File "C:\Users\marcoleung\Desktop\Fraud Detection Tool\Fraud Document Detector\01_Source_Code\myenv\lib\site-packages\starlette\routing.py", line 715, in __call__
    await self.middleware_stack(scope, receive, send)
  File "C:\Users\marcoleung\Desktop\Fraud Detection Tool\Fraud Document Detector\01_Source_Code\myenv\lib\site-packages\starlette\routing.py", line 735, in app
    await route.handle(scope, receive, send)
  File "C:\Users\marcoleung\Desktop\Fraud Detection Tool\Fraud Document Detector\01_Source_Code\myenv\lib\site-packages\starlette\routing.py", line 288, in handle
    await self.app(scope, receive, send)
  File "C:\Users\marcoleung\Desktop\Fraud Detection Tool\Fraud Document Detector\01_Source_Code\myenv\lib\site-packages\starlette\routing.py", line 76, in app
    await wrap_app_handling_exceptions(app, request)(scope, receive, send)
  File "C:\Users\marcoleung\Desktop\Fraud Detection Tool\Fraud Document Detector\01_Source_Code\myenv\lib\site-packages\starlette\_exception_handler.py", line 62, in wrapped_app
    raise exc
  File "C:\Users\marcoleung\Desktop\Fraud Detection Tool\Fraud Document Detector\01_Source_Code\myenv\lib\site-packages\starlette\_exception_handler.py", line 51, in wrapped_app
    await app(scope, receive, sender)
  File "C:\Users\marcoleung\Desktop\Fraud Detection Tool\Fraud Document Detector\01_Source_Code\myenv\lib\site-packages\starlette\routing.py", line 73, in app
    response = await f(request)
  File "C:\Users\marcoleung\Desktop\Fraud Detection Tool\Fraud Document Detector\01_Source_Code\myenv\lib\site-packages\fastapi\routing.py", line 327, in app
    content = await serialize_response(
  File "C:\Users\marcoleung\Desktop\Fraud Detection Tool\Fraud Document Detector\01_Source_Code\myenv\lib\site-packages\fastapi\routing.py", line 181, in serialize_response
    return field.serialize(
  File "C:\Users\marcoleung\Desktop\Fraud Detection Tool\Fraud Document Detector\01_Source_Code\myenv\lib\site-packages\fastapi\_compat.py", line 149, in serialize
    return self._type_adapter.dump_python(
  File "C:\Users\marcoleung\Desktop\Fraud Detection Tool\Fraud Document Detector\01_Source_Code\myenv\lib\site-packages\pydantic\type_adapter.py", line 135, in wrapped
    return func(self, *args, **kwargs)
  File "C:\Users\marcoleung\Desktop\Fraud Detection Tool\Fraud Document Detector\01_Source_Code\myenv\lib\site-packages\pydantic\type_adapter.py", line 451, in dump_python
    return self.serializer.to_python(
pydantic_core._pydantic_core.PydanticSerializationError: Unable to serialize unknown type: <class 'numpy.ndarray'>
WARNING:uvicorn.error:WatchFiles detected changes in 'pca_analysis.py'. Reloading...
INFO:uvicorn.error:Shutting down
INFO:uvicorn.error:Waiting for application shutdown.
INFO:uvicorn.error:Application shutdown complete.
INFO:uvicorn.error:Finished server process [25548]
INFO:uvicorn.error:Started server process [13012]
INFO:uvicorn.error:Waiting for application startup.
INFO:uvicorn.error:Application startup complete.
ERROR:uvicorn.error:Exception in ASGI application
Traceback (most recent call last):
  File "C:\Users\marcoleung\Desktop\Fraud Detection Tool\Fraud Document Detector\01_Source_Code\myenv\lib\site-packages\uvicorn\protocols\http\httptools_impl.py", line 409, in run_asgi
    result = await app(  # type: ignore[func-returns-value]
  File "C:\Users\marcoleung\Desktop\Fraud Detection Tool\Fraud Document Detector\01_Source_Code\myenv\lib\site-packages\uvicorn\middleware\proxy_headers.py", line 60, in __call__
    return await self.app(scope, receive, send)
  File "C:\Users\marcoleung\Desktop\Fraud Detection Tool\Fraud Document Detector\01_Source_Code\myenv\lib\site-packages\fastapi\applications.py", line 1054, in __call__
    await super().__call__(scope, receive, send)
  File "C:\Users\marcoleung\Desktop\Fraud Detection Tool\Fraud Document Detector\01_Source_Code\myenv\lib\site-packages\starlette\applications.py", line 113, in __call__
    await self.middleware_stack(scope, receive, send)
  File "C:\Users\marcoleung\Desktop\Fraud Detection Tool\Fraud Document Detector\01_Source_Code\myenv\lib\site-packages\starlette\middleware\errors.py", line 187, in __call__
    raise exc
  File "C:\Users\marcoleung\Desktop\Fraud Detection Tool\Fraud Document Detector\01_Source_Code\myenv\lib\site-packages\starlette\middleware\errors.py", line 165, in __call__
    await self.app(scope, receive, _send)
  File "C:\Users\marcoleung\Desktop\Fraud Detection Tool\Fraud Document Detector\01_Source_Code\myenv\lib\site-packages\starlette\middleware\cors.py", line 93, in __call__
    await self.simple_response(scope, receive, send, request_headers=headers)
  File "C:\Users\marcoleung\Desktop\Fraud Detection Tool\Fraud Document Detector\01_Source_Code\myenv\lib\site-packages\starlette\middleware\cors.py", line 144, in simple_response
    await self.app(scope, receive, send)
  File "C:\Users\marcoleung\Desktop\Fraud Detection Tool\Fraud Document Detector\01_Source_Code\myenv\lib\site-packages\starlette\middleware\exceptions.py", line 62, in __call__
    await wrap_app_handling_exceptions(self.app, conn)(scope, receive, send)
  File "C:\Users\marcoleung\Desktop\Fraud Detection Tool\Fraud Document Detector\01_Source_Code\myenv\lib\site-packages\starlette\_exception_handler.py", line 62, in wrapped_app
    raise exc
  File "C:\Users\marcoleung\Desktop\Fraud Detection Tool\Fraud Document Detector\01_Source_Code\myenv\lib\site-packages\starlette\_exception_handler.py", line 51, in wrapped_app
    await app(scope, receive, sender)
  File "C:\Users\marcoleung\Desktop\Fraud Detection Tool\Fraud Document Detector\01_Source_Code\myenv\lib\site-packages\starlette\routing.py", line 715, in __call__
    await self.middleware_stack(scope, receive, send)
  File "C:\Users\marcoleung\Desktop\Fraud Detection Tool\Fraud Document Detector\01_Source_Code\myenv\lib\site-packages\starlette\routing.py", line 735, in app
    await route.handle(scope, receive, send)
  File "C:\Users\marcoleung\Desktop\Fraud Detection Tool\Fraud Document Detector\01_Source_Code\myenv\lib\site-packages\starlette\routing.py", line 288, in handle
    await self.app(scope, receive, send)
  File "C:\Users\marcoleung\Desktop\Fraud Detection Tool\Fraud Document Detector\01_Source_Code\myenv\lib\site-packages\starlette\routing.py", line 76, in app
    await wrap_app_handling_exceptions(app, request)(scope, receive, send)
  File "C:\Users\marcoleung\Desktop\Fraud Detection Tool\Fraud Document Detector\01_Source_Code\myenv\lib\site-packages\starlette\_exception_handler.py", line 62, in wrapped_app
    raise exc
  File "C:\Users\marcoleung\Desktop\Fraud Detection Tool\Fraud Document Detector\01_Source_Code\myenv\lib\site-packages\starlette\_exception_handler.py", line 51, in wrapped_app
    await app(scope, receive, sender)
  File "C:\Users\marcoleung\Desktop\Fraud Detection Tool\Fraud Document Detector\01_Source_Code\myenv\lib\site-packages\starlette\routing.py", line 73, in app
    response = await f(request)
  File "C:\Users\marcoleung\Desktop\Fraud Detection Tool\Fraud Document Detector\01_Source_Code\myenv\lib\site-packages\fastapi\routing.py", line 327, in app
    content = await serialize_response(
  File "C:\Users\marcoleung\Desktop\Fraud Detection Tool\Fraud Document Detector\01_Source_Code\myenv\lib\site-packages\fastapi\routing.py", line 181, in serialize_response
    return field.serialize(
  File "C:\Users\marcoleung\Desktop\Fraud Detection Tool\Fraud Document Detector\01_Source_Code\myenv\lib\site-packages\fastapi\_compat.py", line 149, in serialize
    return self._type_adapter.dump_python(
  File "C:\Users\marcoleung\Desktop\Fraud Detection Tool\Fraud Document Detector\01_Source_Code\myenv\lib\site-packages\pydantic\type_adapter.py", line 135, in wrapped
    return func(self, *args, **kwargs)
  File "C:\Users\marcoleung\Desktop\Fraud Detection Tool\Fraud Document Detector\01_Source_Code\myenv\lib\site-packages\pydantic\type_adapter.py", line 451, in dump_python
    return self.serializer.to_python(
pydantic_core._pydantic_core.PydanticSerializationError: Unable to serialize unknown type: <class 'numpy.ndarray'>
INFO:uvicorn.error:Will watch for changes in these directories: ['C:\\Users\\marcoleung\\Desktop\\Fraud Detection Tool\\Fraud Document Detector\\01_Source_Code\\backend_api']
INFO:uvicorn.error:Uvicorn running on http://127.0.0.1:8000 (Press CTRL+C to quit)
INFO:uvicorn.error:Started reloader process [6704] using WatchFiles
INFO:uvicorn.error:Started server process [20508]
INFO:uvicorn.error:Waiting for application startup.
INFO:uvicorn.error:Application startup complete.
ERROR:fastapi:Form data requires "python-multipart" to be installed. 
You can install "python-multipart" with: 

pip install python-multipart

INFO:uvicorn.error:Will watch for changes in these directories: ['C:\\Temp\\pythonProject\\backend_api']
INFO:uvicorn.error:Uvicorn running on http://127.0.0.1:8000 (Press CTRL+C to quit)
INFO:uvicorn.error:Started reloader process [26092] using WatchFiles
INFO:uvicorn.error:Started server process [24432]
INFO:uvicorn.error:Waiting for application startup.
INFO:uvicorn.error:Application startup complete.
ERROR:uvicorn.error:Exception in ASGI application
Traceback (most recent call last):
  File "C:\Temp\pythonProject\backend_api\myenv\lib\site-packages\uvicorn\protocols\http\httptools_impl.py", line 409, in run_asgi
    result = await app(  # type: ignore[func-returns-value]
  File "C:\Temp\pythonProject\backend_api\myenv\lib\site-packages\uvicorn\middleware\proxy_headers.py", line 60, in __call__
    return await self.app(scope, receive, send)
  File "C:\Temp\pythonProject\backend_api\myenv\lib\site-packages\fastapi\applications.py", line 1054, in __call__
    await super().__call__(scope, receive, send)
  File "C:\Temp\pythonProject\backend_api\myenv\lib\site-packages\starlette\applications.py", line 113, in __call__
    await self.middleware_stack(scope, receive, send)
  File "C:\Temp\pythonProject\backend_api\myenv\lib\site-packages\starlette\middleware\errors.py", line 187, in __call__
    raise exc
  File "C:\Temp\pythonProject\backend_api\myenv\lib\site-packages\starlette\middleware\errors.py", line 165, in __call__
    await self.app(scope, receive, _send)
  File "C:\Temp\pythonProject\backend_api\myenv\lib\site-packages\starlette\middleware\cors.py", line 93, in __call__
    await self.simple_response(scope, receive, send, request_headers=headers)
  File "C:\Temp\pythonProject\backend_api\myenv\lib\site-packages\starlette\middleware\cors.py", line 144, in simple_response
    await self.app(scope, receive, send)
  File "C:\Temp\pythonProject\backend_api\myenv\lib\site-packages\starlette\middleware\exceptions.py", line 62, in __call__
    await wrap_app_handling_exceptions(self.app, conn)(scope, receive, send)
  File "C:\Temp\pythonProject\backend_api\myenv\lib\site-packages\starlette\_exception_handler.py", line 62, in wrapped_app
    raise exc
  File "C:\Temp\pythonProject\backend_api\myenv\lib\site-packages\starlette\_exception_handler.py", line 51, in wrapped_app
    await app(scope, receive, sender)
  File "C:\Temp\pythonProject\backend_api\myenv\lib\site-packages\starlette\routing.py", line 715, in __call__
    await self.middleware_stack(scope, receive, send)
  File "C:\Temp\pythonProject\backend_api\myenv\lib\site-packages\starlette\routing.py", line 735, in app
    await route.handle(scope, receive, send)
  File "C:\Temp\pythonProject\backend_api\myenv\lib\site-packages\starlette\routing.py", line 288, in handle
    await self.app(scope, receive, send)
  File "C:\Temp\pythonProject\backend_api\myenv\lib\site-packages\starlette\routing.py", line 76, in app
    await wrap_app_handling_exceptions(app, request)(scope, receive, send)
  File "C:\Temp\pythonProject\backend_api\myenv\lib\site-packages\starlette\_exception_handler.py", line 62, in wrapped_app
    raise exc
  File "C:\Temp\pythonProject\backend_api\myenv\lib\site-packages\starlette\_exception_handler.py", line 51, in wrapped_app
    await app(scope, receive, sender)
  File "C:\Temp\pythonProject\backend_api\myenv\lib\site-packages\starlette\routing.py", line 73, in app
    response = await f(request)
  File "C:\Temp\pythonProject\backend_api\myenv\lib\site-packages\fastapi\routing.py", line 301, in app
    raw_response = await run_endpoint_function(
  File "C:\Temp\pythonProject\backend_api\myenv\lib\site-packages\fastapi\routing.py", line 214, in run_endpoint_function
    return await run_in_threadpool(dependant.call, **values)
  File "C:\Temp\pythonProject\backend_api\myenv\lib\site-packages\starlette\concurrency.py", line 39, in run_in_threadpool
    return await anyio.to_thread.run_sync(func, *args)
  File "C:\Temp\pythonProject\backend_api\myenv\lib\site-packages\anyio\to_thread.py", line 56, in run_sync
    return await get_async_backend().run_sync_in_worker_thread(
  File "C:\Temp\pythonProject\backend_api\myenv\lib\site-packages\anyio\_backends\_asyncio.py", line 2470, in run_sync_in_worker_thread
    return await future
  File "C:\Temp\pythonProject\backend_api\myenv\lib\site-packages\anyio\_backends\_asyncio.py", line 967, in run
    result = context.run(func, *args)
  File "C:\Temp\pythonProject\backend_api\main.py", line 166, in register
    return register_user(db, username, email, password, role)
  File "C:\Temp\pythonProject\backend_api\auth.py", line 54, in register_user
    hashed_password = hash_password(password)
  File "C:\Temp\pythonProject\backend_api\auth.py", line 17, in hash_password
    print(pwd_context.hash(password))
  File "C:\Temp\pythonProject\backend_api\myenv\lib\site-packages\passlib\context.py", line 2258, in hash
    return record.hash(secret, **kwds)
  File "C:\Temp\pythonProject\backend_api\myenv\lib\site-packages\passlib\utils\handlers.py", line 779, in hash
    self.checksum = self._calc_checksum(secret)
  File "C:\Temp\pythonProject\backend_api\myenv\lib\site-packages\passlib\handlers\bcrypt.py", line 591, in _calc_checksum
    self._stub_requires_backend()
  File "C:\Temp\pythonProject\backend_api\myenv\lib\site-packages\passlib\utils\handlers.py", line 2254, in _stub_requires_backend
    cls.set_backend()
  File "C:\Temp\pythonProject\backend_api\myenv\lib\site-packages\passlib\utils\handlers.py", line 2156, in set_backend
    return owner.set_backend(name, dryrun=dryrun)
  File "C:\Temp\pythonProject\backend_api\myenv\lib\site-packages\passlib\utils\handlers.py", line 2176, in set_backend
    raise default_error
passlib.exc.MissingBackendError: bcrypt: no backends available -- recommend you install one (e.g. 'pip install bcrypt')
WARNING:uvicorn.error:WatchFiles detected changes in 'main.py'. Reloading...
INFO:uvicorn.error:Shutting down
INFO:uvicorn.error:Waiting for application shutdown.
INFO:uvicorn.error:Application shutdown complete.
INFO:uvicorn.error:Finished server process [24432]
INFO:uvicorn.error:Started server process [19020]
INFO:uvicorn.error:Waiting for application startup.
INFO:uvicorn.error:Application startup complete.
INFO:uvicorn.error:Will watch for changes in these directories: ['C:\\Temp\\pythonProject\\backend_api']
INFO:uvicorn.error:Uvicorn running on http://127.0.0.1:8000 (Press CTRL+C to quit)
INFO:uvicorn.error:Started reloader process [8420] using WatchFiles
INFO:uvicorn.error:Started server process [12700]
INFO:uvicorn.error:Waiting for application startup.
INFO:uvicorn.error:Application startup complete.
WARNING:uvicorn.error:WatchFiles detected changes in 'main.py'. Reloading...
INFO:uvicorn.error:Shutting down
INFO:uvicorn.error:Waiting for application shutdown.
INFO:uvicorn.error:Application shutdown complete.
INFO:uvicorn.error:Finished server process [12700]
INFO:uvicorn.error:Started server process [25892]
INFO:uvicorn.error:Waiting for application startup.
INFO:uvicorn.error:Application startup complete.
INFO:uvicorn.error:Shutting down
INFO:uvicorn.error:Waiting for application shutdown.
INFO:uvicorn.error:Application shutdown complete.
INFO:uvicorn.error:Finished server process [25892]
INFO:uvicorn.error:Stopping reloader process [8420]
INFO:uvicorn.error:Will watch for changes in these directories: ['C:\\Temp\\pythonProject\\backend_api']
INFO:uvicorn.error:Uvicorn running on http://127.0.0.1:8000 (Press CTRL+C to quit)
INFO:uvicorn.error:Started reloader process [18088] using WatchFiles
INFO:uvicorn.error:Started server process [30568]
INFO:uvicorn.error:Waiting for application startup.
INFO:uvicorn.error:Application startup complete.
WARNING:uvicorn.error:WatchFiles detected changes in 'myenv\Lib\site-packages\matplotlib\animation.py'. Reloading...
INFO:uvicorn.error:Shutting down
INFO:uvicorn.error:Waiting for application shutdown.
INFO:uvicorn.error:Application shutdown complete.
INFO:uvicorn.error:Finished server process [30568]
WARNING:uvicorn.error:WatchFiles detected changes in 'myenv\Lib\site-packages\pygments\styles\colorful.py', 'myenv\Lib\site-packages\matplotlib\style\core.py', 'myenv\Lib\site-packages\wrapt\__wrapt__.py', 'myenv\Lib\site-packages\matplotlib\tests\test_artist.py', 'myenv\Lib\site-packages\pygments\styles\rrt.py', 'myenv\Lib\site-packages\pygments\styles\default.py', 'myenv\Lib\site-packages\pygments\styles\gruvbox.py', 'myenv\Lib\site-packages\yaml\cyaml.py', 'myenv\Lib\site-packages\pygments\styles\solarized.py', 'myenv\Lib\site-packages\matplotlib\text.py', 'myenv\Lib\site-packages\yaml\serializer.py', 'myenv\Lib\site-packages\matplotlib\container.py', 'myenv\Lib\site-packages\zipp\glob.py', 'myenv\Lib\site-packages\matplotlib\colorbar.py', 'myenv\Lib\site-packages\matplotlib\tri\__init__.py', 'myenv\Lib\site-packages\pygments\styles\algol_nu.py', 'myenv\Lib\site-packages\zipp\__init__.py', 'myenv\Lib\site-packages\matplotlib\legend_handler.py', 'myenv\Lib\site-packages\matplotlib\docstring.py', 'myenv\Lib\site-packages\pygments\styles\algol.py', 'myenv\Lib\site-packages\pygments\styles\manni.py', 'myenv\Lib\site-packages\matplotlib\tests\test_arrow_patches.py', 'myenv\Lib\site-packages\matplotlib\tri\triplot.py', 'myenv\Lib\site-packages\pygments\styles\coffee.py', 'myenv\Lib\site-packages\matplotlib\collections.py', 'myenv\Lib\site-packages\_yaml\__init__.py', 'myenv\Lib\site-packages\pygments\styles\lightbulb.py', 'myenv\Lib\site-packages\matplotlib\dviread.py', 'myenv\Lib\site-packages\matplotlib\tests\test_backend_gtk3.py', 'myenv\Lib\site-packages\pygments\styles\gh_dark.py', 'myenv\Lib\site-packages\pygments\styles\rainbow_dash.py', 'myenv\Lib\site-packages\zipp\_functools.py', 'myenv\Lib\site-packages\wrapt\patches.py', 'myenv\Lib\site-packages\matplotlib\testing\jpl_units\UnitDbl.py', 'myenv\Lib\site-packages\matplotlib\quiver.py', 'myenv\Lib\site-packages\pygments\styles\friendly_grayscale.py', 'myenv\Lib\site-packages\pygments\styles\murphy.py', 'myenv\Lib\site-packages\matplotlib\pyplot.py', 'myenv\Lib\site-packages\pygments\styles\bw.py', 'myenv\Lib\site-packages\matplotlib\layout_engine.py', 'myenv\Lib\site-packages\matplotlib\testing\jpl_units\Epoch.py', 'myenv\Lib\site-packages\matplotlib\backend_managers.py', 'myenv\Lib\site-packages\pygments\styles\autumn.py', 'myenv\Lib\site-packages\yaml\representer.py', 'myenv\Lib\site-packages\matplotlib\image.py', 'myenv\Lib\site-packages\pygments\styles\native.py', 'myenv\Lib\site-packages\matplotlib\mlab.py', 'myenv\Lib\site-packages\pygments\styles\material.py', 'myenv\Lib\site-packages\matplotlib\tests\test_api.py', 'myenv\Lib\site-packages\pygments\token.py', 'myenv\Lib\site-packages\matplotlib\testing\jpl_units\UnitDblFormatter.py', 'myenv\Lib\site-packages\yaml\dumper.py', 'myenv\Lib\site-packages\pygments\styles\arduino.py', 'myenv\Lib\site-packages\matplotlib\tests\test_axes.py', 'myenv\Lib\site-packages\pygments\styles\sas.py', 'myenv\Lib\site-packages\matplotlib\_cm_listed.py', 'myenv\Lib\site-packages\pygments\styles\lilypond.py', 'myenv\Lib\site-packages\zipp\compat\overlay.py', 'myenv\Lib\site-packages\matplotlib\type1font.py', 'myenv\Lib\site-packages\matplotlib\testing\exceptions.py', 'myenv\Lib\site-packages\matplotlib\tri\triinterpolate.py', 'myenv\Lib\site-packages\pygments\styles\abap.py', 'myenv\Lib\site-packages\matplotlib\testing\jpl_units\__init__.py', 'myenv\Lib\site-packages\matplotlib\hatch.py', 'myenv\Lib\site-packages\matplotlib\pylab.py', 'myenv\Lib\site-packages\matplotlib\testing\__init__.py', 'myenv\Lib\site-packages\yaml\tokens.py', 'myenv\Lib\site-packages\pygments\__main__.py', 'myenv\Lib\site-packages\zipp\compat\py313.py', 'myenv\Lib\site-packages\zipp\compat\py310.py', 'myenv\Lib\site-packages\pygments\styles\borland.py', 'myenv\Lib\site-packages\yaml\loader.py', 'myenv\Lib\site-packages\matplotlib\contour.py', 'myenv\Lib\site-packages\pygments\styles\zenburn.py', 'myenv\Lib\site-packages\matplotlib\testing\decorators.py', 'myenv\Lib\site-packages\matplotlib\tri\trifinder.py', 'myenv\Lib\site-packages\matplotlib\tests\test_backend_pgf.py', 'myenv\Lib\site-packages\matplotlib\patches.py', 'myenv\Lib\site-packages\pygments\styles\_mapping.py', 'myenv\Lib\site-packages\matplotlib\font_manager.py', 'myenv\Lib\site-packages\yaml\__init__.py', 'myenv\Lib\site-packages\matplotlib\testing\jpl_units\UnitDblConverter.py', 'myenv\Lib\site-packages\matplotlib\tri\triangulation.py', 'myenv\Lib\site-packages\matplotlib\tests\test_backend_macosx.py', 'myenv\Lib\site-packages\matplotlib\_afm.py', 'myenv\Lib\site-packages\pygments\styles\inkpot.py', 'myenv\Lib\site-packages\yaml\composer.py', 'myenv\Lib\site-packages\pygments\styles\friendly.py', 'myenv\Lib\site-packages\matplotlib\style\__init__.py', 'myenv\Lib\site-packages\matplotlib\widgets.py', 'myenv\Lib\site-packages\pygments\styles\igor.py', 'myenv\Lib\site-packages\matplotlib\figure.py', 'myenv\Lib\site-packages\matplotlib\testing\jpl_units\EpochConverter.py', 'myenv\Lib\site-packages\yaml\constructor.py', 'myenv\Lib\site-packages\matplotlib\dates.py', 'myenv\Lib\site-packages\matplotlib\legend.py', 'myenv\Lib\site-packages\pygments\styles\lovelace.py', 'myenv\Lib\site-packages\matplotlib\testing\_markers.py', 'myenv\Lib\site-packages\matplotlib\tests\test_backend_bases.py', 'myenv\Lib\site-packages\matplotlib\fontconfig_pattern.py', 'myenv\Lib\site-packages\matplotlib\tests\test_backend_ps.py', 'myenv\Lib\site-packages\matplotlib\tests\test_backend_cairo.py', 'myenv\Lib\site-packages\pygments\unistring.py', 'myenv\Lib\site-packages\matplotlib\gridspec.py', 'myenv\Lib\site-packages\matplotlib\units.py', 'myenv\Lib\site-packages\matplotlib\mathtext.py', 'myenv\Lib\site-packages\matplotlib\tri\tripcolor.py', 'myenv\Lib\site-packages\pygments\styles\emacs.py', 'myenv\Lib\site-packages\matplotlib\testing\widgets.py', 'myenv\Lib\site-packages\matplotlib\tri\tricontour.py', 'myenv\Lib\site-packages\pygments\styles\dracula.py', 'myenv\Lib\site-packages\matplotlib\tests\test_backends_interactive.py', 'myenv\Lib\site-packages\pygments\util.py', 'myenv\Lib\site-packages\pygments\styles\paraiso_light.py', 'myenv\Lib\site-packages\matplotlib\testing\jpl_units\Duration.py', 'myenv\Lib\site-packages\matplotlib\colors.py', 'myenv\Lib\site-packages\matplotlib\texmanager.py', 'myenv\Lib\site-packages\pygments\style.py', 'myenv\Lib\site-packages\pygments\__init__.py', 'myenv\Lib\site-packages\pygments\styles\staroffice.py', 'myenv\Lib\site-packages\matplotlib\tests\test_agg_filter.py', 'myenv\Lib\site-packages\pygments\styles\xcode.py', 'myenv\Lib\site-packages\pygments\styles\fruity.py'. Reloading...
WARNING:uvicorn.error:WatchFiles detected changes in 'myenv\Lib\site-packages\uvicorn\server.py', 'myenv\Lib\site-packages\uvicorn\main.py', 'myenv\Lib\site-packages\uvicorn\__init__.py'. Reloading...
WARNING:uvicorn.error:WatchFiles detected changes in 'myenv\Lib\site-packages\uvicorn\config.py'. Reloading...
WARNING:uvicorn.error:WatchFiles detected changes in 'myenv\Lib\site-packages\click\__init__.py'. Reloading...
INFO:uvicorn.error:Started server process [14004]
INFO:uvicorn.error:Waiting for application startup.
INFO:uvicorn.error:Application startup complete.
ERROR:uvicorn.error:Traceback (most recent call last):
  File "C:\Users\LynnCao\AppData\Local\Programs\Python\Python39\lib\asyncio\runners.py", line 44, in run
    return loop.run_until_complete(main)
  File "C:\Users\LynnCao\AppData\Local\Programs\Python\Python39\lib\asyncio\base_events.py", line 634, in run_until_complete
    self.run_forever()
  File "C:\Users\LynnCao\AppData\Local\Programs\Python\Python39\lib\asyncio\base_events.py", line 601, in run_forever
    self._run_once()
  File "C:\Users\LynnCao\AppData\Local\Programs\Python\Python39\lib\asyncio\base_events.py", line 1905, in _run_once
    handle._run()
  File "C:\Users\LynnCao\AppData\Local\Programs\Python\Python39\lib\asyncio\events.py", line 80, in _run
    self._context.run(self._callback, *self._args)
  File "C:\Temp\pythonProject\backend_api\myenv\lib\site-packages\uvicorn\server.py", line 71, in serve
    await self._serve(sockets)
  File "C:\Users\LynnCao\AppData\Local\Programs\Python\Python39\lib\contextlib.py", line 126, in __exit__
    next(self.gen)
  File "C:\Temp\pythonProject\backend_api\myenv\lib\site-packages\uvicorn\server.py", line 331, in capture_signals
    signal.raise_signal(captured_signal)
KeyboardInterrupt

During handling of the above exception, another exception occurred:

Traceback (most recent call last):
  File "C:\Temp\pythonProject\backend_api\myenv\lib\site-packages\starlette\routing.py", line 700, in lifespan
    await receive()
  File "C:\Temp\pythonProject\backend_api\myenv\lib\site-packages\uvicorn\lifespan\on.py", line 137, in receive
    return await self.receive_queue.get()
  File "C:\Users\LynnCao\AppData\Local\Programs\Python\Python39\lib\asyncio\queues.py", line 166, in get
    await getter
asyncio.exceptions.CancelledError

WARNING:uvicorn.error:WatchFiles detected changes in 'myenv\Lib\site-packages\tensorflow\python\ops\lookup_ops.py', 'myenv\Lib\site-packages\tensorflow\python\ops\bitwise_ops.py', 'myenv\Lib\site-packages\tensorflow\python\ops\ragged\ragged_math_ops.py', 'myenv\Lib\site-packages\torch\nn\modules\rnn.py', 'myenv\Lib\site-packages\tensorflow\python\ops\manip_grad.py', 'myenv\Lib\site-packages\tensorflow\python\ops\ragged\ragged_gather_ops.py', 'myenv\Lib\site-packages\tensorflow\python\ops\ctc_ops.py', 'myenv\Lib\site-packages\tensorflow\compiler\jit\ops\xla_ops_grad.py', 'myenv\Lib\site-packages\tensorflow\python\ops\nn_grad.py', 'myenv\Lib\site-packages\tensorflow\python\ops\logging_ops.py', 'myenv\Lib\site-packages\cv2\config.py', 'myenv\Lib\site-packages\torch\_meta_registrations.py', 'myenv\Lib\site-packages\tensorflow\python\ops\cond_v2.py', 'myenv\Lib\site-packages\tensorflow\python\ops\array_grad.py', 'myenv\Lib\site-packages\tensorflow\python\ops\parsing_ops.py', 'myenv\Lib\site-packages\tensorflow\python\ops\state_grad.py', 'myenv\Lib\site-packages\tensorflow\python\ops\stateless_random_ops.py', 'myenv\Lib\site-packages\tensorflow\python\tpu\tpu.py', 'myenv\Lib\site-packages\tensorflow\python\tpu\ops\tpu_ops.py', 'myenv\Lib\site-packages\torch\_prims\debug_prims.py', 'myenv\Lib\site-packages\tensorflow\python\framework\registry.py', 'myenv\Lib\site-packages\tensorflow\python\framework\ops.py', 'myenv\Lib\site-packages\tensorflow\python\ops\rnn_grad.py', 'myenv\Lib\site-packages\tensorflow\python\ops\control_flow_grad.py', 'myenv\Lib\site-packages\torch\_custom_op\impl.py', 'myenv\Lib\site-packages\torch\_prims\rng_prims.py', 'myenv\Lib\site-packages\transformers\__init__.py', 'myenv\Lib\site-packages\tensorflow\python\ops\nccl_ops.py', 'myenv\Lib\site-packages\tensorflow\python\training\checkpoint_ops.py', 'myenv\Lib\site-packages\torch\_prims\__init__.py', 'myenv\Lib\site-packages\tensorflow\python\ops\resource_variable_ops.py', 'myenv\Lib\site-packages\tensorflow\python\debug\lib\debug_gradients.py', 'myenv\Lib\site-packages\transformers\dependency_versions_check.py', 'myenv\Lib\site-packages\tensorflow\python\ops\sparse_grad.py', 'myenv\Lib\site-packages\tensorflow\python\ops\math_grad.py', 'myenv\Lib\site-packages\tensorflow\python\ops\tensor_array_grad.py', 'myenv\Lib\site-packages\tensorflow\python\ops\string_ops.py', 'myenv\Lib\site-packages\tensorflow\python\ops\linalg\sparse\sparse_csr_matrix_grad.py', 'myenv\Lib\site-packages\uvicorn\importer.py', 'myenv\Lib\site-packages\tensorflow\python\training\saver.py', 'myenv\Lib\site-packages\tensorflow\python\ops\sdca_ops.py', 'myenv\Lib\site-packages\tensorflow\python\profiler\internal\flops_registry.py', 'myenv\Lib\site-packages\tensorflow\python\ops\data_flow_grad.py', 'myenv\Lib\site-packages\tensorflow\lite\experimental\microfrontend\python\ops\audio_microfrontend_op.py', 'myenv\Lib\site-packages\tensorflow\python\ops\list_ops.py', 'myenv\Lib\site-packages\torch\library.py', 'myenv\Lib\site-packages\torch\nn\functional.py', 'myenv\Lib\site-packages\tensorflow\python\ops\random_grad.py', 'myenv\Lib\site-packages\tensorflow\python\ops\array_ops.py', 'myenv\Lib\site-packages\tensorflow\python\autograph\utils\ag_logging.py', 'myenv\Lib\site-packages\tensorflow\python\framework\auto_control_deps.py', 'myenv\Lib\site-packages\uvicorn\_subprocess.py', 'myenv\Lib\site-packages\tensorflow\python\data\ops\dataset_ops.py', 'myenv\Lib\site-packages\click\types.py', 'myenv\Lib\site-packages\tensorflow\python\ops\random_ops.py', 'myenv\Lib\site-packages\tensorflow\python\ops\proto_ops.py', 'myenv\Lib\site-packages\tensorflow\python\ops\while_v2.py', 'myenv\Lib\site-packages\tensorflow\python\ops\linalg_grad.py', 'myenv\Lib\site-packages\tensorflow\python\ops\image_ops.py', 'myenv\Lib\site-packages\torch\__init__.py', 'myenv\Lib\site-packages\click\core.py', 'myenv\Lib\site-packages\tensorflow\python\ops\optional_grad.py', 'myenv\Lib\site-packages\torch\functional.py', 'myenv\Lib\site-packages\tensorflow\python\ops\nn_ops.py', 'myenv\Lib\site-packages\cv2\config-3.py', 'myenv\Lib\site-packages\torch\cuda\__init__.py', 'myenv\Lib\site-packages\tensorflow\python\ops\check_ops.py', 'myenv\Lib\site-packages\tensorflow\python\ops\cudnn_rnn_grad.py', 'myenv\Lib\site-packages\tensorflow\compiler\tf2xla\python\xla.py', 'myenv\Lib\site-packages\tensorflow\dtensor\python\api.py', 'myenv\Lib\site-packages\tensorflow\python\ops\ragged\ragged_conversion_ops.py', 'myenv\Lib\site-packages\transformers\utils\generic.py', 'myenv\Lib\site-packages\tensorflow\python\ops\script_ops.py', 'myenv\Lib\site-packages\tensorflow\python\ops\io_ops.py', 'myenv\Lib\site-packages\tensorflow\python\ops\sets_impl.py', 'myenv\Lib\site-packages\tensorflow\python\ops\signal\fft_ops.py', 'myenv\Lib\site-packages\tensorflow\python\ops\control_flow_ops.py', 'myenv\Lib\site-packages\tensorflow\python\debug\lib\dumping_callback.py', 'myenv\Lib\site-packages\tensorflow\python\ops\ragged\ragged_tensor.py', 'myenv\Lib\site-packages\tensorflow\python\ops\image_grad.py', 'myenv\Lib\site-packages\tensorflow\python\ops\math_ops.py', 'myenv\Lib\site-packages\tensorflow\python\training\queue_runner_impl.py', 'myenv\Lib\site-packages\tensorflow\python\ops\composite_tensor_ops.py', 'myenv\Lib\site-packages\tensorflow\python\ops\special_math_ops.py', 'myenv\Lib\site-packages\tensorflow\python\ops\image_ops_impl.py', 'myenv\Lib\site-packages\transformers\utils\__init__.py'. Reloading...
INFO:uvicorn.error:Started server process [25128]
INFO:uvicorn.error:Waiting for application startup.
INFO:uvicorn.error:Application startup complete.
INFO:uvicorn.error:Shutting down
INFO:uvicorn.error:Finished server process [25128]
INFO:uvicorn.error:Stopping reloader process [18088]
INFO:uvicorn.error:Will watch for changes in these directories: ['C:\\Temp\\pythonProject\\backend_api']
INFO:uvicorn.error:Uvicorn running on http://127.0.0.1:8000 (Press CTRL+C to quit)
INFO:uvicorn.error:Started reloader process [26876] using WatchFiles
INFO:uvicorn.error:Started server process [21156]
INFO:uvicorn.error:Waiting for application startup.
INFO:uvicorn.error:Application startup complete.
INFO:uvicorn.error:Shutting down
INFO:uvicorn.error:Finished server process [21156]
ERROR:uvicorn.error:Traceback (most recent call last):
  File "C:\Users\LynnCao\AppData\Local\Programs\Python\Python39\lib\asyncio\runners.py", line 44, in run
    return loop.run_until_complete(main)
  File "C:\Users\LynnCao\AppData\Local\Programs\Python\Python39\lib\asyncio\base_events.py", line 634, in run_until_complete
    self.run_forever()
  File "C:\Users\LynnCao\AppData\Local\Programs\Python\Python39\lib\asyncio\base_events.py", line 601, in run_forever
    self._run_once()
  File "C:\Users\LynnCao\AppData\Local\Programs\Python\Python39\lib\asyncio\base_events.py", line 1905, in _run_once
    handle._run()
  File "C:\Users\LynnCao\AppData\Local\Programs\Python\Python39\lib\asyncio\events.py", line 80, in _run
    self._context.run(self._callback, *self._args)
  File "C:\Temp\pythonProject\backend_api\myenv\lib\site-packages\uvicorn\server.py", line 71, in serve
    await self._serve(sockets)
  File "C:\Users\LynnCao\AppData\Local\Programs\Python\Python39\lib\contextlib.py", line 126, in __exit__
    next(self.gen)
  File "C:\Temp\pythonProject\backend_api\myenv\lib\site-packages\uvicorn\server.py", line 331, in capture_signals
    signal.raise_signal(captured_signal)
KeyboardInterrupt

During handling of the above exception, another exception occurred:

Traceback (most recent call last):
  File "C:\Temp\pythonProject\backend_api\myenv\lib\site-packages\starlette\routing.py", line 700, in lifespan
    await receive()
  File "C:\Temp\pythonProject\backend_api\myenv\lib\site-packages\uvicorn\lifespan\on.py", line 137, in receive
    return await self.receive_queue.get()
  File "C:\Users\LynnCao\AppData\Local\Programs\Python\Python39\lib\asyncio\queues.py", line 166, in get
    await getter
asyncio.exceptions.CancelledError

INFO:uvicorn.error:Stopping reloader process [26876]
INFO:uvicorn.error:Will watch for changes in these directories: ['C:\\Temp\\pythonProject\\backend_api']
INFO:uvicorn.error:Uvicorn running on http://127.0.0.1:8000 (Press CTRL+C to quit)
INFO:uvicorn.error:Started reloader process [32648] using WatchFiles
INFO:uvicorn.error:Started server process [37864]
INFO:uvicorn.error:Waiting for application startup.
INFO:uvicorn.error:Application startup complete.
INFO:uvicorn.error:Shutting down
INFO:uvicorn.error:Finished server process [37864]
ERROR:uvicorn.error:Traceback (most recent call last):
  File "C:\Users\LynnCao\AppData\Local\Programs\Python\Python39\lib\asyncio\runners.py", line 44, in run
    return loop.run_until_complete(main)
  File "C:\Users\LynnCao\AppData\Local\Programs\Python\Python39\lib\asyncio\base_events.py", line 634, in run_until_complete
    self.run_forever()
  File "C:\Users\LynnCao\AppData\Local\Programs\Python\Python39\lib\asyncio\base_events.py", line 601, in run_forever
    self._run_once()
  File "C:\Users\LynnCao\AppData\Local\Programs\Python\Python39\lib\asyncio\base_events.py", line 1905, in _run_once
    handle._run()
  File "C:\Users\LynnCao\AppData\Local\Programs\Python\Python39\lib\asyncio\events.py", line 80, in _run
    self._context.run(self._callback, *self._args)
  File "C:\Temp\pythonProject\backend_api\myenv\lib\site-packages\uvicorn\server.py", line 71, in serve
    await self._serve(sockets)
  File "C:\Users\LynnCao\AppData\Local\Programs\Python\Python39\lib\contextlib.py", line 126, in __exit__
    next(self.gen)
  File "C:\Temp\pythonProject\backend_api\myenv\lib\site-packages\uvicorn\server.py", line 331, in capture_signals
    signal.raise_signal(captured_signal)
KeyboardInterrupt

During handling of the above exception, another exception occurred:

Traceback (most recent call last):
  File "C:\Temp\pythonProject\backend_api\myenv\lib\site-packages\starlette\routing.py", line 700, in lifespan
    await receive()
  File "C:\Temp\pythonProject\backend_api\myenv\lib\site-packages\uvicorn\lifespan\on.py", line 137, in receive
    return await self.receive_queue.get()
  File "C:\Users\LynnCao\AppData\Local\Programs\Python\Python39\lib\asyncio\queues.py", line 166, in get
    await getter
asyncio.exceptions.CancelledError

INFO:uvicorn.error:Stopping reloader process [32648]
INFO:uvicorn.error:Will watch for changes in these directories: ['C:\\Temp\\pythonProject\\backend_api']
INFO:uvicorn.error:Uvicorn running on http://127.0.0.1:8000 (Press CTRL+C to quit)
INFO:uvicorn.error:Started reloader process [23828] using WatchFiles
INFO:uvicorn.error:Started server process [38360]
INFO:uvicorn.error:Waiting for application startup.
INFO:uvicorn.error:Application startup complete.
INFO:uvicorn.error:Shutting down
INFO:uvicorn.error:Finished server process [38360]
INFO:uvicorn.error:ASGI 'lifespan' protocol appears unsupported.
INFO:uvicorn.error:Stopping reloader process [23828]
INFO:uvicorn.error:Will watch for changes in these directories: ['C:\\Temp\\pythonProject\\backend_api']
INFO:uvicorn.error:Uvicorn running on http://127.0.0.1:8000 (Press CTRL+C to quit)
INFO:uvicorn.error:Started reloader process [46372] using WatchFiles
INFO:uvicorn.error:Started server process [23736]
INFO:uvicorn.error:Waiting for application startup.
INFO:uvicorn.error:Application startup complete.
WARNING:uvicorn.error:WatchFiles detected changes in 'main.py'. Reloading...
INFO:uvicorn.error:Shutting down
INFO:uvicorn.error:Waiting for application shutdown.
INFO:uvicorn.error:Application shutdown complete.
INFO:uvicorn.error:Finished server process [23736]
INFO:uvicorn.error:Started server process [31784]
INFO:uvicorn.error:Waiting for application startup.
INFO:uvicorn.error:Application startup complete.
WARNING:uvicorn.error:WatchFiles detected changes in 'main.py'. Reloading...
INFO:uvicorn.error:Shutting down
INFO:uvicorn.error:Waiting for application shutdown.
INFO:uvicorn.error:Application shutdown complete.
INFO:uvicorn.error:Finished server process [31784]
WARNING:uvicorn.error:WatchFiles detected changes in 'myenv\Lib\site-packages\transformers\models\vit\feature_extraction_vit.py', 'myenv\Lib\site-packages\torch\fx\experimental\_config.py'. Reloading...
INFO:uvicorn.error:Started server process [21884]
INFO:uvicorn.error:Waiting for application startup.
INFO:uvicorn.error:Application startup complete.
ERROR:uvicorn.error:Traceback (most recent call last):
  File "C:\Users\LynnCao\AppData\Local\Programs\Python\Python39\lib\asyncio\runners.py", line 44, in run
    return loop.run_until_complete(main)
  File "C:\Users\LynnCao\AppData\Local\Programs\Python\Python39\lib\asyncio\base_events.py", line 634, in run_until_complete
    self.run_forever()
  File "C:\Users\LynnCao\AppData\Local\Programs\Python\Python39\lib\asyncio\base_events.py", line 601, in run_forever
    self._run_once()
  File "C:\Users\LynnCao\AppData\Local\Programs\Python\Python39\lib\asyncio\base_events.py", line 1905, in _run_once
    handle._run()
  File "C:\Users\LynnCao\AppData\Local\Programs\Python\Python39\lib\asyncio\events.py", line 80, in _run
    self._context.run(self._callback, *self._args)
  File "C:\Temp\pythonProject\backend_api\myenv\lib\site-packages\uvicorn\server.py", line 71, in serve
    await self._serve(sockets)
  File "C:\Users\LynnCao\AppData\Local\Programs\Python\Python39\lib\contextlib.py", line 126, in __exit__
    next(self.gen)
  File "C:\Temp\pythonProject\backend_api\myenv\lib\site-packages\uvicorn\server.py", line 331, in capture_signals
    signal.raise_signal(captured_signal)
KeyboardInterrupt

During handling of the above exception, another exception occurred:

Traceback (most recent call last):
  File "C:\Temp\pythonProject\backend_api\myenv\lib\site-packages\starlette\routing.py", line 700, in lifespan
    await receive()
  File "C:\Temp\pythonProject\backend_api\myenv\lib\site-packages\uvicorn\lifespan\on.py", line 137, in receive
    return await self.receive_queue.get()
  File "C:\Users\LynnCao\AppData\Local\Programs\Python\Python39\lib\asyncio\queues.py", line 166, in get
    await getter
asyncio.exceptions.CancelledError

WARNING:uvicorn.error:WatchFiles detected changes in 'myenv\Lib\site-packages\starlette\routing.py', 'myenv\Lib\site-packages\uvicorn\lifespan\on.py'. Reloading...
INFO:uvicorn.error:Started server process [44724]
INFO:uvicorn.error:Waiting for application startup.
INFO:uvicorn.error:Application startup complete.
ERROR:uvicorn.error:Traceback (most recent call last):
  File "C:\Users\LynnCao\AppData\Local\Programs\Python\Python39\lib\asyncio\runners.py", line 44, in run
    return loop.run_until_complete(main)
  File "C:\Users\LynnCao\AppData\Local\Programs\Python\Python39\lib\asyncio\base_events.py", line 634, in run_until_complete
    self.run_forever()
  File "C:\Users\LynnCao\AppData\Local\Programs\Python\Python39\lib\asyncio\base_events.py", line 601, in run_forever
    self._run_once()
  File "C:\Users\LynnCao\AppData\Local\Programs\Python\Python39\lib\asyncio\base_events.py", line 1905, in _run_once
    handle._run()
  File "C:\Users\LynnCao\AppData\Local\Programs\Python\Python39\lib\asyncio\events.py", line 80, in _run
    self._context.run(self._callback, *self._args)
  File "C:\Temp\pythonProject\backend_api\myenv\lib\site-packages\uvicorn\server.py", line 71, in serve
    await self._serve(sockets)
  File "C:\Users\LynnCao\AppData\Local\Programs\Python\Python39\lib\contextlib.py", line 126, in __exit__
    next(self.gen)
  File "C:\Temp\pythonProject\backend_api\myenv\lib\site-packages\uvicorn\server.py", line 331, in capture_signals
    signal.raise_signal(captured_signal)
KeyboardInterrupt

During handling of the above exception, another exception occurred:

Traceback (most recent call last):
  File "C:\Temp\pythonProject\backend_api\myenv\lib\site-packages\starlette\routing.py", line 700, in lifespan
    await receive()
  File "C:\Temp\pythonProject\backend_api\myenv\lib\site-packages\uvicorn\lifespan\on.py", line 137, in receive
    return await self.receive_queue.get()
  File "C:\Users\LynnCao\AppData\Local\Programs\Python\Python39\lib\asyncio\queues.py", line 166, in get
    await getter
asyncio.exceptions.CancelledError

WARNING:uvicorn.error:WatchFiles detected changes in 'main.py'. Reloading...
INFO:uvicorn.error:Started server process [36076]
INFO:uvicorn.error:Waiting for application startup.
INFO:uvicorn.error:Application startup complete.
ERROR:uvicorn.error:Traceback (most recent call last):
  File "C:\Users\LynnCao\AppData\Local\Programs\Python\Python39\lib\asyncio\runners.py", line 44, in run
    return loop.run_until_complete(main)
  File "C:\Users\LynnCao\AppData\Local\Programs\Python\Python39\lib\asyncio\base_events.py", line 634, in run_until_complete
    self.run_forever()
  File "C:\Users\LynnCao\AppData\Local\Programs\Python\Python39\lib\asyncio\base_events.py", line 601, in run_forever
    self._run_once()
  File "C:\Users\LynnCao\AppData\Local\Programs\Python\Python39\lib\asyncio\base_events.py", line 1905, in _run_once
    handle._run()
  File "C:\Users\LynnCao\AppData\Local\Programs\Python\Python39\lib\asyncio\events.py", line 80, in _run
    self._context.run(self._callback, *self._args)
  File "C:\Temp\pythonProject\backend_api\myenv\lib\site-packages\uvicorn\server.py", line 71, in serve
    await self._serve(sockets)
  File "C:\Users\LynnCao\AppData\Local\Programs\Python\Python39\lib\contextlib.py", line 126, in __exit__
    next(self.gen)
  File "C:\Temp\pythonProject\backend_api\myenv\lib\site-packages\uvicorn\server.py", line 331, in capture_signals
    signal.raise_signal(captured_signal)
KeyboardInterrupt

During handling of the above exception, another exception occurred:

Traceback (most recent call last):
  File "C:\Temp\pythonProject\backend_api\myenv\lib\site-packages\starlette\routing.py", line 700, in lifespan
    await receive()
  File "C:\Temp\pythonProject\backend_api\myenv\lib\site-packages\uvicorn\lifespan\on.py", line 137, in receive
    return await self.receive_queue.get()
  File "C:\Users\LynnCao\AppData\Local\Programs\Python\Python39\lib\asyncio\queues.py", line 166, in get
    await getter
asyncio.exceptions.CancelledError

INFO:uvicorn.error:Started server process [10272]
INFO:uvicorn.error:Waiting for application startup.
INFO:uvicorn.error:Application startup complete.
WARNING:uvicorn.error:WatchFiles detected changes in 'main.py'. Reloading...
INFO:uvicorn.error:Shutting down
INFO:uvicorn.error:Waiting for application shutdown.
INFO:uvicorn.error:Application shutdown complete.
INFO:uvicorn.error:Finished server process [10272]
WARNING:uvicorn.error:WatchFiles detected changes in 'main.py'. Reloading...
INFO:uvicorn.error:Started server process [45324]
INFO:uvicorn.error:Waiting for application startup.
INFO:uvicorn.error:Application startup complete.
ERROR:uvicorn.error:Traceback (most recent call last):
  File "C:\Users\LynnCao\AppData\Local\Programs\Python\Python39\lib\asyncio\runners.py", line 44, in run
    return loop.run_until_complete(main)
  File "C:\Users\LynnCao\AppData\Local\Programs\Python\Python39\lib\asyncio\base_events.py", line 634, in run_until_complete
    self.run_forever()
  File "C:\Users\LynnCao\AppData\Local\Programs\Python\Python39\lib\asyncio\base_events.py", line 601, in run_forever
    self._run_once()
  File "C:\Users\LynnCao\AppData\Local\Programs\Python\Python39\lib\asyncio\base_events.py", line 1905, in _run_once
    handle._run()
  File "C:\Users\LynnCao\AppData\Local\Programs\Python\Python39\lib\asyncio\events.py", line 80, in _run
    self._context.run(self._callback, *self._args)
  File "C:\Temp\pythonProject\backend_api\myenv\lib\site-packages\uvicorn\server.py", line 71, in serve
    await self._serve(sockets)
  File "C:\Users\LynnCao\AppData\Local\Programs\Python\Python39\lib\contextlib.py", line 126, in __exit__
    next(self.gen)
  File "C:\Temp\pythonProject\backend_api\myenv\lib\site-packages\uvicorn\server.py", line 331, in capture_signals
    signal.raise_signal(captured_signal)
KeyboardInterrupt

During handling of the above exception, another exception occurred:

Traceback (most recent call last):
  File "C:\Temp\pythonProject\backend_api\myenv\lib\site-packages\starlette\routing.py", line 700, in lifespan
    await receive()
  File "C:\Temp\pythonProject\backend_api\myenv\lib\site-packages\uvicorn\lifespan\on.py", line 137, in receive
    return await self.receive_queue.get()
  File "C:\Users\LynnCao\AppData\Local\Programs\Python\Python39\lib\asyncio\queues.py", line 166, in get
    await getter
asyncio.exceptions.CancelledError

INFO:uvicorn.error:Started server process [29084]
INFO:uvicorn.error:Waiting for application startup.
INFO:uvicorn.error:Application startup complete.
WARNING:uvicorn.error:Invalid HTTP request received.
WARNING:uvicorn.error:Invalid HTTP request received.
INFO:uvicorn.error:Shutting down
INFO:uvicorn.error:Finished server process [29084]
INFO:uvicorn.error:ASGI 'lifespan' protocol appears unsupported.
INFO:uvicorn.error:Stopping reloader process [46372]
INFO:uvicorn.error:Will watch for changes in these directories: ['C:\\Temp\\pythonProject\\backend_api']
INFO:uvicorn.error:Uvicorn running on http://127.0.0.1:8000 (Press CTRL+C to quit)
INFO:uvicorn.error:Started reloader process [40096] using WatchFiles
INFO:uvicorn.error:Started server process [12968]
INFO:uvicorn.error:Waiting for application startup.
INFO:uvicorn.error:Application startup complete.
INFO:uvicorn.error:Shutting down
INFO:uvicorn.error:Waiting for application shutdown.
INFO:uvicorn.error:Application shutdown complete.
INFO:uvicorn.error:Finished server process [12968]
INFO:uvicorn.error:Stopping reloader process [40096]
INFO:uvicorn.error:Will watch for changes in these directories: ['C:\\Temp\\pythonProject\\backend_api']
INFO:uvicorn.error:Uvicorn running on http://127.0.0.1:8000 (Press CTRL+C to quit)
INFO:uvicorn.error:Started reloader process [46440] using WatchFiles
INFO:uvicorn.error:Started server process [23488]
INFO:uvicorn.error:Waiting for application startup.
INFO:uvicorn.error:Application startup complete.
WARNING:uvicorn.error:WatchFiles detected changes in 'main.py'. Reloading...
INFO:uvicorn.error:Shutting down
INFO:uvicorn.error:Waiting for application shutdown.
INFO:uvicorn.error:Application shutdown complete.
INFO:uvicorn.error:Finished server process [23488]
INFO:uvicorn.error:Started server process [32640]
INFO:uvicorn.error:Waiting for application startup.
INFO:uvicorn.error:Application startup complete.
ERROR:uvicorn.error:Traceback (most recent call last):
  File "C:\Users\LynnCao\AppData\Local\Programs\Python\Python39\lib\asyncio\runners.py", line 44, in run
    return loop.run_until_complete(main)
  File "C:\Users\LynnCao\AppData\Local\Programs\Python\Python39\lib\asyncio\base_events.py", line 634, in run_until_complete
    self.run_forever()
  File "C:\Users\LynnCao\AppData\Local\Programs\Python\Python39\lib\asyncio\base_events.py", line 601, in run_forever
    self._run_once()
  File "C:\Users\LynnCao\AppData\Local\Programs\Python\Python39\lib\asyncio\base_events.py", line 1905, in _run_once
    handle._run()
  File "C:\Users\LynnCao\AppData\Local\Programs\Python\Python39\lib\asyncio\events.py", line 80, in _run
    self._context.run(self._callback, *self._args)
  File "C:\Temp\pythonProject\backend_api\myenv\lib\site-packages\uvicorn\server.py", line 71, in serve
    await self._serve(sockets)
  File "C:\Users\LynnCao\AppData\Local\Programs\Python\Python39\lib\contextlib.py", line 126, in __exit__
    next(self.gen)
  File "C:\Temp\pythonProject\backend_api\myenv\lib\site-packages\uvicorn\server.py", line 331, in capture_signals
    signal.raise_signal(captured_signal)
KeyboardInterrupt

During handling of the above exception, another exception occurred:

Traceback (most recent call last):
  File "C:\Temp\pythonProject\backend_api\myenv\lib\site-packages\starlette\routing.py", line 700, in lifespan
    await receive()
  File "C:\Temp\pythonProject\backend_api\myenv\lib\site-packages\uvicorn\lifespan\on.py", line 137, in receive
    return await self.receive_queue.get()
  File "C:\Users\LynnCao\AppData\Local\Programs\Python\Python39\lib\asyncio\queues.py", line 166, in get
    await getter
asyncio.exceptions.CancelledError

INFO:uvicorn.error:Stopping reloader process [46440]
INFO:uvicorn.error:Will watch for changes in these directories: ['C:\\Temp\\pythonProject\\backend_api']
INFO:uvicorn.error:Uvicorn running on http://127.0.0.1:8000 (Press CTRL+C to quit)
INFO:uvicorn.error:Started reloader process [33292] using WatchFiles
INFO:uvicorn.error:Started server process [3320]
INFO:uvicorn.error:Waiting for application startup.
INFO:uvicorn.error:Application startup complete.
WARNING:uvicorn.error:WatchFiles detected changes in 'main.py'. Reloading...
INFO:uvicorn.error:Shutting down
INFO:uvicorn.error:Waiting for application shutdown.
INFO:uvicorn.error:Application shutdown complete.
INFO:uvicorn.error:Finished server process [3320]
INFO:uvicorn.error:Started server process [43480]
INFO:uvicorn.error:Waiting for application startup.
INFO:uvicorn.error:Application startup complete.
INFO:uvicorn.error:Shutting down
INFO:uvicorn.error:Finished server process [43480]
INFO:uvicorn.error:ASGI 'lifespan' protocol appears unsupported.
INFO:uvicorn.error:Stopping reloader process [33292]
INFO:uvicorn.error:Will watch for changes in these directories: ['C:\\Temp\\pythonProject\\backend_api']
INFO:uvicorn.error:Uvicorn running on http://127.0.0.1:8000 (Press CTRL+C to quit)
INFO:uvicorn.error:Started reloader process [16040] using WatchFiles
INFO:uvicorn.error:Started server process [27688]
INFO:uvicorn.error:Waiting for application startup.
INFO:uvicorn.error:Application startup complete.
ERROR:uvicorn.error:Exception in ASGI application
Traceback (most recent call last):
  File "C:\Temp\pythonProject\backend_api\myenv\lib\site-packages\uvicorn\protocols\http\httptools_impl.py", line 409, in run_asgi
    result = await app(  # type: ignore[func-returns-value]
  File "C:\Temp\pythonProject\backend_api\myenv\lib\site-packages\uvicorn\middleware\proxy_headers.py", line 60, in __call__
    return await self.app(scope, receive, send)
  File "C:\Temp\pythonProject\backend_api\myenv\lib\site-packages\fastapi\applications.py", line 1054, in __call__
    await super().__call__(scope, receive, send)
  File "C:\Temp\pythonProject\backend_api\myenv\lib\site-packages\starlette\applications.py", line 113, in __call__
    await self.middleware_stack(scope, receive, send)
  File "C:\Temp\pythonProject\backend_api\myenv\lib\site-packages\starlette\middleware\errors.py", line 187, in __call__
    raise exc
  File "C:\Temp\pythonProject\backend_api\myenv\lib\site-packages\starlette\middleware\errors.py", line 165, in __call__
    await self.app(scope, receive, _send)
  File "C:\Temp\pythonProject\backend_api\myenv\lib\site-packages\starlette\middleware\cors.py", line 93, in __call__
    await self.simple_response(scope, receive, send, request_headers=headers)
  File "C:\Temp\pythonProject\backend_api\myenv\lib\site-packages\starlette\middleware\cors.py", line 144, in simple_response
    await self.app(scope, receive, send)
  File "C:\Temp\pythonProject\backend_api\myenv\lib\site-packages\starlette\middleware\exceptions.py", line 62, in __call__
    await wrap_app_handling_exceptions(self.app, conn)(scope, receive, send)
  File "C:\Temp\pythonProject\backend_api\myenv\lib\site-packages\starlette\_exception_handler.py", line 62, in wrapped_app
    raise exc
  File "C:\Temp\pythonProject\backend_api\myenv\lib\site-packages\starlette\_exception_handler.py", line 51, in wrapped_app
    await app(scope, receive, sender)
  File "C:\Temp\pythonProject\backend_api\myenv\lib\site-packages\starlette\routing.py", line 715, in __call__
    await self.middleware_stack(scope, receive, send)
  File "C:\Temp\pythonProject\backend_api\myenv\lib\site-packages\starlette\routing.py", line 735, in app
    await route.handle(scope, receive, send)
  File "C:\Temp\pythonProject\backend_api\myenv\lib\site-packages\starlette\routing.py", line 288, in handle
    await self.app(scope, receive, send)
  File "C:\Temp\pythonProject\backend_api\myenv\lib\site-packages\starlette\routing.py", line 76, in app
    await wrap_app_handling_exceptions(app, request)(scope, receive, send)
  File "C:\Temp\pythonProject\backend_api\myenv\lib\site-packages\starlette\_exception_handler.py", line 62, in wrapped_app
    raise exc
  File "C:\Temp\pythonProject\backend_api\myenv\lib\site-packages\starlette\_exception_handler.py", line 51, in wrapped_app
    await app(scope, receive, sender)
  File "C:\Temp\pythonProject\backend_api\myenv\lib\site-packages\starlette\routing.py", line 74, in app
    await response(scope, receive, send)
  File "C:\Temp\pythonProject\backend_api\myenv\lib\site-packages\starlette\responses.py", line 156, in __call__
    await self.background()
  File "C:\Temp\pythonProject\backend_api\myenv\lib\site-packages\starlette\background.py", line 41, in __call__
    await task()
  File "C:\Temp\pythonProject\backend_api\myenv\lib\site-packages\starlette\background.py", line 26, in __call__
    await self.func(*self.args, **self.kwargs)
  File "C:\Temp\pythonProject\backend_api\main.py", line 981, in process_task
    shutil.rmtree(temp_dir)
  File "C:\Users\LynnCao\AppData\Local\Programs\Python\Python39\lib\shutil.py", line 759, in rmtree
    return _rmtree_unsafe(path, onerror)
  File "C:\Users\LynnCao\AppData\Local\Programs\Python\Python39\lib\shutil.py", line 629, in _rmtree_unsafe
    onerror(os.unlink, fullname, sys.exc_info())
  File "C:\Users\LynnCao\AppData\Local\Programs\Python\Python39\lib\shutil.py", line 627, in _rmtree_unsafe
    os.unlink(fullname)
PermissionError: [WinError 32] 另一个程序正在使用此文件，进程无法访问。: 'C:\\Users\\LynnCao\\AppData\\Local\\Temp\\tmpap6u5lgq\\滴滴出行行程报销单A.pdf'
ERROR:uvicorn.error:Exception in ASGI application
Traceback (most recent call last):
  File "C:\Temp\pythonProject\backend_api\myenv\lib\site-packages\uvicorn\protocols\http\httptools_impl.py", line 409, in run_asgi
    result = await app(  # type: ignore[func-returns-value]
  File "C:\Temp\pythonProject\backend_api\myenv\lib\site-packages\uvicorn\middleware\proxy_headers.py", line 60, in __call__
    return await self.app(scope, receive, send)
  File "C:\Temp\pythonProject\backend_api\myenv\lib\site-packages\fastapi\applications.py", line 1054, in __call__
    await super().__call__(scope, receive, send)
  File "C:\Temp\pythonProject\backend_api\myenv\lib\site-packages\starlette\applications.py", line 113, in __call__
    await self.middleware_stack(scope, receive, send)
  File "C:\Temp\pythonProject\backend_api\myenv\lib\site-packages\starlette\middleware\errors.py", line 187, in __call__
    raise exc
  File "C:\Temp\pythonProject\backend_api\myenv\lib\site-packages\starlette\middleware\errors.py", line 165, in __call__
    await self.app(scope, receive, _send)
  File "C:\Temp\pythonProject\backend_api\myenv\lib\site-packages\starlette\middleware\cors.py", line 93, in __call__
    await self.simple_response(scope, receive, send, request_headers=headers)
  File "C:\Temp\pythonProject\backend_api\myenv\lib\site-packages\starlette\middleware\cors.py", line 144, in simple_response
    await self.app(scope, receive, send)
  File "C:\Temp\pythonProject\backend_api\myenv\lib\site-packages\starlette\middleware\exceptions.py", line 62, in __call__
    await wrap_app_handling_exceptions(self.app, conn)(scope, receive, send)
  File "C:\Temp\pythonProject\backend_api\myenv\lib\site-packages\starlette\_exception_handler.py", line 62, in wrapped_app
    raise exc
  File "C:\Temp\pythonProject\backend_api\myenv\lib\site-packages\starlette\_exception_handler.py", line 51, in wrapped_app
    await app(scope, receive, sender)
  File "C:\Temp\pythonProject\backend_api\myenv\lib\site-packages\starlette\routing.py", line 715, in __call__
    await self.middleware_stack(scope, receive, send)
  File "C:\Temp\pythonProject\backend_api\myenv\lib\site-packages\starlette\routing.py", line 735, in app
    await route.handle(scope, receive, send)
  File "C:\Temp\pythonProject\backend_api\myenv\lib\site-packages\starlette\routing.py", line 288, in handle
    await self.app(scope, receive, send)
  File "C:\Temp\pythonProject\backend_api\myenv\lib\site-packages\starlette\routing.py", line 76, in app
    await wrap_app_handling_exceptions(app, request)(scope, receive, send)
  File "C:\Temp\pythonProject\backend_api\myenv\lib\site-packages\starlette\_exception_handler.py", line 62, in wrapped_app
    raise exc
  File "C:\Temp\pythonProject\backend_api\myenv\lib\site-packages\starlette\_exception_handler.py", line 51, in wrapped_app
    await app(scope, receive, sender)
  File "C:\Temp\pythonProject\backend_api\myenv\lib\site-packages\starlette\routing.py", line 74, in app
    await response(scope, receive, send)
  File "C:\Temp\pythonProject\backend_api\myenv\lib\site-packages\starlette\responses.py", line 156, in __call__
    await self.background()
  File "C:\Temp\pythonProject\backend_api\myenv\lib\site-packages\starlette\background.py", line 41, in __call__
    await task()
  File "C:\Temp\pythonProject\backend_api\myenv\lib\site-packages\starlette\background.py", line 26, in __call__
    await self.func(*self.args, **self.kwargs)
  File "C:\Temp\pythonProject\backend_api\main.py", line 981, in process_task
    shutil.rmtree(temp_dir)
  File "C:\Users\LynnCao\AppData\Local\Programs\Python\Python39\lib\shutil.py", line 759, in rmtree
    return _rmtree_unsafe(path, onerror)
  File "C:\Users\LynnCao\AppData\Local\Programs\Python\Python39\lib\shutil.py", line 629, in _rmtree_unsafe
    onerror(os.unlink, fullname, sys.exc_info())
  File "C:\Users\LynnCao\AppData\Local\Programs\Python\Python39\lib\shutil.py", line 627, in _rmtree_unsafe
    os.unlink(fullname)
PermissionError: [WinError 32] 另一个程序正在使用此文件，进程无法访问。: 'C:\\Users\\LynnCao\\AppData\\Local\\Temp\\tmpdcoda5vi\\滴滴出行行程报销单A.pdf'
ERROR:uvicorn.error:Exception in ASGI application
Traceback (most recent call last):
  File "C:\Temp\pythonProject\backend_api\myenv\lib\site-packages\uvicorn\protocols\http\httptools_impl.py", line 409, in run_asgi
    result = await app(  # type: ignore[func-returns-value]
  File "C:\Temp\pythonProject\backend_api\myenv\lib\site-packages\uvicorn\middleware\proxy_headers.py", line 60, in __call__
    return await self.app(scope, receive, send)
  File "C:\Temp\pythonProject\backend_api\myenv\lib\site-packages\fastapi\applications.py", line 1054, in __call__
    await super().__call__(scope, receive, send)
  File "C:\Temp\pythonProject\backend_api\myenv\lib\site-packages\starlette\applications.py", line 113, in __call__
    await self.middleware_stack(scope, receive, send)
  File "C:\Temp\pythonProject\backend_api\myenv\lib\site-packages\starlette\middleware\errors.py", line 187, in __call__
    raise exc
  File "C:\Temp\pythonProject\backend_api\myenv\lib\site-packages\starlette\middleware\errors.py", line 165, in __call__
    await self.app(scope, receive, _send)
  File "C:\Temp\pythonProject\backend_api\myenv\lib\site-packages\starlette\middleware\cors.py", line 85, in __call__
    await self.app(scope, receive, send)
  File "C:\Temp\pythonProject\backend_api\myenv\lib\site-packages\starlette\middleware\exceptions.py", line 62, in __call__
    await wrap_app_handling_exceptions(self.app, conn)(scope, receive, send)
  File "C:\Temp\pythonProject\backend_api\myenv\lib\site-packages\starlette\_exception_handler.py", line 62, in wrapped_app
    raise exc
  File "C:\Temp\pythonProject\backend_api\myenv\lib\site-packages\starlette\_exception_handler.py", line 51, in wrapped_app
    await app(scope, receive, sender)
  File "C:\Temp\pythonProject\backend_api\myenv\lib\site-packages\starlette\routing.py", line 715, in __call__
    await self.middleware_stack(scope, receive, send)
  File "C:\Temp\pythonProject\backend_api\myenv\lib\site-packages\starlette\routing.py", line 735, in app
    await route.handle(scope, receive, send)
  File "C:\Temp\pythonProject\backend_api\myenv\lib\site-packages\starlette\routing.py", line 288, in handle
    await self.app(scope, receive, send)
  File "C:\Temp\pythonProject\backend_api\myenv\lib\site-packages\starlette\routing.py", line 76, in app
    await wrap_app_handling_exceptions(app, request)(scope, receive, send)
  File "C:\Temp\pythonProject\backend_api\myenv\lib\site-packages\starlette\_exception_handler.py", line 62, in wrapped_app
    raise exc
  File "C:\Temp\pythonProject\backend_api\myenv\lib\site-packages\starlette\_exception_handler.py", line 51, in wrapped_app
    await app(scope, receive, sender)
  File "C:\Temp\pythonProject\backend_api\myenv\lib\site-packages\starlette\routing.py", line 73, in app
    response = await f(request)
  File "C:\Temp\pythonProject\backend_api\myenv\lib\site-packages\fastapi\routing.py", line 327, in app
    content = await serialize_response(
  File "C:\Temp\pythonProject\backend_api\myenv\lib\site-packages\fastapi\routing.py", line 181, in serialize_response
    return field.serialize(
  File "C:\Temp\pythonProject\backend_api\myenv\lib\site-packages\fastapi\_compat.py", line 149, in serialize
    return self._type_adapter.dump_python(
  File "C:\Temp\pythonProject\backend_api\myenv\lib\site-packages\pydantic\type_adapter.py", line 135, in wrapped
    return func(self, *args, **kwargs)
  File "C:\Temp\pythonProject\backend_api\myenv\lib\site-packages\pydantic\type_adapter.py", line 451, in dump_python
    return self.serializer.to_python(
pydantic_core._pydantic_core.PydanticSerializationError: Unable to serialize unknown type: <class 'numpy.ndarray'>
ERROR:uvicorn.error:Exception in ASGI application
Traceback (most recent call last):
  File "C:\Temp\pythonProject\backend_api\myenv\lib\site-packages\uvicorn\protocols\http\httptools_impl.py", line 409, in run_asgi
    result = await app(  # type: ignore[func-returns-value]
  File "C:\Temp\pythonProject\backend_api\myenv\lib\site-packages\uvicorn\middleware\proxy_headers.py", line 60, in __call__
    return await self.app(scope, receive, send)
  File "C:\Temp\pythonProject\backend_api\myenv\lib\site-packages\fastapi\applications.py", line 1054, in __call__
    await super().__call__(scope, receive, send)
  File "C:\Temp\pythonProject\backend_api\myenv\lib\site-packages\starlette\applications.py", line 113, in __call__
    await self.middleware_stack(scope, receive, send)
  File "C:\Temp\pythonProject\backend_api\myenv\lib\site-packages\starlette\middleware\errors.py", line 187, in __call__
    raise exc
  File "C:\Temp\pythonProject\backend_api\myenv\lib\site-packages\starlette\middleware\errors.py", line 165, in __call__
    await self.app(scope, receive, _send)
  File "C:\Temp\pythonProject\backend_api\myenv\lib\site-packages\starlette\middleware\cors.py", line 85, in __call__
    await self.app(scope, receive, send)
  File "C:\Temp\pythonProject\backend_api\myenv\lib\site-packages\starlette\middleware\exceptions.py", line 62, in __call__
    await wrap_app_handling_exceptions(self.app, conn)(scope, receive, send)
  File "C:\Temp\pythonProject\backend_api\myenv\lib\site-packages\starlette\_exception_handler.py", line 62, in wrapped_app
    raise exc
  File "C:\Temp\pythonProject\backend_api\myenv\lib\site-packages\starlette\_exception_handler.py", line 51, in wrapped_app
    await app(scope, receive, sender)
  File "C:\Temp\pythonProject\backend_api\myenv\lib\site-packages\starlette\routing.py", line 715, in __call__
    await self.middleware_stack(scope, receive, send)
  File "C:\Temp\pythonProject\backend_api\myenv\lib\site-packages\starlette\routing.py", line 735, in app
    await route.handle(scope, receive, send)
  File "C:\Temp\pythonProject\backend_api\myenv\lib\site-packages\starlette\routing.py", line 288, in handle
    await self.app(scope, receive, send)
  File "C:\Temp\pythonProject\backend_api\myenv\lib\site-packages\starlette\routing.py", line 76, in app
    await wrap_app_handling_exceptions(app, request)(scope, receive, send)
  File "C:\Temp\pythonProject\backend_api\myenv\lib\site-packages\starlette\_exception_handler.py", line 62, in wrapped_app
    raise exc
  File "C:\Temp\pythonProject\backend_api\myenv\lib\site-packages\starlette\_exception_handler.py", line 51, in wrapped_app
    await app(scope, receive, sender)
  File "C:\Temp\pythonProject\backend_api\myenv\lib\site-packages\starlette\routing.py", line 73, in app
    response = await f(request)
  File "C:\Temp\pythonProject\backend_api\myenv\lib\site-packages\fastapi\routing.py", line 327, in app
    content = await serialize_response(
  File "C:\Temp\pythonProject\backend_api\myenv\lib\site-packages\fastapi\routing.py", line 181, in serialize_response
    return field.serialize(
  File "C:\Temp\pythonProject\backend_api\myenv\lib\site-packages\fastapi\_compat.py", line 149, in serialize
    return self._type_adapter.dump_python(
  File "C:\Temp\pythonProject\backend_api\myenv\lib\site-packages\pydantic\type_adapter.py", line 135, in wrapped
    return func(self, *args, **kwargs)
  File "C:\Temp\pythonProject\backend_api\myenv\lib\site-packages\pydantic\type_adapter.py", line 451, in dump_python
    return self.serializer.to_python(
pydantic_core._pydantic_core.PydanticSerializationError: Unable to serialize unknown type: <class 'numpy.ndarray'>
INFO:uvicorn.error:Shutting down
INFO:uvicorn.error:Waiting for application shutdown.
INFO:uvicorn.error:Application shutdown complete.
INFO:uvicorn.error:Finished server process [27688]
INFO:uvicorn.error:Stopping reloader process [16040]
INFO:uvicorn.error:Will watch for changes in these directories: ['C:\\Temp\\pythonProject\\backend_api']
INFO:uvicorn.error:Uvicorn running on http://127.0.0.1:8000 (Press CTRL+C to quit)
INFO:uvicorn.error:Started reloader process [25768] using WatchFiles
INFO:uvicorn.error:Started server process [35532]
INFO:uvicorn.error:Waiting for application startup.
INFO:uvicorn.error:Application startup complete.
WARNING:uvicorn.error:WatchFiles detected changes in 'main.py'. Reloading...
INFO:uvicorn.error:Shutting down
INFO:uvicorn.error:Waiting for application shutdown.
INFO:uvicorn.error:Application shutdown complete.
INFO:uvicorn.error:Finished server process [35532]
WARNING:uvicorn.error:WatchFiles detected changes in 'main.py'. Reloading...
INFO:uvicorn.error:Started server process [7740]
INFO:uvicorn.error:Waiting for application startup.
INFO:uvicorn.error:Application startup complete.
ERROR:uvicorn.error:Traceback (most recent call last):
  File "C:\Users\LynnCao\AppData\Local\Programs\Python\Python39\lib\asyncio\runners.py", line 44, in run
    return loop.run_until_complete(main)
  File "C:\Users\LynnCao\AppData\Local\Programs\Python\Python39\lib\asyncio\base_events.py", line 634, in run_until_complete
    self.run_forever()
  File "C:\Users\LynnCao\AppData\Local\Programs\Python\Python39\lib\asyncio\base_events.py", line 601, in run_forever
    self._run_once()
  File "C:\Users\LynnCao\AppData\Local\Programs\Python\Python39\lib\asyncio\base_events.py", line 1905, in _run_once
    handle._run()
  File "C:\Users\LynnCao\AppData\Local\Programs\Python\Python39\lib\asyncio\events.py", line 80, in _run
    self._context.run(self._callback, *self._args)
  File "C:\Temp\pythonProject\backend_api\myenv\lib\site-packages\uvicorn\server.py", line 71, in serve
    await self._serve(sockets)
  File "C:\Users\LynnCao\AppData\Local\Programs\Python\Python39\lib\contextlib.py", line 126, in __exit__
    next(self.gen)
  File "C:\Temp\pythonProject\backend_api\myenv\lib\site-packages\uvicorn\server.py", line 331, in capture_signals
    signal.raise_signal(captured_signal)
KeyboardInterrupt

During handling of the above exception, another exception occurred:

Traceback (most recent call last):
  File "C:\Temp\pythonProject\backend_api\myenv\lib\site-packages\starlette\routing.py", line 700, in lifespan
    await receive()
  File "C:\Temp\pythonProject\backend_api\myenv\lib\site-packages\uvicorn\lifespan\on.py", line 137, in receive
    return await self.receive_queue.get()
  File "C:\Users\LynnCao\AppData\Local\Programs\Python\Python39\lib\asyncio\queues.py", line 166, in get
    await getter
asyncio.exceptions.CancelledError

WARNING:uvicorn.error:WatchFiles detected changes in 'main.py'. Reloading...
INFO:uvicorn.error:Started server process [46480]
INFO:uvicorn.error:Waiting for application startup.
INFO:uvicorn.error:Application startup complete.
ERROR:uvicorn.error:Traceback (most recent call last):
  File "C:\Users\LynnCao\AppData\Local\Programs\Python\Python39\lib\asyncio\runners.py", line 44, in run
    return loop.run_until_complete(main)
  File "C:\Users\LynnCao\AppData\Local\Programs\Python\Python39\lib\asyncio\base_events.py", line 634, in run_until_complete
    self.run_forever()
  File "C:\Users\LynnCao\AppData\Local\Programs\Python\Python39\lib\asyncio\base_events.py", line 601, in run_forever
    self._run_once()
  File "C:\Users\LynnCao\AppData\Local\Programs\Python\Python39\lib\asyncio\base_events.py", line 1905, in _run_once
    handle._run()
  File "C:\Users\LynnCao\AppData\Local\Programs\Python\Python39\lib\asyncio\events.py", line 80, in _run
    self._context.run(self._callback, *self._args)
  File "C:\Temp\pythonProject\backend_api\myenv\lib\site-packages\uvicorn\server.py", line 71, in serve
    await self._serve(sockets)
  File "C:\Users\LynnCao\AppData\Local\Programs\Python\Python39\lib\contextlib.py", line 126, in __exit__
    next(self.gen)
  File "C:\Temp\pythonProject\backend_api\myenv\lib\site-packages\uvicorn\server.py", line 331, in capture_signals
    signal.raise_signal(captured_signal)
KeyboardInterrupt

During handling of the above exception, another exception occurred:

Traceback (most recent call last):
  File "C:\Temp\pythonProject\backend_api\myenv\lib\site-packages\starlette\routing.py", line 700, in lifespan
    await receive()
  File "C:\Temp\pythonProject\backend_api\myenv\lib\site-packages\uvicorn\lifespan\on.py", line 137, in receive
    return await self.receive_queue.get()
  File "C:\Users\LynnCao\AppData\Local\Programs\Python\Python39\lib\asyncio\queues.py", line 166, in get
    await getter
asyncio.exceptions.CancelledError

INFO:uvicorn.error:Started server process [38792]
INFO:uvicorn.error:Waiting for application startup.
INFO:uvicorn.error:Application startup complete.
ERROR:uvicorn.error:Exception in ASGI application
Traceback (most recent call last):
  File "C:\Temp\pythonProject\backend_api\myenv\lib\site-packages\uvicorn\protocols\http\httptools_impl.py", line 409, in run_asgi
    result = await app(  # type: ignore[func-returns-value]
  File "C:\Temp\pythonProject\backend_api\myenv\lib\site-packages\uvicorn\middleware\proxy_headers.py", line 60, in __call__
    return await self.app(scope, receive, send)
  File "C:\Temp\pythonProject\backend_api\myenv\lib\site-packages\fastapi\applications.py", line 1054, in __call__
    await super().__call__(scope, receive, send)
  File "C:\Temp\pythonProject\backend_api\myenv\lib\site-packages\starlette\applications.py", line 113, in __call__
    await self.middleware_stack(scope, receive, send)
  File "C:\Temp\pythonProject\backend_api\myenv\lib\site-packages\starlette\middleware\errors.py", line 187, in __call__
    raise exc
  File "C:\Temp\pythonProject\backend_api\myenv\lib\site-packages\starlette\middleware\errors.py", line 165, in __call__
    await self.app(scope, receive, _send)
  File "C:\Temp\pythonProject\backend_api\myenv\lib\site-packages\starlette\middleware\cors.py", line 93, in __call__
    await self.simple_response(scope, receive, send, request_headers=headers)
  File "C:\Temp\pythonProject\backend_api\myenv\lib\site-packages\starlette\middleware\cors.py", line 144, in simple_response
    await self.app(scope, receive, send)
  File "C:\Temp\pythonProject\backend_api\myenv\lib\site-packages\starlette\middleware\exceptions.py", line 62, in __call__
    await wrap_app_handling_exceptions(self.app, conn)(scope, receive, send)
  File "C:\Temp\pythonProject\backend_api\myenv\lib\site-packages\starlette\_exception_handler.py", line 62, in wrapped_app
    raise exc
  File "C:\Temp\pythonProject\backend_api\myenv\lib\site-packages\starlette\_exception_handler.py", line 51, in wrapped_app
    await app(scope, receive, sender)
  File "C:\Temp\pythonProject\backend_api\myenv\lib\site-packages\starlette\routing.py", line 715, in __call__
    await self.middleware_stack(scope, receive, send)
  File "C:\Temp\pythonProject\backend_api\myenv\lib\site-packages\starlette\routing.py", line 735, in app
    await route.handle(scope, receive, send)
  File "C:\Temp\pythonProject\backend_api\myenv\lib\site-packages\starlette\routing.py", line 288, in handle
    await self.app(scope, receive, send)
  File "C:\Temp\pythonProject\backend_api\myenv\lib\site-packages\starlette\routing.py", line 76, in app
    await wrap_app_handling_exceptions(app, request)(scope, receive, send)
  File "C:\Temp\pythonProject\backend_api\myenv\lib\site-packages\starlette\_exception_handler.py", line 62, in wrapped_app
    raise exc
  File "C:\Temp\pythonProject\backend_api\myenv\lib\site-packages\starlette\_exception_handler.py", line 51, in wrapped_app
    await app(scope, receive, sender)
  File "C:\Temp\pythonProject\backend_api\myenv\lib\site-packages\starlette\routing.py", line 74, in app
    await response(scope, receive, send)
  File "C:\Temp\pythonProject\backend_api\myenv\lib\site-packages\starlette\responses.py", line 156, in __call__
    await self.background()
  File "C:\Temp\pythonProject\backend_api\myenv\lib\site-packages\starlette\background.py", line 41, in __call__
    await task()
  File "C:\Temp\pythonProject\backend_api\myenv\lib\site-packages\starlette\background.py", line 26, in __call__
    await self.func(*self.args, **self.kwargs)
  File "C:\Temp\pythonProject\backend_api\main.py", line 1019, in process_task
    await async_update_activity(session_id)
  File "C:\Temp\pythonProject\backend_api\main.py", line 998, in async_update_activity
    loop = asyncio.get_running_loop()
NameError: name 'asyncio' is not defined
ERROR:uvicorn.error:Exception in ASGI application
Traceback (most recent call last):
  File "C:\Temp\pythonProject\backend_api\myenv\lib\site-packages\uvicorn\protocols\http\httptools_impl.py", line 409, in run_asgi
    result = await app(  # type: ignore[func-returns-value]
  File "C:\Temp\pythonProject\backend_api\myenv\lib\site-packages\uvicorn\middleware\proxy_headers.py", line 60, in __call__
    return await self.app(scope, receive, send)
  File "C:\Temp\pythonProject\backend_api\myenv\lib\site-packages\fastapi\applications.py", line 1054, in __call__
    await super().__call__(scope, receive, send)
  File "C:\Temp\pythonProject\backend_api\myenv\lib\site-packages\starlette\applications.py", line 113, in __call__
    await self.middleware_stack(scope, receive, send)
  File "C:\Temp\pythonProject\backend_api\myenv\lib\site-packages\starlette\middleware\errors.py", line 187, in __call__
    raise exc
  File "C:\Temp\pythonProject\backend_api\myenv\lib\site-packages\starlette\middleware\errors.py", line 165, in __call__
    await self.app(scope, receive, _send)
  File "C:\Temp\pythonProject\backend_api\myenv\lib\site-packages\starlette\middleware\cors.py", line 93, in __call__
    await self.simple_response(scope, receive, send, request_headers=headers)
  File "C:\Temp\pythonProject\backend_api\myenv\lib\site-packages\starlette\middleware\cors.py", line 144, in simple_response
    await self.app(scope, receive, send)
  File "C:\Temp\pythonProject\backend_api\myenv\lib\site-packages\starlette\middleware\exceptions.py", line 62, in __call__
    await wrap_app_handling_exceptions(self.app, conn)(scope, receive, send)
  File "C:\Temp\pythonProject\backend_api\myenv\lib\site-packages\starlette\_exception_handler.py", line 62, in wrapped_app
    raise exc
  File "C:\Temp\pythonProject\backend_api\myenv\lib\site-packages\starlette\_exception_handler.py", line 51, in wrapped_app
    await app(scope, receive, sender)
  File "C:\Temp\pythonProject\backend_api\myenv\lib\site-packages\starlette\routing.py", line 715, in __call__
    await self.middleware_stack(scope, receive, send)
  File "C:\Temp\pythonProject\backend_api\myenv\lib\site-packages\starlette\routing.py", line 735, in app
    await route.handle(scope, receive, send)
  File "C:\Temp\pythonProject\backend_api\myenv\lib\site-packages\starlette\routing.py", line 288, in handle
    await self.app(scope, receive, send)
  File "C:\Temp\pythonProject\backend_api\myenv\lib\site-packages\starlette\routing.py", line 76, in app
    await wrap_app_handling_exceptions(app, request)(scope, receive, send)
  File "C:\Temp\pythonProject\backend_api\myenv\lib\site-packages\starlette\_exception_handler.py", line 62, in wrapped_app
    raise exc
  File "C:\Temp\pythonProject\backend_api\myenv\lib\site-packages\starlette\_exception_handler.py", line 51, in wrapped_app
    await app(scope, receive, sender)
  File "C:\Temp\pythonProject\backend_api\myenv\lib\site-packages\starlette\routing.py", line 74, in app
    await response(scope, receive, send)
  File "C:\Temp\pythonProject\backend_api\myenv\lib\site-packages\starlette\responses.py", line 156, in __call__
    await self.background()
  File "C:\Temp\pythonProject\backend_api\myenv\lib\site-packages\starlette\background.py", line 41, in __call__
    await task()
  File "C:\Temp\pythonProject\backend_api\myenv\lib\site-packages\starlette\background.py", line 26, in __call__
    await self.func(*self.args, **self.kwargs)
  File "C:\Temp\pythonProject\backend_api\main.py", line 1019, in process_task
    await async_update_activity(session_id)
  File "C:\Temp\pythonProject\backend_api\main.py", line 998, in async_update_activity
    loop = asyncio.get_running_loop()
NameError: name 'asyncio' is not defined
WARNING:uvicorn.error:WatchFiles detected changes in 'main.py'. Reloading...
INFO:uvicorn.error:Shutting down
INFO:uvicorn.error:Waiting for application shutdown.
INFO:uvicorn.error:Application shutdown complete.
INFO:uvicorn.error:Finished server process [38792]
INFO:uvicorn.error:Stopping reloader process [25768]
INFO:uvicorn.error:Will watch for changes in these directories: ['C:\\Temp\\pythonProject\\backend_api']
INFO:uvicorn.error:Uvicorn running on http://127.0.0.1:8000 (Press CTRL+C to quit)
INFO:uvicorn.error:Started reloader process [34800] using WatchFiles
INFO:uvicorn.error:Started server process [45524]
INFO:uvicorn.error:Waiting for application startup.
INFO:uvicorn.error:Application startup complete.
ERROR:uvicorn.error:Exception in ASGI application
Traceback (most recent call last):
  File "C:\Temp\pythonProject\backend_api\myenv\lib\site-packages\uvicorn\protocols\http\httptools_impl.py", line 409, in run_asgi
    result = await app(  # type: ignore[func-returns-value]
  File "C:\Temp\pythonProject\backend_api\myenv\lib\site-packages\uvicorn\middleware\proxy_headers.py", line 60, in __call__
    return await self.app(scope, receive, send)
  File "C:\Temp\pythonProject\backend_api\myenv\lib\site-packages\fastapi\applications.py", line 1054, in __call__
    await super().__call__(scope, receive, send)
  File "C:\Temp\pythonProject\backend_api\myenv\lib\site-packages\starlette\applications.py", line 113, in __call__
    await self.middleware_stack(scope, receive, send)
  File "C:\Temp\pythonProject\backend_api\myenv\lib\site-packages\starlette\middleware\errors.py", line 187, in __call__
    raise exc
  File "C:\Temp\pythonProject\backend_api\myenv\lib\site-packages\starlette\middleware\errors.py", line 165, in __call__
    await self.app(scope, receive, _send)
  File "C:\Temp\pythonProject\backend_api\myenv\lib\site-packages\starlette\middleware\cors.py", line 93, in __call__
    await self.simple_response(scope, receive, send, request_headers=headers)
  File "C:\Temp\pythonProject\backend_api\myenv\lib\site-packages\starlette\middleware\cors.py", line 144, in simple_response
    await self.app(scope, receive, send)
  File "C:\Temp\pythonProject\backend_api\myenv\lib\site-packages\starlette\middleware\exceptions.py", line 62, in __call__
    await wrap_app_handling_exceptions(self.app, conn)(scope, receive, send)
  File "C:\Temp\pythonProject\backend_api\myenv\lib\site-packages\starlette\_exception_handler.py", line 62, in wrapped_app
    raise exc
  File "C:\Temp\pythonProject\backend_api\myenv\lib\site-packages\starlette\_exception_handler.py", line 51, in wrapped_app
    await app(scope, receive, sender)
  File "C:\Temp\pythonProject\backend_api\myenv\lib\site-packages\starlette\routing.py", line 715, in __call__
    await self.middleware_stack(scope, receive, send)
  File "C:\Temp\pythonProject\backend_api\myenv\lib\site-packages\starlette\routing.py", line 735, in app
    await route.handle(scope, receive, send)
  File "C:\Temp\pythonProject\backend_api\myenv\lib\site-packages\starlette\routing.py", line 288, in handle
    await self.app(scope, receive, send)
  File "C:\Temp\pythonProject\backend_api\myenv\lib\site-packages\starlette\routing.py", line 76, in app
    await wrap_app_handling_exceptions(app, request)(scope, receive, send)
  File "C:\Temp\pythonProject\backend_api\myenv\lib\site-packages\starlette\_exception_handler.py", line 62, in wrapped_app
    raise exc
  File "C:\Temp\pythonProject\backend_api\myenv\lib\site-packages\starlette\_exception_handler.py", line 51, in wrapped_app
    await app(scope, receive, sender)
  File "C:\Temp\pythonProject\backend_api\myenv\lib\site-packages\starlette\routing.py", line 74, in app
    await response(scope, receive, send)
  File "C:\Temp\pythonProject\backend_api\myenv\lib\site-packages\starlette\responses.py", line 156, in __call__
    await self.background()
  File "C:\Temp\pythonProject\backend_api\myenv\lib\site-packages\starlette\background.py", line 41, in __call__
    await task()
  File "C:\Temp\pythonProject\backend_api\myenv\lib\site-packages\starlette\background.py", line 26, in __call__
    await self.func(*self.args, **self.kwargs)
  File "C:\Temp\pythonProject\backend_api\main.py", line 1051, in process_task
    await async_update_activity(session_id)
  File "C:\Temp\pythonProject\backend_api\main.py", line 1030, in async_update_activity
    loop = asyncio.get_running_loop()
NameError: name 'asyncio' is not defined
WARNING:uvicorn.error:WatchFiles detected changes in 'main.py'. Reloading...
INFO:uvicorn.error:Shutting down
INFO:uvicorn.error:Waiting for application shutdown.
INFO:uvicorn.error:Application shutdown complete.
INFO:uvicorn.error:Finished server process [45524]
WARNING:uvicorn.error:WatchFiles detected changes in 'main.py'. Reloading...
INFO:uvicorn.error:Started server process [5456]
INFO:uvicorn.error:Waiting for application startup.
INFO:uvicorn.error:Application startup complete.
ERROR:uvicorn.error:Exception in ASGI application
Traceback (most recent call last):
  File "C:\Temp\pythonProject\backend_api\myenv\lib\site-packages\uvicorn\protocols\http\httptools_impl.py", line 409, in run_asgi
    result = await app(  # type: ignore[func-returns-value]
  File "C:\Temp\pythonProject\backend_api\myenv\lib\site-packages\uvicorn\middleware\proxy_headers.py", line 60, in __call__
    return await self.app(scope, receive, send)
  File "C:\Temp\pythonProject\backend_api\myenv\lib\site-packages\fastapi\applications.py", line 1054, in __call__
    await super().__call__(scope, receive, send)
  File "C:\Temp\pythonProject\backend_api\myenv\lib\site-packages\starlette\applications.py", line 113, in __call__
    await self.middleware_stack(scope, receive, send)
  File "C:\Temp\pythonProject\backend_api\myenv\lib\site-packages\starlette\middleware\errors.py", line 187, in __call__
    raise exc
  File "C:\Temp\pythonProject\backend_api\myenv\lib\site-packages\starlette\middleware\errors.py", line 165, in __call__
    await self.app(scope, receive, _send)
  File "C:\Temp\pythonProject\backend_api\myenv\lib\site-packages\starlette\middleware\cors.py", line 93, in __call__
    await self.simple_response(scope, receive, send, request_headers=headers)
  File "C:\Temp\pythonProject\backend_api\myenv\lib\site-packages\starlette\middleware\cors.py", line 144, in simple_response
    await self.app(scope, receive, send)
  File "C:\Temp\pythonProject\backend_api\myenv\lib\site-packages\starlette\middleware\exceptions.py", line 62, in __call__
    await wrap_app_handling_exceptions(self.app, conn)(scope, receive, send)
  File "C:\Temp\pythonProject\backend_api\myenv\lib\site-packages\starlette\_exception_handler.py", line 62, in wrapped_app
    raise exc
  File "C:\Temp\pythonProject\backend_api\myenv\lib\site-packages\starlette\_exception_handler.py", line 51, in wrapped_app
    await app(scope, receive, sender)
  File "C:\Temp\pythonProject\backend_api\myenv\lib\site-packages\starlette\routing.py", line 715, in __call__
    await self.middleware_stack(scope, receive, send)
  File "C:\Temp\pythonProject\backend_api\myenv\lib\site-packages\starlette\routing.py", line 735, in app
    await route.handle(scope, receive, send)
  File "C:\Temp\pythonProject\backend_api\myenv\lib\site-packages\starlette\routing.py", line 288, in handle
    await self.app(scope, receive, send)
  File "C:\Temp\pythonProject\backend_api\myenv\lib\site-packages\starlette\routing.py", line 76, in app
    await wrap_app_handling_exceptions(app, request)(scope, receive, send)
  File "C:\Temp\pythonProject\backend_api\myenv\lib\site-packages\starlette\_exception_handler.py", line 62, in wrapped_app
    raise exc
  File "C:\Temp\pythonProject\backend_api\myenv\lib\site-packages\starlette\_exception_handler.py", line 51, in wrapped_app
    await app(scope, receive, sender)
  File "C:\Temp\pythonProject\backend_api\myenv\lib\site-packages\starlette\routing.py", line 74, in app
    await response(scope, receive, send)
  File "C:\Temp\pythonProject\backend_api\myenv\lib\site-packages\starlette\responses.py", line 156, in __call__
    await self.background()
  File "C:\Temp\pythonProject\backend_api\myenv\lib\site-packages\starlette\background.py", line 41, in __call__
    await task()
  File "C:\Temp\pythonProject\backend_api\myenv\lib\site-packages\starlette\background.py", line 26, in __call__
    await self.func(*self.args, **self.kwargs)
  File "C:\Temp\pythonProject\backend_api\main.py", line 1020, in process_task
    await async_update_activity(session_id)
  File "C:\Temp\pythonProject\backend_api\main.py", line 999, in async_update_activity
    loop = asyncio.get_running_loop()
NameError: name 'asyncio' is not defined
WARNING:uvicorn.error:WatchFiles detected changes in 'main.py'. Reloading...
INFO:uvicorn.error:Shutting down
INFO:uvicorn.error:Waiting for application shutdown.
INFO:uvicorn.error:Application shutdown complete.
INFO:uvicorn.error:Finished server process [5456]
WARNING:uvicorn.error:WatchFiles detected changes in 'main.py'. Reloading...
WARNING:uvicorn.error:WatchFiles detected changes in 'main.py'. Reloading...
WARNING:uvicorn.error:WatchFiles detected changes in 'main.py'. Reloading...
WARNING:uvicorn.error:WatchFiles detected changes in 'main.py'. Reloading...
WARNING:uvicorn.error:WatchFiles detected changes in 'main.py'. Reloading...
WARNING:uvicorn.error:WatchFiles detected changes in 'main.py'. Reloading...
WARNING:uvicorn.error:WatchFiles detected changes in 'main.py'. Reloading...
WARNING:uvicorn.error:WatchFiles detected changes in 'main.py'. Reloading...
INFO:uvicorn.error:Started server process [36576]
INFO:uvicorn.error:Waiting for application startup.
INFO:uvicorn.error:Application startup complete.
INFO:uvicorn.error:Shutting down
INFO:uvicorn.error:Waiting for application shutdown.
INFO:uvicorn.error:Application shutdown complete.
INFO:uvicorn.error:Finished server process [36576]
INFO:uvicorn.error:Will watch for changes in these directories: ['C:\\Temp\\pythonProject\\backend_api']
INFO:uvicorn.error:Uvicorn running on http://127.0.0.1:8000 (Press CTRL+C to quit)
INFO:uvicorn.error:Started reloader process [36772] using WatchFiles
INFO:uvicorn.error:Started server process [18708]
INFO:uvicorn.error:Waiting for application startup.
INFO:uvicorn.error:Application startup complete.
INFO:uvicorn.error:Shutting down
INFO:uvicorn.error:Finished server process [18708]
ERROR:uvicorn.error:Traceback (most recent call last):
  File "C:\Users\LynnCao\AppData\Local\Programs\Python\Python39\lib\asyncio\runners.py", line 44, in run
    return loop.run_until_complete(main)
  File "C:\Users\LynnCao\AppData\Local\Programs\Python\Python39\lib\asyncio\base_events.py", line 634, in run_until_complete
    self.run_forever()
  File "C:\Users\LynnCao\AppData\Local\Programs\Python\Python39\lib\asyncio\base_events.py", line 601, in run_forever
    self._run_once()
  File "C:\Users\LynnCao\AppData\Local\Programs\Python\Python39\lib\asyncio\base_events.py", line 1905, in _run_once
    handle._run()
  File "C:\Users\LynnCao\AppData\Local\Programs\Python\Python39\lib\asyncio\events.py", line 80, in _run
    self._context.run(self._callback, *self._args)
  File "C:\Temp\pythonProject\backend_api\myenv\lib\site-packages\uvicorn\server.py", line 71, in serve
    await self._serve(sockets)
  File "C:\Users\LynnCao\AppData\Local\Programs\Python\Python39\lib\contextlib.py", line 126, in __exit__
    next(self.gen)
  File "C:\Temp\pythonProject\backend_api\myenv\lib\site-packages\uvicorn\server.py", line 331, in capture_signals
    signal.raise_signal(captured_signal)
KeyboardInterrupt

During handling of the above exception, another exception occurred:

Traceback (most recent call last):
  File "C:\Temp\pythonProject\backend_api\myenv\lib\site-packages\starlette\routing.py", line 700, in lifespan
    await receive()
  File "C:\Temp\pythonProject\backend_api\myenv\lib\site-packages\uvicorn\lifespan\on.py", line 137, in receive
    return await self.receive_queue.get()
  File "C:\Users\LynnCao\AppData\Local\Programs\Python\Python39\lib\asyncio\queues.py", line 166, in get
    await getter
asyncio.exceptions.CancelledError

INFO:uvicorn.error:Stopping reloader process [36772]
INFO:uvicorn.error:Will watch for changes in these directories: ['C:\\Temp\\pythonProject\\backend_api']
INFO:uvicorn.error:Uvicorn running on http://127.0.0.1:8000 (Press CTRL+C to quit)
INFO:uvicorn.error:Started reloader process [15292] using WatchFiles
INFO:uvicorn.error:Started server process [40936]
INFO:uvicorn.error:Waiting for application startup.
INFO:uvicorn.error:Application startup complete.
INFO:uvicorn.error:Shutting down
INFO:uvicorn.error:Waiting for application shutdown.
INFO:uvicorn.error:Application shutdown complete.
INFO:uvicorn.error:Finished server process [40936]
INFO:uvicorn.error:Stopping reloader process [15292]
INFO:uvicorn.error:Will watch for changes in these directories: ['C:\\Temp\\pythonProject\\backend_api']
INFO:uvicorn.error:Uvicorn running on http://127.0.0.1:8000 (Press CTRL+C to quit)
INFO:uvicorn.error:Started reloader process [16288] using WatchFiles
INFO:uvicorn.error:Started server process [5908]
INFO:uvicorn.error:Waiting for application startup.
INFO:uvicorn.error:Application startup complete.
ERROR:uvicorn.error:Exception in ASGI application
Traceback (most recent call last):
  File "C:\Temp\pythonProject\backend_api\myenv\lib\site-packages\uvicorn\protocols\http\httptools_impl.py", line 409, in run_asgi
    result = await app(  # type: ignore[func-returns-value]
  File "C:\Temp\pythonProject\backend_api\myenv\lib\site-packages\uvicorn\middleware\proxy_headers.py", line 60, in __call__
    return await self.app(scope, receive, send)
  File "C:\Temp\pythonProject\backend_api\myenv\lib\site-packages\fastapi\applications.py", line 1054, in __call__
    await super().__call__(scope, receive, send)
  File "C:\Temp\pythonProject\backend_api\myenv\lib\site-packages\starlette\applications.py", line 113, in __call__
    await self.middleware_stack(scope, receive, send)
  File "C:\Temp\pythonProject\backend_api\myenv\lib\site-packages\starlette\middleware\errors.py", line 187, in __call__
    raise exc
  File "C:\Temp\pythonProject\backend_api\myenv\lib\site-packages\starlette\middleware\errors.py", line 165, in __call__
    await self.app(scope, receive, _send)
  File "C:\Temp\pythonProject\backend_api\myenv\lib\site-packages\starlette\middleware\cors.py", line 85, in __call__
    await self.app(scope, receive, send)
  File "C:\Temp\pythonProject\backend_api\myenv\lib\site-packages\starlette\middleware\exceptions.py", line 62, in __call__
    await wrap_app_handling_exceptions(self.app, conn)(scope, receive, send)
  File "C:\Temp\pythonProject\backend_api\myenv\lib\site-packages\starlette\_exception_handler.py", line 62, in wrapped_app
    raise exc
  File "C:\Temp\pythonProject\backend_api\myenv\lib\site-packages\starlette\_exception_handler.py", line 51, in wrapped_app
    await app(scope, receive, sender)
  File "C:\Temp\pythonProject\backend_api\myenv\lib\site-packages\starlette\routing.py", line 715, in __call__
    await self.middleware_stack(scope, receive, send)
  File "C:\Temp\pythonProject\backend_api\myenv\lib\site-packages\starlette\routing.py", line 735, in app
    await route.handle(scope, receive, send)
  File "C:\Temp\pythonProject\backend_api\myenv\lib\site-packages\starlette\routing.py", line 288, in handle
    await self.app(scope, receive, send)
  File "C:\Temp\pythonProject\backend_api\myenv\lib\site-packages\starlette\routing.py", line 76, in app
    await wrap_app_handling_exceptions(app, request)(scope, receive, send)
  File "C:\Temp\pythonProject\backend_api\myenv\lib\site-packages\starlette\_exception_handler.py", line 62, in wrapped_app
    raise exc
  File "C:\Temp\pythonProject\backend_api\myenv\lib\site-packages\starlette\_exception_handler.py", line 51, in wrapped_app
    await app(scope, receive, sender)
  File "C:\Temp\pythonProject\backend_api\myenv\lib\site-packages\starlette\routing.py", line 73, in app
    response = await f(request)
  File "C:\Temp\pythonProject\backend_api\myenv\lib\site-packages\fastapi\routing.py", line 327, in app
    content = await serialize_response(
  File "C:\Temp\pythonProject\backend_api\myenv\lib\site-packages\fastapi\routing.py", line 181, in serialize_response
    return field.serialize(
  File "C:\Temp\pythonProject\backend_api\myenv\lib\site-packages\fastapi\_compat.py", line 149, in serialize
    return self._type_adapter.dump_python(
  File "C:\Temp\pythonProject\backend_api\myenv\lib\site-packages\pydantic\type_adapter.py", line 135, in wrapped
    return func(self, *args, **kwargs)
  File "C:\Temp\pythonProject\backend_api\myenv\lib\site-packages\pydantic\type_adapter.py", line 451, in dump_python
    return self.serializer.to_python(
pydantic_core._pydantic_core.PydanticSerializationError: Unable to serialize unknown type: <class 'numpy.ndarray'>
INFO:uvicorn.error:Shutting down
INFO:uvicorn.error:Finished server process [5908]
ERROR:uvicorn.error:Traceback (most recent call last):
  File "C:\Users\LynnCao\AppData\Local\Programs\Python\Python39\lib\asyncio\runners.py", line 44, in run
    return loop.run_until_complete(main)
  File "C:\Users\LynnCao\AppData\Local\Programs\Python\Python39\lib\asyncio\base_events.py", line 634, in run_until_complete
    self.run_forever()
  File "C:\Users\LynnCao\AppData\Local\Programs\Python\Python39\lib\asyncio\base_events.py", line 601, in run_forever
    self._run_once()
  File "C:\Users\LynnCao\AppData\Local\Programs\Python\Python39\lib\asyncio\base_events.py", line 1905, in _run_once
    handle._run()
  File "C:\Users\LynnCao\AppData\Local\Programs\Python\Python39\lib\asyncio\events.py", line 80, in _run
    self._context.run(self._callback, *self._args)
  File "C:\Temp\pythonProject\backend_api\myenv\lib\site-packages\uvicorn\server.py", line 71, in serve
    await self._serve(sockets)
  File "C:\Users\LynnCao\AppData\Local\Programs\Python\Python39\lib\contextlib.py", line 126, in __exit__
    next(self.gen)
  File "C:\Temp\pythonProject\backend_api\myenv\lib\site-packages\uvicorn\server.py", line 331, in capture_signals
    signal.raise_signal(captured_signal)
KeyboardInterrupt

During handling of the above exception, another exception occurred:

Traceback (most recent call last):
  File "C:\Temp\pythonProject\backend_api\myenv\lib\site-packages\starlette\routing.py", line 700, in lifespan
    await receive()
  File "C:\Temp\pythonProject\backend_api\myenv\lib\site-packages\uvicorn\lifespan\on.py", line 137, in receive
    return await self.receive_queue.get()
  File "C:\Users\LynnCao\AppData\Local\Programs\Python\Python39\lib\asyncio\queues.py", line 166, in get
    await getter
asyncio.exceptions.CancelledError

INFO:uvicorn.error:Stopping reloader process [16288]
INFO:uvicorn.error:Will watch for changes in these directories: ['C:\\Temp\\pythonProject\\backend_api']
INFO:uvicorn.error:Uvicorn running on http://127.0.0.1:8000 (Press CTRL+C to quit)
INFO:uvicorn.error:Started reloader process [16116] using WatchFiles
INFO:uvicorn.error:Started server process [22336]
INFO:uvicorn.error:Waiting for application startup.
INFO:uvicorn.error:Application startup complete.
ERROR:uvicorn.error:Exception in ASGI application
Traceback (most recent call last):
  File "C:\Temp\pythonProject\backend_api\myenv\lib\site-packages\uvicorn\protocols\http\httptools_impl.py", line 409, in run_asgi
    result = await app(  # type: ignore[func-returns-value]
  File "C:\Temp\pythonProject\backend_api\myenv\lib\site-packages\uvicorn\middleware\proxy_headers.py", line 60, in __call__
    return await self.app(scope, receive, send)
  File "C:\Temp\pythonProject\backend_api\myenv\lib\site-packages\fastapi\applications.py", line 1054, in __call__
    await super().__call__(scope, receive, send)
  File "C:\Temp\pythonProject\backend_api\myenv\lib\site-packages\starlette\applications.py", line 113, in __call__
    await self.middleware_stack(scope, receive, send)
  File "C:\Temp\pythonProject\backend_api\myenv\lib\site-packages\starlette\middleware\errors.py", line 187, in __call__
    raise exc
  File "C:\Temp\pythonProject\backend_api\myenv\lib\site-packages\starlette\middleware\errors.py", line 165, in __call__
    await self.app(scope, receive, _send)
  File "C:\Temp\pythonProject\backend_api\myenv\lib\site-packages\starlette\middleware\cors.py", line 93, in __call__
    await self.simple_response(scope, receive, send, request_headers=headers)
  File "C:\Temp\pythonProject\backend_api\myenv\lib\site-packages\starlette\middleware\cors.py", line 144, in simple_response
    await self.app(scope, receive, send)
  File "C:\Temp\pythonProject\backend_api\myenv\lib\site-packages\starlette\middleware\exceptions.py", line 62, in __call__
    await wrap_app_handling_exceptions(self.app, conn)(scope, receive, send)
  File "C:\Temp\pythonProject\backend_api\myenv\lib\site-packages\starlette\_exception_handler.py", line 62, in wrapped_app
    raise exc
  File "C:\Temp\pythonProject\backend_api\myenv\lib\site-packages\starlette\_exception_handler.py", line 51, in wrapped_app
    await app(scope, receive, sender)
  File "C:\Temp\pythonProject\backend_api\myenv\lib\site-packages\starlette\routing.py", line 715, in __call__
    await self.middleware_stack(scope, receive, send)
  File "C:\Temp\pythonProject\backend_api\myenv\lib\site-packages\starlette\routing.py", line 735, in app
    await route.handle(scope, receive, send)
  File "C:\Temp\pythonProject\backend_api\myenv\lib\site-packages\starlette\routing.py", line 288, in handle
    await self.app(scope, receive, send)
  File "C:\Temp\pythonProject\backend_api\myenv\lib\site-packages\starlette\routing.py", line 76, in app
    await wrap_app_handling_exceptions(app, request)(scope, receive, send)
  File "C:\Temp\pythonProject\backend_api\myenv\lib\site-packages\starlette\_exception_handler.py", line 62, in wrapped_app
    raise exc
  File "C:\Temp\pythonProject\backend_api\myenv\lib\site-packages\starlette\_exception_handler.py", line 51, in wrapped_app
    await app(scope, receive, sender)
  File "C:\Temp\pythonProject\backend_api\myenv\lib\site-packages\starlette\routing.py", line 74, in app
    await response(scope, receive, send)
  File "C:\Temp\pythonProject\backend_api\myenv\lib\site-packages\starlette\responses.py", line 156, in __call__
    await self.background()
  File "C:\Temp\pythonProject\backend_api\myenv\lib\site-packages\starlette\background.py", line 41, in __call__
    await task()
  File "C:\Temp\pythonProject\backend_api\myenv\lib\site-packages\starlette\background.py", line 26, in __call__
    await self.func(*self.args, **self.kwargs)
  File "C:\Temp\pythonProject\backend_api\main.py", line 981, in process_task
    shutil.rmtree(temp_dir)
  File "C:\Users\LynnCao\AppData\Local\Programs\Python\Python39\lib\shutil.py", line 759, in rmtree
    return _rmtree_unsafe(path, onerror)
  File "C:\Users\LynnCao\AppData\Local\Programs\Python\Python39\lib\shutil.py", line 629, in _rmtree_unsafe
    onerror(os.unlink, fullname, sys.exc_info())
  File "C:\Users\LynnCao\AppData\Local\Programs\Python\Python39\lib\shutil.py", line 627, in _rmtree_unsafe
    os.unlink(fullname)
PermissionError: [WinError 32] 另一个程序正在使用此文件，进程无法访问。: 'C:\\Users\\LynnCao\\AppData\\Local\\Temp\\tmpc5fbc6pu\\滴滴出行行程报销单A.pdf'
INFO:uvicorn.error:Shutting down
INFO:uvicorn.error:Waiting for application shutdown.
INFO:uvicorn.error:Application shutdown complete.
INFO:uvicorn.error:Finished server process [22336]
INFO:uvicorn.error:Stopping reloader process [16116]
INFO:uvicorn.error:Will watch for changes in these directories: ['C:\\Temp\\pythonProject\\backend_api']
INFO:uvicorn.error:Uvicorn running on http://127.0.0.1:8000 (Press CTRL+C to quit)
INFO:uvicorn.error:Started reloader process [14840] using WatchFiles
INFO:uvicorn.error:Started server process [18036]
INFO:uvicorn.error:Waiting for application startup.
INFO:uvicorn.error:Application startup complete.
WARNING:uvicorn.error:WatchFiles detected changes in 'main.py'. Reloading...
INFO:uvicorn.error:Shutting down
INFO:uvicorn.error:Waiting for application shutdown.
INFO:uvicorn.error:Application shutdown complete.
INFO:uvicorn.error:Finished server process [18036]
WARNING:uvicorn.error:WatchFiles detected changes in 'main.py'. Reloading...
INFO:uvicorn.error:Started server process [15840]
INFO:uvicorn.error:Waiting for application startup.
INFO:uvicorn.error:Application startup complete.
ERROR:uvicorn.error:Traceback (most recent call last):
  File "C:\Users\LynnCao\AppData\Local\Programs\Python\Python39\lib\asyncio\runners.py", line 44, in run
    return loop.run_until_complete(main)
  File "C:\Users\LynnCao\AppData\Local\Programs\Python\Python39\lib\asyncio\base_events.py", line 634, in run_until_complete
    self.run_forever()
  File "C:\Users\LynnCao\AppData\Local\Programs\Python\Python39\lib\asyncio\base_events.py", line 601, in run_forever
    self._run_once()
  File "C:\Users\LynnCao\AppData\Local\Programs\Python\Python39\lib\asyncio\base_events.py", line 1905, in _run_once
    handle._run()
  File "C:\Users\LynnCao\AppData\Local\Programs\Python\Python39\lib\asyncio\events.py", line 80, in _run
    self._context.run(self._callback, *self._args)
  File "C:\Temp\pythonProject\backend_api\myenv\lib\site-packages\uvicorn\server.py", line 71, in serve
    await self._serve(sockets)
  File "C:\Users\LynnCao\AppData\Local\Programs\Python\Python39\lib\contextlib.py", line 126, in __exit__
    next(self.gen)
  File "C:\Temp\pythonProject\backend_api\myenv\lib\site-packages\uvicorn\server.py", line 331, in capture_signals
    signal.raise_signal(captured_signal)
KeyboardInterrupt

During handling of the above exception, another exception occurred:

Traceback (most recent call last):
  File "C:\Temp\pythonProject\backend_api\myenv\lib\site-packages\starlette\routing.py", line 700, in lifespan
    await receive()
  File "C:\Temp\pythonProject\backend_api\myenv\lib\site-packages\uvicorn\lifespan\on.py", line 137, in receive
    return await self.receive_queue.get()
  File "C:\Users\LynnCao\AppData\Local\Programs\Python\Python39\lib\asyncio\queues.py", line 166, in get
    await getter
asyncio.exceptions.CancelledError

INFO:uvicorn.error:Started server process [13056]
INFO:uvicorn.error:Waiting for application startup.
INFO:uvicorn.error:Application startup complete.
INFO:uvicorn.error:Shutting down
INFO:uvicorn.error:Waiting for application shutdown.
INFO:uvicorn.error:Application shutdown complete.
INFO:uvicorn.error:Finished server process [13056]
INFO:uvicorn.error:Stopping reloader process [14840]
INFO:uvicorn.error:Will watch for changes in these directories: ['C:\\Temp\\pythonProject\\backend_api']
INFO:uvicorn.error:Uvicorn running on http://127.0.0.1:8000 (Press CTRL+C to quit)
INFO:uvicorn.error:Started reloader process [15180] using WatchFiles
INFO:uvicorn.error:Started server process [19704]
INFO:uvicorn.error:Waiting for application startup.
INFO:uvicorn.error:Application startup complete.
WARNING:uvicorn.error:WatchFiles detected changes in 'main.py'. Reloading...
INFO:uvicorn.error:Shutting down
INFO:uvicorn.error:Waiting for application shutdown.
INFO:uvicorn.error:Application shutdown complete.
INFO:uvicorn.error:Finished server process [19704]
INFO:uvicorn.error:Started server process [10636]
INFO:uvicorn.error:Waiting for application startup.
INFO:uvicorn.error:Application startup complete.
INFO:uvicorn.error:Shutting down
INFO:uvicorn.error:Waiting for application shutdown.
INFO:uvicorn.error:Application shutdown complete.
INFO:uvicorn.error:Finished server process [10636]
INFO:uvicorn.error:Stopping reloader process [15180]
INFO:uvicorn.error:Will watch for changes in these directories: ['C:\\Temp\\pythonProject\\backend_api']
INFO:uvicorn.error:Uvicorn running on http://127.0.0.1:8000 (Press CTRL+C to quit)
INFO:uvicorn.error:Started reloader process [2736] using WatchFiles
INFO:uvicorn.error:Started server process [20700]
INFO:uvicorn.error:Waiting for application startup.
INFO:uvicorn.error:Application startup complete.
INFO:uvicorn.error:Shutting down
INFO:uvicorn.error:Waiting for application shutdown.
INFO:uvicorn.error:Application shutdown complete.
INFO:uvicorn.error:Finished server process [20700]
INFO:uvicorn.error:Stopping reloader process [2736]
INFO:uvicorn.error:Will watch for changes in these directories: ['C:\\Temp\\pythonProject\\backend_api']
INFO:uvicorn.error:Uvicorn running on http://127.0.0.1:8000 (Press CTRL+C to quit)
INFO:uvicorn.error:Started reloader process [3724] using WatchFiles
INFO:uvicorn.error:Started server process [7380]
INFO:uvicorn.error:Waiting for application startup.
INFO:uvicorn.error:Application startup complete.
ERROR:uvicorn.error:Exception in ASGI application
Traceback (most recent call last):
  File "C:\Temp\pythonProject\backend_api\myenv\lib\site-packages\uvicorn\protocols\http\httptools_impl.py", line 409, in run_asgi
    result = await app(  # type: ignore[func-returns-value]
  File "C:\Temp\pythonProject\backend_api\myenv\lib\site-packages\uvicorn\middleware\proxy_headers.py", line 60, in __call__
    return await self.app(scope, receive, send)
  File "C:\Temp\pythonProject\backend_api\myenv\lib\site-packages\fastapi\applications.py", line 1054, in __call__
    await super().__call__(scope, receive, send)
  File "C:\Temp\pythonProject\backend_api\myenv\lib\site-packages\starlette\applications.py", line 113, in __call__
    await self.middleware_stack(scope, receive, send)
  File "C:\Temp\pythonProject\backend_api\myenv\lib\site-packages\starlette\middleware\errors.py", line 187, in __call__
    raise exc
  File "C:\Temp\pythonProject\backend_api\myenv\lib\site-packages\starlette\middleware\errors.py", line 165, in __call__
    await self.app(scope, receive, _send)
  File "C:\Temp\pythonProject\backend_api\myenv\lib\site-packages\starlette\middleware\cors.py", line 85, in __call__
    await self.app(scope, receive, send)
  File "C:\Temp\pythonProject\backend_api\myenv\lib\site-packages\starlette\middleware\exceptions.py", line 62, in __call__
    await wrap_app_handling_exceptions(self.app, conn)(scope, receive, send)
  File "C:\Temp\pythonProject\backend_api\myenv\lib\site-packages\starlette\_exception_handler.py", line 62, in wrapped_app
    raise exc
  File "C:\Temp\pythonProject\backend_api\myenv\lib\site-packages\starlette\_exception_handler.py", line 51, in wrapped_app
    await app(scope, receive, sender)
  File "C:\Temp\pythonProject\backend_api\myenv\lib\site-packages\starlette\routing.py", line 715, in __call__
    await self.middleware_stack(scope, receive, send)
  File "C:\Temp\pythonProject\backend_api\myenv\lib\site-packages\starlette\routing.py", line 735, in app
    await route.handle(scope, receive, send)
  File "C:\Temp\pythonProject\backend_api\myenv\lib\site-packages\starlette\routing.py", line 288, in handle
    await self.app(scope, receive, send)
  File "C:\Temp\pythonProject\backend_api\myenv\lib\site-packages\starlette\routing.py", line 76, in app
    await wrap_app_handling_exceptions(app, request)(scope, receive, send)
  File "C:\Temp\pythonProject\backend_api\myenv\lib\site-packages\starlette\_exception_handler.py", line 62, in wrapped_app
    raise exc
  File "C:\Temp\pythonProject\backend_api\myenv\lib\site-packages\starlette\_exception_handler.py", line 51, in wrapped_app
    await app(scope, receive, sender)
  File "C:\Temp\pythonProject\backend_api\myenv\lib\site-packages\starlette\routing.py", line 73, in app
    response = await f(request)
  File "C:\Temp\pythonProject\backend_api\myenv\lib\site-packages\fastapi\routing.py", line 327, in app
    content = await serialize_response(
  File "C:\Temp\pythonProject\backend_api\myenv\lib\site-packages\fastapi\routing.py", line 181, in serialize_response
    return field.serialize(
  File "C:\Temp\pythonProject\backend_api\myenv\lib\site-packages\fastapi\_compat.py", line 149, in serialize
    return self._type_adapter.dump_python(
  File "C:\Temp\pythonProject\backend_api\myenv\lib\site-packages\pydantic\type_adapter.py", line 135, in wrapped
    return func(self, *args, **kwargs)
  File "C:\Temp\pythonProject\backend_api\myenv\lib\site-packages\pydantic\type_adapter.py", line 451, in dump_python
    return self.serializer.to_python(
pydantic_core._pydantic_core.PydanticSerializationError: Unable to serialize unknown type: <class 'numpy.int64'>
WARNING:uvicorn.error:WatchFiles detected changes in 'main.py'. Reloading...
INFO:uvicorn.error:Shutting down
INFO:uvicorn.error:Waiting for application shutdown.
INFO:uvicorn.error:Application shutdown complete.
INFO:uvicorn.error:Finished server process [7380]
WARNING:uvicorn.error:WatchFiles detected changes in 'main.py'. Reloading...
INFO:uvicorn.error:Started server process [4788]
INFO:uvicorn.error:Waiting for application startup.
INFO:uvicorn.error:Application startup complete.
WARNING:uvicorn.error:WatchFiles detected changes in 'edge_detection.py'. Reloading...
INFO:uvicorn.error:Shutting down
INFO:uvicorn.error:Waiting for application shutdown.
INFO:uvicorn.error:Application shutdown complete.
INFO:uvicorn.error:Finished server process [4788]
WARNING:uvicorn.error:WatchFiles detected changes in 'edge_detection.py'. Reloading...
INFO:uvicorn.error:Started server process [18620]
INFO:uvicorn.error:Waiting for application startup.
INFO:uvicorn.error:Application startup complete.
INFO:uvicorn.error:Shutting down
INFO:uvicorn.error:Waiting for application shutdown.
INFO:uvicorn.error:Application shutdown complete.
INFO:uvicorn.error:Finished server process [18620]
INFO:uvicorn.error:Stopping reloader process [3724]
INFO:uvicorn.error:Will watch for changes in these directories: ['C:\\Temp\\pythonProject\\backend_api']
INFO:uvicorn.error:Uvicorn running on http://127.0.0.1:8000 (Press CTRL+C to quit)
INFO:uvicorn.error:Started reloader process [15788] using WatchFiles
INFO:uvicorn.error:Started server process [22216]
INFO:uvicorn.error:Waiting for application startup.
INFO:uvicorn.error:Application startup complete.
WARNING:uvicorn.error:WatchFiles detected changes in 'main.py'. Reloading...
INFO:uvicorn.error:Shutting down
INFO:uvicorn.error:Waiting for application shutdown.
INFO:uvicorn.error:Application shutdown complete.
INFO:uvicorn.error:Finished server process [22216]
INFO:uvicorn.error:Started server process [12584]
INFO:uvicorn.error:Waiting for application startup.
INFO:uvicorn.error:Application startup complete.
ERROR:uvicorn.error:Traceback (most recent call last):
  File "C:\Users\LynnCao\AppData\Local\Programs\Python\Python39\lib\asyncio\runners.py", line 44, in run
    return loop.run_until_complete(main)
  File "C:\Users\LynnCao\AppData\Local\Programs\Python\Python39\lib\asyncio\base_events.py", line 634, in run_until_complete
    self.run_forever()
  File "C:\Users\LynnCao\AppData\Local\Programs\Python\Python39\lib\asyncio\base_events.py", line 601, in run_forever
    self._run_once()
  File "C:\Users\LynnCao\AppData\Local\Programs\Python\Python39\lib\asyncio\base_events.py", line 1905, in _run_once
    handle._run()
  File "C:\Users\LynnCao\AppData\Local\Programs\Python\Python39\lib\asyncio\events.py", line 80, in _run
    self._context.run(self._callback, *self._args)
  File "C:\Temp\pythonProject\backend_api\myenv\lib\site-packages\uvicorn\server.py", line 71, in serve
    await self._serve(sockets)
  File "C:\Users\LynnCao\AppData\Local\Programs\Python\Python39\lib\contextlib.py", line 126, in __exit__
    next(self.gen)
  File "C:\Temp\pythonProject\backend_api\myenv\lib\site-packages\uvicorn\server.py", line 331, in capture_signals
    signal.raise_signal(captured_signal)
KeyboardInterrupt

During handling of the above exception, another exception occurred:

Traceback (most recent call last):
  File "C:\Temp\pythonProject\backend_api\myenv\lib\site-packages\starlette\routing.py", line 700, in lifespan
    await receive()
  File "C:\Temp\pythonProject\backend_api\myenv\lib\site-packages\uvicorn\lifespan\on.py", line 137, in receive
    return await self.receive_queue.get()
  File "C:\Users\LynnCao\AppData\Local\Programs\Python\Python39\lib\asyncio\queues.py", line 166, in get
    await getter
asyncio.exceptions.CancelledError

INFO:uvicorn.error:Stopping reloader process [15788]
INFO:uvicorn.error:Will watch for changes in these directories: ['C:\\Temp\\pythonProject\\backend_api']
INFO:uvicorn.error:Uvicorn running on http://127.0.0.1:8000 (Press CTRL+C to quit)
INFO:uvicorn.error:Started reloader process [21972] using WatchFiles
INFO:uvicorn.error:Started server process [14376]
INFO:uvicorn.error:Waiting for application startup.
INFO:uvicorn.error:Application startup complete.
ERROR:uvicorn.error:Exception in ASGI application
Traceback (most recent call last):
  File "C:\Temp\pythonProject\backend_api\myenv\lib\site-packages\uvicorn\protocols\http\httptools_impl.py", line 409, in run_asgi
    result = await app(  # type: ignore[func-returns-value]
  File "C:\Temp\pythonProject\backend_api\myenv\lib\site-packages\uvicorn\middleware\proxy_headers.py", line 60, in __call__
    return await self.app(scope, receive, send)
  File "C:\Temp\pythonProject\backend_api\myenv\lib\site-packages\fastapi\applications.py", line 1054, in __call__
    await super().__call__(scope, receive, send)
  File "C:\Temp\pythonProject\backend_api\myenv\lib\site-packages\starlette\applications.py", line 113, in __call__
    await self.middleware_stack(scope, receive, send)
  File "C:\Temp\pythonProject\backend_api\myenv\lib\site-packages\starlette\middleware\errors.py", line 187, in __call__
    raise exc
  File "C:\Temp\pythonProject\backend_api\myenv\lib\site-packages\starlette\middleware\errors.py", line 165, in __call__
    await self.app(scope, receive, _send)
  File "C:\Temp\pythonProject\backend_api\myenv\lib\site-packages\starlette\middleware\cors.py", line 93, in __call__
    await self.simple_response(scope, receive, send, request_headers=headers)
  File "C:\Temp\pythonProject\backend_api\myenv\lib\site-packages\starlette\middleware\cors.py", line 144, in simple_response
    await self.app(scope, receive, send)
  File "C:\Temp\pythonProject\backend_api\myenv\lib\site-packages\starlette\middleware\exceptions.py", line 62, in __call__
    await wrap_app_handling_exceptions(self.app, conn)(scope, receive, send)
  File "C:\Temp\pythonProject\backend_api\myenv\lib\site-packages\starlette\_exception_handler.py", line 62, in wrapped_app
    raise exc
  File "C:\Temp\pythonProject\backend_api\myenv\lib\site-packages\starlette\_exception_handler.py", line 51, in wrapped_app
    await app(scope, receive, sender)
  File "C:\Temp\pythonProject\backend_api\myenv\lib\site-packages\starlette\routing.py", line 715, in __call__
    await self.middleware_stack(scope, receive, send)
  File "C:\Temp\pythonProject\backend_api\myenv\lib\site-packages\starlette\routing.py", line 735, in app
    await route.handle(scope, receive, send)
  File "C:\Temp\pythonProject\backend_api\myenv\lib\site-packages\starlette\routing.py", line 288, in handle
    await self.app(scope, receive, send)
  File "C:\Temp\pythonProject\backend_api\myenv\lib\site-packages\starlette\routing.py", line 76, in app
    await wrap_app_handling_exceptions(app, request)(scope, receive, send)
  File "C:\Temp\pythonProject\backend_api\myenv\lib\site-packages\starlette\_exception_handler.py", line 62, in wrapped_app
    raise exc
  File "C:\Temp\pythonProject\backend_api\myenv\lib\site-packages\starlette\_exception_handler.py", line 51, in wrapped_app
    await app(scope, receive, sender)
  File "C:\Temp\pythonProject\backend_api\myenv\lib\site-packages\starlette\routing.py", line 73, in app
    response = await f(request)
  File "C:\Temp\pythonProject\backend_api\myenv\lib\site-packages\fastapi\routing.py", line 301, in app
    raw_response = await run_endpoint_function(
  File "C:\Temp\pythonProject\backend_api\myenv\lib\site-packages\fastapi\routing.py", line 212, in run_endpoint_function
    return await dependant.call(**values)
  File "C:\Temp\pythonProject\backend_api\main.py", line 1194, in echo_edge_filter_api
    task_store[session_id] = {
NameError: name 'task_store' is not defined
WARNING:uvicorn.error:WatchFiles detected changes in 'myenv\Lib\site-packages\uvicorn\protocols\http\httptools_impl.py', 'myenv\Lib\site-packages\uvicorn\middleware\proxy_headers.py'. Reloading...
INFO:uvicorn.error:Shutting down
INFO:uvicorn.error:Waiting for application shutdown.
INFO:uvicorn.error:Application shutdown complete.
INFO:uvicorn.error:Finished server process [14376]
INFO:uvicorn.error:Started server process [10180]
INFO:uvicorn.error:Waiting for application startup.
INFO:uvicorn.error:Application startup complete.
ERROR:uvicorn.error:Traceback (most recent call last):
  File "C:\Users\LynnCao\AppData\Local\Programs\Python\Python39\lib\asyncio\runners.py", line 44, in run
    return loop.run_until_complete(main)
  File "C:\Users\LynnCao\AppData\Local\Programs\Python\Python39\lib\asyncio\base_events.py", line 634, in run_until_complete
    self.run_forever()
  File "C:\Users\LynnCao\AppData\Local\Programs\Python\Python39\lib\asyncio\base_events.py", line 601, in run_forever
    self._run_once()
  File "C:\Users\LynnCao\AppData\Local\Programs\Python\Python39\lib\asyncio\base_events.py", line 1905, in _run_once
    handle._run()
  File "C:\Users\LynnCao\AppData\Local\Programs\Python\Python39\lib\asyncio\events.py", line 80, in _run
    self._context.run(self._callback, *self._args)
  File "C:\Temp\pythonProject\backend_api\myenv\lib\site-packages\uvicorn\server.py", line 71, in serve
    await self._serve(sockets)
  File "C:\Users\LynnCao\AppData\Local\Programs\Python\Python39\lib\contextlib.py", line 126, in __exit__
    next(self.gen)
  File "C:\Temp\pythonProject\backend_api\myenv\lib\site-packages\uvicorn\server.py", line 331, in capture_signals
    signal.raise_signal(captured_signal)
KeyboardInterrupt

During handling of the above exception, another exception occurred:

Traceback (most recent call last):
  File "C:\Temp\pythonProject\backend_api\myenv\lib\site-packages\starlette\routing.py", line 700, in lifespan
    await receive()
  File "C:\Temp\pythonProject\backend_api\myenv\lib\site-packages\uvicorn\lifespan\on.py", line 137, in receive
    return await self.receive_queue.get()
  File "C:\Users\LynnCao\AppData\Local\Programs\Python\Python39\lib\asyncio\queues.py", line 166, in get
    await getter
asyncio.exceptions.CancelledError

INFO:uvicorn.error:Stopping reloader process [21972]
INFO:uvicorn.error:Will watch for changes in these directories: ['C:\\Temp\\pythonProject\\backend_api']
INFO:uvicorn.error:Uvicorn running on http://127.0.0.1:8000 (Press CTRL+C to quit)
INFO:uvicorn.error:Started reloader process [20424] using WatchFiles
INFO:uvicorn.error:Started server process [22256]
INFO:uvicorn.error:Waiting for application startup.
INFO:uvicorn.error:Application startup complete.
INFO:uvicorn.error:Shutting down
INFO:uvicorn.error:Finished server process [22256]
ERROR:uvicorn.error:Traceback (most recent call last):
  File "C:\Users\LynnCao\AppData\Local\Programs\Python\Python39\lib\asyncio\runners.py", line 44, in run
    return loop.run_until_complete(main)
  File "C:\Users\LynnCao\AppData\Local\Programs\Python\Python39\lib\asyncio\base_events.py", line 634, in run_until_complete
    self.run_forever()
  File "C:\Users\LynnCao\AppData\Local\Programs\Python\Python39\lib\asyncio\base_events.py", line 601, in run_forever
    self._run_once()
  File "C:\Users\LynnCao\AppData\Local\Programs\Python\Python39\lib\asyncio\base_events.py", line 1905, in _run_once
    handle._run()
  File "C:\Users\LynnCao\AppData\Local\Programs\Python\Python39\lib\asyncio\events.py", line 80, in _run
    self._context.run(self._callback, *self._args)
  File "C:\Temp\pythonProject\backend_api\myenv\lib\site-packages\uvicorn\server.py", line 71, in serve
    await self._serve(sockets)
  File "C:\Users\LynnCao\AppData\Local\Programs\Python\Python39\lib\contextlib.py", line 126, in __exit__
    next(self.gen)
  File "C:\Temp\pythonProject\backend_api\myenv\lib\site-packages\uvicorn\server.py", line 331, in capture_signals
    signal.raise_signal(captured_signal)
KeyboardInterrupt

During handling of the above exception, another exception occurred:

Traceback (most recent call last):
  File "C:\Temp\pythonProject\backend_api\myenv\lib\site-packages\starlette\routing.py", line 700, in lifespan
    await receive()
  File "C:\Temp\pythonProject\backend_api\myenv\lib\site-packages\uvicorn\lifespan\on.py", line 137, in receive
    return await self.receive_queue.get()
  File "C:\Users\LynnCao\AppData\Local\Programs\Python\Python39\lib\asyncio\queues.py", line 166, in get
    await getter
asyncio.exceptions.CancelledError

INFO:uvicorn.error:Stopping reloader process [20424]
INFO:uvicorn.error:Will watch for changes in these directories: ['C:\\Temp\\pythonProject\\backend_api']
INFO:uvicorn.error:Uvicorn running on http://127.0.0.1:8000 (Press CTRL+C to quit)
INFO:uvicorn.error:Started reloader process [2788] using WatchFiles
INFO:uvicorn.error:Started server process [12368]
INFO:uvicorn.error:Waiting for application startup.
INFO:uvicorn.error:Application startup complete.
ERROR:uvicorn.error:Exception in ASGI application
Traceback (most recent call last):
  File "C:\Temp\pythonProject\backend_api\myenv\lib\site-packages\uvicorn\protocols\http\httptools_impl.py", line 409, in run_asgi
    result = await app(  # type: ignore[func-returns-value]
  File "C:\Temp\pythonProject\backend_api\myenv\lib\site-packages\uvicorn\middleware\proxy_headers.py", line 60, in __call__
    return await self.app(scope, receive, send)
  File "C:\Temp\pythonProject\backend_api\myenv\lib\site-packages\fastapi\applications.py", line 1054, in __call__
    await super().__call__(scope, receive, send)
  File "C:\Temp\pythonProject\backend_api\myenv\lib\site-packages\starlette\applications.py", line 113, in __call__
    await self.middleware_stack(scope, receive, send)
  File "C:\Temp\pythonProject\backend_api\myenv\lib\site-packages\starlette\middleware\errors.py", line 187, in __call__
    raise exc
  File "C:\Temp\pythonProject\backend_api\myenv\lib\site-packages\starlette\middleware\errors.py", line 165, in __call__
    await self.app(scope, receive, _send)
  File "C:\Temp\pythonProject\backend_api\myenv\lib\site-packages\starlette\middleware\cors.py", line 93, in __call__
    await self.simple_response(scope, receive, send, request_headers=headers)
  File "C:\Temp\pythonProject\backend_api\myenv\lib\site-packages\starlette\middleware\cors.py", line 144, in simple_response
    await self.app(scope, receive, send)
  File "C:\Temp\pythonProject\backend_api\myenv\lib\site-packages\starlette\middleware\exceptions.py", line 62, in __call__
    await wrap_app_handling_exceptions(self.app, conn)(scope, receive, send)
  File "C:\Temp\pythonProject\backend_api\myenv\lib\site-packages\starlette\_exception_handler.py", line 62, in wrapped_app
    raise exc
  File "C:\Temp\pythonProject\backend_api\myenv\lib\site-packages\starlette\_exception_handler.py", line 51, in wrapped_app
    await app(scope, receive, sender)
  File "C:\Temp\pythonProject\backend_api\myenv\lib\site-packages\starlette\routing.py", line 715, in __call__
    await self.middleware_stack(scope, receive, send)
  File "C:\Temp\pythonProject\backend_api\myenv\lib\site-packages\starlette\routing.py", line 735, in app
    await route.handle(scope, receive, send)
  File "C:\Temp\pythonProject\backend_api\myenv\lib\site-packages\starlette\routing.py", line 288, in handle
    await self.app(scope, receive, send)
  File "C:\Temp\pythonProject\backend_api\myenv\lib\site-packages\starlette\routing.py", line 76, in app
    await wrap_app_handling_exceptions(app, request)(scope, receive, send)
  File "C:\Temp\pythonProject\backend_api\myenv\lib\site-packages\starlette\_exception_handler.py", line 62, in wrapped_app
    raise exc
  File "C:\Temp\pythonProject\backend_api\myenv\lib\site-packages\starlette\_exception_handler.py", line 51, in wrapped_app
    await app(scope, receive, sender)
  File "C:\Temp\pythonProject\backend_api\myenv\lib\site-packages\starlette\routing.py", line 74, in app
    await response(scope, receive, send)
  File "C:\Temp\pythonProject\backend_api\myenv\lib\site-packages\starlette\responses.py", line 156, in __call__
    await self.background()
  File "C:\Temp\pythonProject\backend_api\myenv\lib\site-packages\starlette\background.py", line 41, in __call__
    await task()
  File "C:\Temp\pythonProject\backend_api\myenv\lib\site-packages\starlette\background.py", line 26, in __call__
    await self.func(*self.args, **self.kwargs)
  File "C:\Temp\pythonProject\backend_api\main.py", line 895, in run
    with ThreadPoolExecutor() as executor:
NameError: name 'ThreadPoolExecutor' is not defined
INFO:uvicorn.error:Shutting down
INFO:uvicorn.error:Waiting for application shutdown.
INFO:uvicorn.error:Application shutdown complete.
INFO:uvicorn.error:Finished server process [12368]
INFO:uvicorn.error:Stopping reloader process [2788]
INFO:uvicorn.error:Will watch for changes in these directories: ['C:\\Temp\\pythonProject\\backend_api']
INFO:uvicorn.error:Uvicorn running on http://127.0.0.1:8000 (Press CTRL+C to quit)
INFO:uvicorn.error:Started reloader process [18056] using WatchFiles
INFO:uvicorn.error:Started server process [2076]
INFO:uvicorn.error:Waiting for application startup.
INFO:uvicorn.error:Application startup complete.
WARNING:uvicorn.error:WatchFiles detected changes in 'main.py'. Reloading...
INFO:uvicorn.error:Shutting down
INFO:uvicorn.error:Waiting for application shutdown.
INFO:uvicorn.error:Application shutdown complete.
INFO:uvicorn.error:Finished server process [2076]
INFO:uvicorn.error:Started server process [1560]
INFO:uvicorn.error:Waiting for application startup.
INFO:uvicorn.error:Application startup complete.
WARNING:uvicorn.error:WatchFiles detected changes in 'main.py'. Reloading...
INFO:uvicorn.error:Shutting down
INFO:uvicorn.error:Waiting for application shutdown.
INFO:uvicorn.error:Application shutdown complete.
INFO:uvicorn.error:Finished server process [1560]
INFO:uvicorn.error:Started server process [11560]
INFO:uvicorn.error:Waiting for application startup.
INFO:uvicorn.error:Application startup complete.
WARNING:uvicorn.error:WatchFiles detected changes in 'main.py'. Reloading...
INFO:uvicorn.error:Shutting down
INFO:uvicorn.error:Waiting for application shutdown.
INFO:uvicorn.error:Application shutdown complete.
INFO:uvicorn.error:Finished server process [11560]
INFO:uvicorn.error:Started server process [216]
INFO:uvicorn.error:Waiting for application startup.
INFO:uvicorn.error:Application startup complete.
WARNING:uvicorn.error:WatchFiles detected changes in 'main.py'. Reloading...
INFO:uvicorn.error:Shutting down
INFO:uvicorn.error:Waiting for application shutdown.
INFO:uvicorn.error:Application shutdown complete.
INFO:uvicorn.error:Finished server process [216]
INFO:uvicorn.error:Stopping reloader process [18056]
INFO:uvicorn.error:Will watch for changes in these directories: ['C:\\Temp\\pythonProject\\backend_api']
INFO:uvicorn.error:Uvicorn running on http://127.0.0.1:8000 (Press CTRL+C to quit)
INFO:uvicorn.error:Started reloader process [12184] using WatchFiles
INFO:uvicorn.error:Started server process [22492]
INFO:uvicorn.error:Waiting for application startup.
INFO:uvicorn.error:Application startup complete.
INFO:uvicorn.error:Shutting down
INFO:uvicorn.error:Waiting for application shutdown.
INFO:uvicorn.error:Application shutdown complete.
INFO:uvicorn.error:Finished server process [22492]
INFO:uvicorn.error:Stopping reloader process [12184]
INFO:uvicorn.error:Will watch for changes in these directories: ['C:\\Temp\\pythonProject\\backend_api']
INFO:uvicorn.error:Uvicorn running on http://127.0.0.1:8000 (Press CTRL+C to quit)
INFO:uvicorn.error:Started reloader process [12168] using WatchFiles
INFO:uvicorn.error:Started server process [19540]
INFO:uvicorn.error:Waiting for application startup.
INFO:uvicorn.error:Application startup complete.
WARNING:uvicorn.error:WatchFiles detected changes in 'main.py'. Reloading...
INFO:uvicorn.error:Shutting down
INFO:uvicorn.error:Waiting for application shutdown.
INFO:uvicorn.error:Application shutdown complete.
INFO:uvicorn.error:Finished server process [19540]
INFO:uvicorn.error:Started server process [21816]
INFO:uvicorn.error:Waiting for application startup.
INFO:uvicorn.error:Application startup complete.
WARNING:uvicorn.error:WatchFiles detected changes in 'main.py'. Reloading...
INFO:uvicorn.error:Shutting down
INFO:uvicorn.error:Waiting for application shutdown.
INFO:uvicorn.error:Application shutdown complete.
INFO:uvicorn.error:Finished server process [21816]
INFO:uvicorn.error:Started server process [11448]
INFO:uvicorn.error:Waiting for application startup.
INFO:uvicorn.error:Application startup complete.
INFO:uvicorn.error:Shutting down
INFO:uvicorn.error:Waiting for application shutdown.
INFO:uvicorn.error:Application shutdown complete.
INFO:uvicorn.error:Finished server process [11448]
INFO:uvicorn.error:Stopping reloader process [12168]
INFO:uvicorn.error:Will watch for changes in these directories: ['C:\\Temp\\pythonProject\\backend_api']
INFO:uvicorn.error:Uvicorn running on http://127.0.0.1:8000 (Press CTRL+C to quit)
INFO:uvicorn.error:Started reloader process [5408] using WatchFiles
INFO:uvicorn.error:Started server process [20788]
INFO:uvicorn.error:Waiting for application startup.
INFO:uvicorn.error:Application startup complete.
WARNING:uvicorn.error:WatchFiles detected changes in 'main.py'. Reloading...
INFO:uvicorn.error:Shutting down
INFO:uvicorn.error:Waiting for application shutdown.
INFO:uvicorn.error:Application shutdown complete.
INFO:uvicorn.error:Finished server process [20788]
INFO:uvicorn.error:Started server process [22596]
INFO:uvicorn.error:Waiting for application startup.
INFO:uvicorn.error:Application startup complete.
WARNING:uvicorn.error:WatchFiles detected changes in 'main.py'. Reloading...
INFO:uvicorn.error:Shutting down
INFO:uvicorn.error:Waiting for application shutdown.
INFO:uvicorn.error:Application shutdown complete.
INFO:uvicorn.error:Finished server process [22596]
INFO:uvicorn.error:Started server process [8360]
INFO:uvicorn.error:Waiting for application startup.
INFO:uvicorn.error:Application startup complete.
WARNING:uvicorn.error:WatchFiles detected changes in 'main.py'. Reloading...
INFO:uvicorn.error:Shutting down
INFO:uvicorn.error:Waiting for application shutdown.
INFO:uvicorn.error:Application shutdown complete.
INFO:uvicorn.error:Finished server process [8360]
INFO:uvicorn.error:Started server process [12400]
INFO:uvicorn.error:Waiting for application startup.
INFO:uvicorn.error:Application startup complete.
ERROR:uvicorn.error:Traceback (most recent call last):
  File "C:\Users\LynnCao\AppData\Local\Programs\Python\Python39\lib\asyncio\runners.py", line 44, in run
    return loop.run_until_complete(main)
  File "C:\Users\LynnCao\AppData\Local\Programs\Python\Python39\lib\asyncio\base_events.py", line 634, in run_until_complete
    self.run_forever()
  File "C:\Users\LynnCao\AppData\Local\Programs\Python\Python39\lib\asyncio\base_events.py", line 601, in run_forever
    self._run_once()
  File "C:\Users\LynnCao\AppData\Local\Programs\Python\Python39\lib\asyncio\base_events.py", line 1905, in _run_once
    handle._run()
  File "C:\Users\LynnCao\AppData\Local\Programs\Python\Python39\lib\asyncio\events.py", line 80, in _run
    self._context.run(self._callback, *self._args)
  File "C:\Temp\pythonProject\backend_api\myenv\lib\site-packages\uvicorn\server.py", line 71, in serve
    await self._serve(sockets)
  File "C:\Users\LynnCao\AppData\Local\Programs\Python\Python39\lib\contextlib.py", line 126, in __exit__
    next(self.gen)
  File "C:\Temp\pythonProject\backend_api\myenv\lib\site-packages\uvicorn\server.py", line 331, in capture_signals
    signal.raise_signal(captured_signal)
KeyboardInterrupt

During handling of the above exception, another exception occurred:

Traceback (most recent call last):
  File "C:\Temp\pythonProject\backend_api\myenv\lib\site-packages\starlette\routing.py", line 700, in lifespan
    await receive()
  File "C:\Temp\pythonProject\backend_api\myenv\lib\site-packages\uvicorn\lifespan\on.py", line 137, in receive
    return await self.receive_queue.get()
  File "C:\Users\LynnCao\AppData\Local\Programs\Python\Python39\lib\asyncio\queues.py", line 166, in get
    await getter
asyncio.exceptions.CancelledError

INFO:uvicorn.error:Stopping reloader process [5408]
INFO:uvicorn.error:Will watch for changes in these directories: ['C:\\Temp\\pythonProject\\backend_api']
INFO:uvicorn.error:Uvicorn running on http://127.0.0.1:8000 (Press CTRL+C to quit)
INFO:uvicorn.error:Started reloader process [2592] using WatchFiles
INFO:uvicorn.error:Started server process [22836]
INFO:uvicorn.error:Waiting for application startup.
INFO:uvicorn.error:Application startup complete.
WARNING:uvicorn.error:WatchFiles detected changes in 'main.py'. Reloading...
INFO:uvicorn.error:Shutting down
INFO:uvicorn.error:Waiting for application shutdown.
INFO:uvicorn.error:Application shutdown complete.
INFO:uvicorn.error:Finished server process [22836]
INFO:uvicorn.error:Started server process [12108]
INFO:uvicorn.error:Waiting for application startup.
INFO:uvicorn.error:Application startup complete.
WARNING:uvicorn.error:WatchFiles detected changes in 'main.py'. Reloading...
INFO:uvicorn.error:Shutting down
INFO:uvicorn.error:Waiting for application shutdown.
INFO:uvicorn.error:Application shutdown complete.
INFO:uvicorn.error:Finished server process [12108]
INFO:uvicorn.error:Started server process [852]
INFO:uvicorn.error:Waiting for application startup.
INFO:uvicorn.error:Application startup complete.
WARNING:uvicorn.error:WatchFiles detected changes in 'main.py'. Reloading...
INFO:uvicorn.error:Shutting down
INFO:uvicorn.error:Waiting for application shutdown.
INFO:uvicorn.error:Application shutdown complete.
INFO:uvicorn.error:Finished server process [852]
WARNING:uvicorn.error:WatchFiles detected changes in 'main.py'. Reloading...
WARNING:uvicorn.error:WatchFiles detected changes in 'main.py'. Reloading...
WARNING:uvicorn.error:WatchFiles detected changes in 'main.py'. Reloading...
INFO:uvicorn.error:Started server process [21292]
INFO:uvicorn.error:Waiting for application startup.
INFO:uvicorn.error:Application startup complete.
ERROR:uvicorn.error:Traceback (most recent call last):
  File "C:\Users\LynnCao\AppData\Local\Programs\Python\Python39\lib\asyncio\runners.py", line 44, in run
    return loop.run_until_complete(main)
  File "C:\Users\LynnCao\AppData\Local\Programs\Python\Python39\lib\asyncio\base_events.py", line 634, in run_until_complete
    self.run_forever()
  File "C:\Users\LynnCao\AppData\Local\Programs\Python\Python39\lib\asyncio\base_events.py", line 601, in run_forever
    self._run_once()
  File "C:\Users\LynnCao\AppData\Local\Programs\Python\Python39\lib\asyncio\base_events.py", line 1905, in _run_once
    handle._run()
  File "C:\Users\LynnCao\AppData\Local\Programs\Python\Python39\lib\asyncio\events.py", line 80, in _run
    self._context.run(self._callback, *self._args)
  File "C:\Temp\pythonProject\backend_api\myenv\lib\site-packages\uvicorn\server.py", line 71, in serve
    await self._serve(sockets)
  File "C:\Users\LynnCao\AppData\Local\Programs\Python\Python39\lib\contextlib.py", line 126, in __exit__
    next(self.gen)
  File "C:\Temp\pythonProject\backend_api\myenv\lib\site-packages\uvicorn\server.py", line 331, in capture_signals
    signal.raise_signal(captured_signal)
KeyboardInterrupt

During handling of the above exception, another exception occurred:

Traceback (most recent call last):
  File "C:\Temp\pythonProject\backend_api\myenv\lib\site-packages\starlette\routing.py", line 700, in lifespan
    await receive()
  File "C:\Temp\pythonProject\backend_api\myenv\lib\site-packages\uvicorn\lifespan\on.py", line 137, in receive
    return await self.receive_queue.get()
  File "C:\Users\LynnCao\AppData\Local\Programs\Python\Python39\lib\asyncio\queues.py", line 166, in get
    await getter
asyncio.exceptions.CancelledError

INFO:uvicorn.error:Started server process [10608]
INFO:uvicorn.error:Waiting for application startup.
INFO:uvicorn.error:Application startup complete.
WARNING:uvicorn.error:WatchFiles detected changes in 'main.py'. Reloading...
INFO:uvicorn.error:Shutting down
INFO:uvicorn.error:Waiting for application shutdown.
INFO:uvicorn.error:Application shutdown complete.
INFO:uvicorn.error:Finished server process [10608]
INFO:uvicorn.error:Started server process [15700]
INFO:uvicorn.error:Waiting for application startup.
INFO:uvicorn.error:Application startup complete.
WARNING:uvicorn.error:WatchFiles detected changes in 'main.py'. Reloading...
INFO:uvicorn.error:Shutting down
INFO:uvicorn.error:Waiting for application shutdown.
INFO:uvicorn.error:Application shutdown complete.
INFO:uvicorn.error:Finished server process [15700]
WARNING:uvicorn.error:WatchFiles detected changes in 'main.py'. Reloading...
INFO:uvicorn.error:Started server process [692]
INFO:uvicorn.error:Waiting for application startup.
INFO:uvicorn.error:Application startup complete.
ERROR:uvicorn.error:Traceback (most recent call last):
  File "C:\Users\LynnCao\AppData\Local\Programs\Python\Python39\lib\asyncio\runners.py", line 44, in run
    return loop.run_until_complete(main)
  File "C:\Users\LynnCao\AppData\Local\Programs\Python\Python39\lib\asyncio\base_events.py", line 634, in run_until_complete
    self.run_forever()
  File "C:\Users\LynnCao\AppData\Local\Programs\Python\Python39\lib\asyncio\base_events.py", line 601, in run_forever
    self._run_once()
  File "C:\Users\LynnCao\AppData\Local\Programs\Python\Python39\lib\asyncio\base_events.py", line 1905, in _run_once
    handle._run()
  File "C:\Users\LynnCao\AppData\Local\Programs\Python\Python39\lib\asyncio\events.py", line 80, in _run
    self._context.run(self._callback, *self._args)
  File "C:\Temp\pythonProject\backend_api\myenv\lib\site-packages\uvicorn\server.py", line 71, in serve
    await self._serve(sockets)
  File "C:\Users\LynnCao\AppData\Local\Programs\Python\Python39\lib\contextlib.py", line 126, in __exit__
    next(self.gen)
  File "C:\Temp\pythonProject\backend_api\myenv\lib\site-packages\uvicorn\server.py", line 331, in capture_signals
    signal.raise_signal(captured_signal)
KeyboardInterrupt

During handling of the above exception, another exception occurred:

Traceback (most recent call last):
  File "C:\Temp\pythonProject\backend_api\myenv\lib\site-packages\starlette\routing.py", line 700, in lifespan
    await receive()
  File "C:\Temp\pythonProject\backend_api\myenv\lib\site-packages\uvicorn\lifespan\on.py", line 137, in receive
    return await self.receive_queue.get()
  File "C:\Users\LynnCao\AppData\Local\Programs\Python\Python39\lib\asyncio\queues.py", line 166, in get
    await getter
asyncio.exceptions.CancelledError

INFO:uvicorn.error:Started server process [4412]
INFO:uvicorn.error:Waiting for application startup.
INFO:uvicorn.error:Application startup complete.
ERROR:uvicorn.error:Exception in ASGI application
Traceback (most recent call last):
  File "C:\Temp\pythonProject\backend_api\myenv\lib\site-packages\uvicorn\protocols\http\httptools_impl.py", line 409, in run_asgi
    result = await app(  # type: ignore[func-returns-value]
  File "C:\Temp\pythonProject\backend_api\myenv\lib\site-packages\uvicorn\middleware\proxy_headers.py", line 60, in __call__
    return await self.app(scope, receive, send)
  File "C:\Temp\pythonProject\backend_api\myenv\lib\site-packages\fastapi\applications.py", line 1054, in __call__
    await super().__call__(scope, receive, send)
  File "C:\Temp\pythonProject\backend_api\myenv\lib\site-packages\starlette\applications.py", line 113, in __call__
    await self.middleware_stack(scope, receive, send)
  File "C:\Temp\pythonProject\backend_api\myenv\lib\site-packages\starlette\middleware\errors.py", line 187, in __call__
    raise exc
  File "C:\Temp\pythonProject\backend_api\myenv\lib\site-packages\starlette\middleware\errors.py", line 165, in __call__
    await self.app(scope, receive, _send)
  File "C:\Temp\pythonProject\backend_api\myenv\lib\site-packages\starlette\middleware\cors.py", line 93, in __call__
    await self.simple_response(scope, receive, send, request_headers=headers)
  File "C:\Temp\pythonProject\backend_api\myenv\lib\site-packages\starlette\middleware\cors.py", line 144, in simple_response
    await self.app(scope, receive, send)
  File "C:\Temp\pythonProject\backend_api\myenv\lib\site-packages\starlette\middleware\exceptions.py", line 62, in __call__
    await wrap_app_handling_exceptions(self.app, conn)(scope, receive, send)
  File "C:\Temp\pythonProject\backend_api\myenv\lib\site-packages\starlette\_exception_handler.py", line 62, in wrapped_app
    raise exc
  File "C:\Temp\pythonProject\backend_api\myenv\lib\site-packages\starlette\_exception_handler.py", line 51, in wrapped_app
    await app(scope, receive, sender)
  File "C:\Temp\pythonProject\backend_api\myenv\lib\site-packages\starlette\routing.py", line 715, in __call__
    await self.middleware_stack(scope, receive, send)
  File "C:\Temp\pythonProject\backend_api\myenv\lib\site-packages\starlette\routing.py", line 735, in app
    await route.handle(scope, receive, send)
  File "C:\Temp\pythonProject\backend_api\myenv\lib\site-packages\starlette\routing.py", line 288, in handle
    await self.app(scope, receive, send)
  File "C:\Temp\pythonProject\backend_api\myenv\lib\site-packages\starlette\routing.py", line 76, in app
    await wrap_app_handling_exceptions(app, request)(scope, receive, send)
  File "C:\Temp\pythonProject\backend_api\myenv\lib\site-packages\starlette\_exception_handler.py", line 62, in wrapped_app
    raise exc
  File "C:\Temp\pythonProject\backend_api\myenv\lib\site-packages\starlette\_exception_handler.py", line 51, in wrapped_app
    await app(scope, receive, sender)
  File "C:\Temp\pythonProject\backend_api\myenv\lib\site-packages\starlette\routing.py", line 73, in app
    response = await f(request)
  File "C:\Temp\pythonProject\backend_api\myenv\lib\site-packages\fastapi\routing.py", line 301, in app
    raw_response = await run_endpoint_function(
  File "C:\Temp\pythonProject\backend_api\myenv\lib\site-packages\fastapi\routing.py", line 212, in run_endpoint_function
    return await dependant.call(**values)
  File "C:\Temp\pythonProject\backend_api\main.py", line 1354, in perform_ela
    "quality": data.quality,
NameError: name 'data' is not defined
WARNING:uvicorn.error:WatchFiles detected changes in 'main.py'. Reloading...
INFO:uvicorn.error:Shutting down
INFO:uvicorn.error:Waiting for application shutdown.
INFO:uvicorn.error:Application shutdown complete.
INFO:uvicorn.error:Finished server process [4412]
INFO:uvicorn.error:Started server process [20928]
INFO:uvicorn.error:Waiting for application startup.
INFO:uvicorn.error:Application startup complete.
WARNING:uvicorn.error:WatchFiles detected changes in 'main.py'. Reloading...
INFO:uvicorn.error:Shutting down
INFO:uvicorn.error:Waiting for application shutdown.
INFO:uvicorn.error:Application shutdown complete.
INFO:uvicorn.error:Finished server process [20928]
WARNING:uvicorn.error:WatchFiles detected changes in 'main.py'. Reloading...
INFO:uvicorn.error:Started server process [17372]
INFO:uvicorn.error:Waiting for application startup.
INFO:uvicorn.error:Application startup complete.
WARNING:uvicorn.error:Invalid HTTP request received.
WARNING:uvicorn.error:Invalid HTTP request received.
WARNING:uvicorn.error:WatchFiles detected changes in 'main.py'. Reloading...
INFO:uvicorn.error:Shutting down
INFO:uvicorn.error:Waiting for application shutdown.
INFO:uvicorn.error:Application shutdown complete.
INFO:uvicorn.error:Finished server process [17372]
WARNING:uvicorn.error:WatchFiles detected changes in 'edge_detection.py'. Reloading...
WARNING:uvicorn.error:WatchFiles detected changes in 'edge_detection.py'. Reloading...
WARNING:uvicorn.error:WatchFiles detected changes in 'edge_detection.py'. Reloading...
WARNING:uvicorn.error:WatchFiles detected changes in 'edge_detection.py'. Reloading...
INFO:uvicorn.error:Started server process [22864]
INFO:uvicorn.error:Waiting for application startup.
INFO:uvicorn.error:Application startup complete.
ERROR:uvicorn.error:Traceback (most recent call last):
  File "C:\Users\LynnCao\AppData\Local\Programs\Python\Python39\lib\asyncio\runners.py", line 44, in run
    return loop.run_until_complete(main)
  File "C:\Users\LynnCao\AppData\Local\Programs\Python\Python39\lib\asyncio\base_events.py", line 634, in run_until_complete
    self.run_forever()
  File "C:\Users\LynnCao\AppData\Local\Programs\Python\Python39\lib\asyncio\base_events.py", line 601, in run_forever
    self._run_once()
  File "C:\Users\LynnCao\AppData\Local\Programs\Python\Python39\lib\asyncio\base_events.py", line 1905, in _run_once
    handle._run()
  File "C:\Users\LynnCao\AppData\Local\Programs\Python\Python39\lib\asyncio\events.py", line 80, in _run
    self._context.run(self._callback, *self._args)
  File "C:\Temp\pythonProject\backend_api\myenv\lib\site-packages\uvicorn\server.py", line 71, in serve
    await self._serve(sockets)
  File "C:\Users\LynnCao\AppData\Local\Programs\Python\Python39\lib\contextlib.py", line 126, in __exit__
    next(self.gen)
  File "C:\Temp\pythonProject\backend_api\myenv\lib\site-packages\uvicorn\server.py", line 331, in capture_signals
    signal.raise_signal(captured_signal)
KeyboardInterrupt

During handling of the above exception, another exception occurred:

Traceback (most recent call last):
  File "C:\Temp\pythonProject\backend_api\myenv\lib\site-packages\starlette\routing.py", line 700, in lifespan
    await receive()
  File "C:\Temp\pythonProject\backend_api\myenv\lib\site-packages\uvicorn\lifespan\on.py", line 137, in receive
    return await self.receive_queue.get()
  File "C:\Users\LynnCao\AppData\Local\Programs\Python\Python39\lib\asyncio\queues.py", line 166, in get
    await getter
asyncio.exceptions.CancelledError

WARNING:uvicorn.error:WatchFiles detected changes in 'combined_analysis.py'. Reloading...
INFO:uvicorn.error:Started server process [11868]
INFO:uvicorn.error:Waiting for application startup.
INFO:uvicorn.error:Application startup complete.
ERROR:uvicorn.error:Traceback (most recent call last):
  File "C:\Users\LynnCao\AppData\Local\Programs\Python\Python39\lib\asyncio\runners.py", line 44, in run
    return loop.run_until_complete(main)
  File "C:\Users\LynnCao\AppData\Local\Programs\Python\Python39\lib\asyncio\base_events.py", line 634, in run_until_complete
    self.run_forever()
  File "C:\Users\LynnCao\AppData\Local\Programs\Python\Python39\lib\asyncio\base_events.py", line 601, in run_forever
    self._run_once()
  File "C:\Users\LynnCao\AppData\Local\Programs\Python\Python39\lib\asyncio\base_events.py", line 1905, in _run_once
    handle._run()
  File "C:\Users\LynnCao\AppData\Local\Programs\Python\Python39\lib\asyncio\events.py", line 80, in _run
    self._context.run(self._callback, *self._args)
  File "C:\Temp\pythonProject\backend_api\myenv\lib\site-packages\uvicorn\server.py", line 71, in serve
    await self._serve(sockets)
  File "C:\Users\LynnCao\AppData\Local\Programs\Python\Python39\lib\contextlib.py", line 126, in __exit__
    next(self.gen)
  File "C:\Temp\pythonProject\backend_api\myenv\lib\site-packages\uvicorn\server.py", line 331, in capture_signals
    signal.raise_signal(captured_signal)
KeyboardInterrupt

During handling of the above exception, another exception occurred:

Traceback (most recent call last):
  File "C:\Temp\pythonProject\backend_api\myenv\lib\site-packages\starlette\routing.py", line 700, in lifespan
    await receive()
  File "C:\Temp\pythonProject\backend_api\myenv\lib\site-packages\uvicorn\lifespan\on.py", line 137, in receive
    return await self.receive_queue.get()
  File "C:\Users\LynnCao\AppData\Local\Programs\Python\Python39\lib\asyncio\queues.py", line 166, in get
    await getter
asyncio.exceptions.CancelledError

INFO:uvicorn.error:Will watch for changes in these directories: ['C:\\Temp\\pythonProject\\backend_api']
INFO:uvicorn.error:Uvicorn running on http://127.0.0.1:8000 (Press CTRL+C to quit)
INFO:uvicorn.error:Started reloader process [18764] using WatchFiles
INFO:uvicorn.error:Started server process [4508]
INFO:uvicorn.error:Waiting for application startup.
INFO:uvicorn.error:Application startup complete.
WARNING:uvicorn.error:WatchFiles detected changes in 'main.py'. Reloading...
INFO:uvicorn.error:Shutting down
INFO:uvicorn.error:Waiting for application shutdown.
INFO:uvicorn.error:Application shutdown complete.
INFO:uvicorn.error:Finished server process [4508]
WARNING:uvicorn.error:WatchFiles detected changes in 'main.py'. Reloading...
INFO:uvicorn.error:Started server process [21584]
INFO:uvicorn.error:Waiting for application startup.
INFO:uvicorn.error:Application startup complete.
ERROR:uvicorn.error:Exception in ASGI application
Traceback (most recent call last):
  File "C:\Temp\pythonProject\backend_api\myenv\lib\site-packages\uvicorn\protocols\http\httptools_impl.py", line 409, in run_asgi
    result = await app(  # type: ignore[func-returns-value]
  File "C:\Temp\pythonProject\backend_api\myenv\lib\site-packages\uvicorn\middleware\proxy_headers.py", line 60, in __call__
    return await self.app(scope, receive, send)
  File "C:\Temp\pythonProject\backend_api\myenv\lib\site-packages\fastapi\applications.py", line 1054, in __call__
    await super().__call__(scope, receive, send)
  File "C:\Temp\pythonProject\backend_api\myenv\lib\site-packages\starlette\applications.py", line 113, in __call__
    await self.middleware_stack(scope, receive, send)
  File "C:\Temp\pythonProject\backend_api\myenv\lib\site-packages\starlette\middleware\errors.py", line 187, in __call__
    raise exc
  File "C:\Temp\pythonProject\backend_api\myenv\lib\site-packages\starlette\middleware\errors.py", line 165, in __call__
    await self.app(scope, receive, _send)
  File "C:\Temp\pythonProject\backend_api\myenv\lib\site-packages\starlette\middleware\cors.py", line 93, in __call__
    await self.simple_response(scope, receive, send, request_headers=headers)
  File "C:\Temp\pythonProject\backend_api\myenv\lib\site-packages\starlette\middleware\cors.py", line 144, in simple_response
    await self.app(scope, receive, send)
  File "C:\Temp\pythonProject\backend_api\myenv\lib\site-packages\starlette\middleware\exceptions.py", line 62, in __call__
    await wrap_app_handling_exceptions(self.app, conn)(scope, receive, send)
  File "C:\Temp\pythonProject\backend_api\myenv\lib\site-packages\starlette\_exception_handler.py", line 62, in wrapped_app
    raise exc
  File "C:\Temp\pythonProject\backend_api\myenv\lib\site-packages\starlette\_exception_handler.py", line 51, in wrapped_app
    await app(scope, receive, sender)
  File "C:\Temp\pythonProject\backend_api\myenv\lib\site-packages\starlette\routing.py", line 715, in __call__
    await self.middleware_stack(scope, receive, send)
  File "C:\Temp\pythonProject\backend_api\myenv\lib\site-packages\starlette\routing.py", line 735, in app
    await route.handle(scope, receive, send)
  File "C:\Temp\pythonProject\backend_api\myenv\lib\site-packages\starlette\routing.py", line 288, in handle
    await self.app(scope, receive, send)
  File "C:\Temp\pythonProject\backend_api\myenv\lib\site-packages\starlette\routing.py", line 76, in app
    await wrap_app_handling_exceptions(app, request)(scope, receive, send)
  File "C:\Temp\pythonProject\backend_api\myenv\lib\site-packages\starlette\_exception_handler.py", line 62, in wrapped_app
    raise exc
  File "C:\Temp\pythonProject\backend_api\myenv\lib\site-packages\starlette\_exception_handler.py", line 51, in wrapped_app
    await app(scope, receive, sender)
  File "C:\Temp\pythonProject\backend_api\myenv\lib\site-packages\starlette\routing.py", line 74, in app
    await response(scope, receive, send)
  File "C:\Temp\pythonProject\backend_api\myenv\lib\site-packages\starlette\responses.py", line 156, in __call__
    await self.background()
  File "C:\Temp\pythonProject\backend_api\myenv\lib\site-packages\starlette\background.py", line 41, in __call__
    await task()
  File "C:\Temp\pythonProject\backend_api\myenv\lib\site-packages\starlette\background.py", line 28, in __call__
    await run_in_threadpool(self.func, *self.args, **self.kwargs)
  File "C:\Temp\pythonProject\backend_api\myenv\lib\site-packages\starlette\concurrency.py", line 39, in run_in_threadpool
    return await anyio.to_thread.run_sync(func, *args)
  File "C:\Temp\pythonProject\backend_api\myenv\lib\site-packages\anyio\to_thread.py", line 56, in run_sync
    return await get_async_backend().run_sync_in_worker_thread(
  File "C:\Temp\pythonProject\backend_api\myenv\lib\site-packages\anyio\_backends\_asyncio.py", line 2470, in run_sync_in_worker_thread
    return await future
  File "C:\Temp\pythonProject\backend_api\myenv\lib\site-packages\anyio\_backends\_asyncio.py", line 967, in run
    result = context.run(func, *args)
  File "C:\Temp\pythonProject\backend_api\main.py", line 1326, in process_files_task
    shutil.rmtree(temp_dir)
  File "C:\Users\LynnCao\AppData\Local\Programs\Python\Python39\lib\shutil.py", line 759, in rmtree
    return _rmtree_unsafe(path, onerror)
  File "C:\Users\LynnCao\AppData\Local\Programs\Python\Python39\lib\shutil.py", line 629, in _rmtree_unsafe
    onerror(os.unlink, fullname, sys.exc_info())
  File "C:\Users\LynnCao\AppData\Local\Programs\Python\Python39\lib\shutil.py", line 627, in _rmtree_unsafe
    os.unlink(fullname)
PermissionError: [WinError 32] 另一个程序正在使用此文件，进程无法访问。: 'C:\\Users\\LynnCao\\AppData\\Local\\Temp\\tmp7kby3neh\\page1.jpg'
WARNING:uvicorn.error:WatchFiles detected changes in 'main.py'. Reloading...
INFO:uvicorn.error:Shutting down
INFO:uvicorn.error:Waiting for application shutdown.
INFO:uvicorn.error:Application shutdown complete.
INFO:uvicorn.error:Finished server process [21584]
INFO:uvicorn.error:Started server process [21436]
INFO:uvicorn.error:Waiting for application startup.
INFO:uvicorn.error:Application startup complete.
ERROR:uvicorn.error:Exception in ASGI application
Traceback (most recent call last):
  File "C:\Temp\pythonProject\backend_api\myenv\lib\site-packages\uvicorn\protocols\http\httptools_impl.py", line 409, in run_asgi
    result = await app(  # type: ignore[func-returns-value]
  File "C:\Temp\pythonProject\backend_api\myenv\lib\site-packages\uvicorn\middleware\proxy_headers.py", line 60, in __call__
    return await self.app(scope, receive, send)
  File "C:\Temp\pythonProject\backend_api\myenv\lib\site-packages\fastapi\applications.py", line 1054, in __call__
    await super().__call__(scope, receive, send)
  File "C:\Temp\pythonProject\backend_api\myenv\lib\site-packages\starlette\applications.py", line 113, in __call__
    await self.middleware_stack(scope, receive, send)
  File "C:\Temp\pythonProject\backend_api\myenv\lib\site-packages\starlette\middleware\errors.py", line 187, in __call__
    raise exc
  File "C:\Temp\pythonProject\backend_api\myenv\lib\site-packages\starlette\middleware\errors.py", line 165, in __call__
    await self.app(scope, receive, _send)
  File "C:\Temp\pythonProject\backend_api\myenv\lib\site-packages\starlette\middleware\cors.py", line 93, in __call__
    await self.simple_response(scope, receive, send, request_headers=headers)
  File "C:\Temp\pythonProject\backend_api\myenv\lib\site-packages\starlette\middleware\cors.py", line 144, in simple_response
    await self.app(scope, receive, send)
  File "C:\Temp\pythonProject\backend_api\myenv\lib\site-packages\starlette\middleware\exceptions.py", line 62, in __call__
    await wrap_app_handling_exceptions(self.app, conn)(scope, receive, send)
  File "C:\Temp\pythonProject\backend_api\myenv\lib\site-packages\starlette\_exception_handler.py", line 62, in wrapped_app
    raise exc
  File "C:\Temp\pythonProject\backend_api\myenv\lib\site-packages\starlette\_exception_handler.py", line 51, in wrapped_app
    await app(scope, receive, sender)
  File "C:\Temp\pythonProject\backend_api\myenv\lib\site-packages\starlette\routing.py", line 715, in __call__
    await self.middleware_stack(scope, receive, send)
  File "C:\Temp\pythonProject\backend_api\myenv\lib\site-packages\starlette\routing.py", line 735, in app
    await route.handle(scope, receive, send)
  File "C:\Temp\pythonProject\backend_api\myenv\lib\site-packages\starlette\routing.py", line 288, in handle
    await self.app(scope, receive, send)
  File "C:\Temp\pythonProject\backend_api\myenv\lib\site-packages\starlette\routing.py", line 76, in app
    await wrap_app_handling_exceptions(app, request)(scope, receive, send)
  File "C:\Temp\pythonProject\backend_api\myenv\lib\site-packages\starlette\_exception_handler.py", line 62, in wrapped_app
    raise exc
  File "C:\Temp\pythonProject\backend_api\myenv\lib\site-packages\starlette\_exception_handler.py", line 51, in wrapped_app
    await app(scope, receive, sender)
  File "C:\Temp\pythonProject\backend_api\myenv\lib\site-packages\starlette\routing.py", line 74, in app
    await response(scope, receive, send)
  File "C:\Temp\pythonProject\backend_api\myenv\lib\site-packages\starlette\responses.py", line 156, in __call__
    await self.background()
  File "C:\Temp\pythonProject\backend_api\myenv\lib\site-packages\starlette\background.py", line 41, in __call__
    await task()
  File "C:\Temp\pythonProject\backend_api\myenv\lib\site-packages\starlette\background.py", line 28, in __call__
    await run_in_threadpool(self.func, *self.args, **self.kwargs)
  File "C:\Temp\pythonProject\backend_api\myenv\lib\site-packages\starlette\concurrency.py", line 39, in run_in_threadpool
    return await anyio.to_thread.run_sync(func, *args)
  File "C:\Temp\pythonProject\backend_api\myenv\lib\site-packages\anyio\to_thread.py", line 56, in run_sync
    return await get_async_backend().run_sync_in_worker_thread(
  File "C:\Temp\pythonProject\backend_api\myenv\lib\site-packages\anyio\_backends\_asyncio.py", line 2470, in run_sync_in_worker_thread
    return await future
  File "C:\Temp\pythonProject\backend_api\myenv\lib\site-packages\anyio\_backends\_asyncio.py", line 967, in run
    result = context.run(func, *args)
  File "C:\Temp\pythonProject\backend_api\main.py", line 1326, in process_files_task
    shutil.rmtree(temp_dir)
  File "C:\Users\LynnCao\AppData\Local\Programs\Python\Python39\lib\shutil.py", line 759, in rmtree
    return _rmtree_unsafe(path, onerror)
  File "C:\Users\LynnCao\AppData\Local\Programs\Python\Python39\lib\shutil.py", line 629, in _rmtree_unsafe
    onerror(os.unlink, fullname, sys.exc_info())
  File "C:\Users\LynnCao\AppData\Local\Programs\Python\Python39\lib\shutil.py", line 627, in _rmtree_unsafe
    os.unlink(fullname)
PermissionError: [WinError 32] 另一个程序正在使用此文件，进程无法访问。: 'C:\\Users\\LynnCao\\AppData\\Local\\Temp\\tmpty1wtbot\\page1.jpg'
WARNING:uvicorn.error:WatchFiles detected changes in 'main.py'. Reloading...
INFO:uvicorn.error:Shutting down
INFO:uvicorn.error:Waiting for application shutdown.
INFO:uvicorn.error:Application shutdown complete.
INFO:uvicorn.error:Finished server process [21436]
INFO:uvicorn.error:Started server process [14224]
INFO:uvicorn.error:Waiting for application startup.
INFO:uvicorn.error:Application startup complete.
INFO:uvicorn.error:Shutting down
INFO:uvicorn.error:Waiting for application shutdown.
INFO:uvicorn.error:Application shutdown complete.
INFO:uvicorn.error:Finished server process [14224]
INFO:uvicorn.error:Stopping reloader process [18764]
INFO:uvicorn.error:Will watch for changes in these directories: ['C:\\Temp\\pythonProject\\backend_api']
INFO:uvicorn.error:Uvicorn running on http://127.0.0.1:8000 (Press CTRL+C to quit)
INFO:uvicorn.error:Started reloader process [20536] using WatchFiles
INFO:uvicorn.error:Started server process [3492]
INFO:uvicorn.error:Waiting for application startup.
INFO:uvicorn.error:Application startup complete.
ERROR:uvicorn.error:Exception in ASGI application
Traceback (most recent call last):
  File "C:\Temp\pythonProject\backend_api\myenv\lib\site-packages\uvicorn\protocols\http\httptools_impl.py", line 409, in run_asgi
    result = await app(  # type: ignore[func-returns-value]
  File "C:\Temp\pythonProject\backend_api\myenv\lib\site-packages\uvicorn\middleware\proxy_headers.py", line 60, in __call__
    return await self.app(scope, receive, send)
  File "C:\Temp\pythonProject\backend_api\myenv\lib\site-packages\fastapi\applications.py", line 1054, in __call__
    await super().__call__(scope, receive, send)
  File "C:\Temp\pythonProject\backend_api\myenv\lib\site-packages\starlette\applications.py", line 113, in __call__
    await self.middleware_stack(scope, receive, send)
  File "C:\Temp\pythonProject\backend_api\myenv\lib\site-packages\starlette\middleware\errors.py", line 187, in __call__
    raise exc
  File "C:\Temp\pythonProject\backend_api\myenv\lib\site-packages\starlette\middleware\errors.py", line 165, in __call__
    await self.app(scope, receive, _send)
  File "C:\Temp\pythonProject\backend_api\myenv\lib\site-packages\starlette\middleware\cors.py", line 93, in __call__
    await self.simple_response(scope, receive, send, request_headers=headers)
  File "C:\Temp\pythonProject\backend_api\myenv\lib\site-packages\starlette\middleware\cors.py", line 144, in simple_response
    await self.app(scope, receive, send)
  File "C:\Temp\pythonProject\backend_api\myenv\lib\site-packages\starlette\middleware\exceptions.py", line 62, in __call__
    await wrap_app_handling_exceptions(self.app, conn)(scope, receive, send)
  File "C:\Temp\pythonProject\backend_api\myenv\lib\site-packages\starlette\_exception_handler.py", line 62, in wrapped_app
    raise exc
  File "C:\Temp\pythonProject\backend_api\myenv\lib\site-packages\starlette\_exception_handler.py", line 51, in wrapped_app
    await app(scope, receive, sender)
  File "C:\Temp\pythonProject\backend_api\myenv\lib\site-packages\starlette\routing.py", line 715, in __call__
    await self.middleware_stack(scope, receive, send)
  File "C:\Temp\pythonProject\backend_api\myenv\lib\site-packages\starlette\routing.py", line 735, in app
    await route.handle(scope, receive, send)
  File "C:\Temp\pythonProject\backend_api\myenv\lib\site-packages\starlette\routing.py", line 288, in handle
    await self.app(scope, receive, send)
  File "C:\Temp\pythonProject\backend_api\myenv\lib\site-packages\starlette\routing.py", line 76, in app
    await wrap_app_handling_exceptions(app, request)(scope, receive, send)
  File "C:\Temp\pythonProject\backend_api\myenv\lib\site-packages\starlette\_exception_handler.py", line 62, in wrapped_app
    raise exc
  File "C:\Temp\pythonProject\backend_api\myenv\lib\site-packages\starlette\_exception_handler.py", line 51, in wrapped_app
    await app(scope, receive, sender)
  File "C:\Temp\pythonProject\backend_api\myenv\lib\site-packages\starlette\routing.py", line 74, in app
    await response(scope, receive, send)
  File "C:\Temp\pythonProject\backend_api\myenv\lib\site-packages\starlette\responses.py", line 156, in __call__
    await self.background()
  File "C:\Temp\pythonProject\backend_api\myenv\lib\site-packages\starlette\background.py", line 41, in __call__
    await task()
  File "C:\Temp\pythonProject\backend_api\myenv\lib\site-packages\starlette\background.py", line 28, in __call__
    await run_in_threadpool(self.func, *self.args, **self.kwargs)
  File "C:\Temp\pythonProject\backend_api\myenv\lib\site-packages\starlette\concurrency.py", line 39, in run_in_threadpool
    return await anyio.to_thread.run_sync(func, *args)
  File "C:\Temp\pythonProject\backend_api\myenv\lib\site-packages\anyio\to_thread.py", line 56, in run_sync
    return await get_async_backend().run_sync_in_worker_thread(
  File "C:\Temp\pythonProject\backend_api\myenv\lib\site-packages\anyio\_backends\_asyncio.py", line 2470, in run_sync_in_worker_thread
    return await future
  File "C:\Temp\pythonProject\backend_api\myenv\lib\site-packages\anyio\_backends\_asyncio.py", line 967, in run
    result = context.run(func, *args)
  File "C:\Temp\pythonProject\backend_api\main.py", line 1241, in process_detection_task
    progress_store[session_id] = {"finished": 0, "total": len(file_contents), "percent": 0, "filename": None, "error": None}
NameError: name 'file_contents' is not defined
WARNING:uvicorn.error:WatchFiles detected changes in 'main.py'. Reloading...
INFO:uvicorn.error:Shutting down
INFO:uvicorn.error:Waiting for application shutdown.
INFO:uvicorn.error:Application shutdown complete.
INFO:uvicorn.error:Finished server process [3492]
WARNING:uvicorn.error:WatchFiles detected changes in 'main.py'. Reloading...
INFO:uvicorn.error:Started server process [23476]
INFO:uvicorn.error:Waiting for application startup.
INFO:uvicorn.error:Application startup complete.
WARNING:uvicorn.error:WatchFiles detected changes in 'main.py'. Reloading...
INFO:uvicorn.error:Shutting down
INFO:uvicorn.error:Waiting for application shutdown.
INFO:uvicorn.error:Application shutdown complete.
INFO:uvicorn.error:Finished server process [23476]
INFO:uvicorn.error:Started server process [16784]
INFO:uvicorn.error:Waiting for application startup.
INFO:uvicorn.error:Application startup complete.
WARNING:uvicorn.error:WatchFiles detected changes in 'main.py'. Reloading...
INFO:uvicorn.error:Shutting down
INFO:uvicorn.error:Waiting for application shutdown.
INFO:uvicorn.error:Application shutdown complete.
INFO:uvicorn.error:Finished server process [16784]
INFO:uvicorn.error:Started server process [14804]
INFO:uvicorn.error:Waiting for application startup.
INFO:uvicorn.error:Application startup complete.
ERROR:uvicorn.error:Exception in ASGI application
Traceback (most recent call last):
  File "C:\Temp\pythonProject\backend_api\myenv\lib\site-packages\uvicorn\protocols\http\httptools_impl.py", line 409, in run_asgi
    result = await app(  # type: ignore[func-returns-value]
  File "C:\Temp\pythonProject\backend_api\myenv\lib\site-packages\uvicorn\middleware\proxy_headers.py", line 60, in __call__
    return await self.app(scope, receive, send)
  File "C:\Temp\pythonProject\backend_api\myenv\lib\site-packages\fastapi\applications.py", line 1054, in __call__
    await super().__call__(scope, receive, send)
  File "C:\Temp\pythonProject\backend_api\myenv\lib\site-packages\starlette\applications.py", line 113, in __call__
    await self.middleware_stack(scope, receive, send)
  File "C:\Temp\pythonProject\backend_api\myenv\lib\site-packages\starlette\middleware\errors.py", line 187, in __call__
    raise exc
  File "C:\Temp\pythonProject\backend_api\myenv\lib\site-packages\starlette\middleware\errors.py", line 165, in __call__
    await self.app(scope, receive, _send)
  File "C:\Temp\pythonProject\backend_api\myenv\lib\site-packages\starlette\middleware\cors.py", line 93, in __call__
    await self.simple_response(scope, receive, send, request_headers=headers)
  File "C:\Temp\pythonProject\backend_api\myenv\lib\site-packages\starlette\middleware\cors.py", line 144, in simple_response
    await self.app(scope, receive, send)
  File "C:\Temp\pythonProject\backend_api\myenv\lib\site-packages\starlette\middleware\exceptions.py", line 62, in __call__
    await wrap_app_handling_exceptions(self.app, conn)(scope, receive, send)
  File "C:\Temp\pythonProject\backend_api\myenv\lib\site-packages\starlette\_exception_handler.py", line 62, in wrapped_app
    raise exc
  File "C:\Temp\pythonProject\backend_api\myenv\lib\site-packages\starlette\_exception_handler.py", line 51, in wrapped_app
    await app(scope, receive, sender)
  File "C:\Temp\pythonProject\backend_api\myenv\lib\site-packages\starlette\routing.py", line 715, in __call__
    await self.middleware_stack(scope, receive, send)
  File "C:\Temp\pythonProject\backend_api\myenv\lib\site-packages\starlette\routing.py", line 735, in app
    await route.handle(scope, receive, send)
  File "C:\Temp\pythonProject\backend_api\myenv\lib\site-packages\starlette\routing.py", line 288, in handle
    await self.app(scope, receive, send)
  File "C:\Temp\pythonProject\backend_api\myenv\lib\site-packages\starlette\routing.py", line 76, in app
    await wrap_app_handling_exceptions(app, request)(scope, receive, send)
  File "C:\Temp\pythonProject\backend_api\myenv\lib\site-packages\starlette\_exception_handler.py", line 62, in wrapped_app
    raise exc
  File "C:\Temp\pythonProject\backend_api\myenv\lib\site-packages\starlette\_exception_handler.py", line 51, in wrapped_app
    await app(scope, receive, sender)
  File "C:\Temp\pythonProject\backend_api\myenv\lib\site-packages\starlette\routing.py", line 74, in app
    await response(scope, receive, send)
  File "C:\Temp\pythonProject\backend_api\myenv\lib\site-packages\starlette\responses.py", line 156, in __call__
    await self.background()
  File "C:\Temp\pythonProject\backend_api\myenv\lib\site-packages\starlette\background.py", line 41, in __call__
    await task()
  File "C:\Temp\pythonProject\backend_api\myenv\lib\site-packages\starlette\background.py", line 26, in __call__
    await self.func(*self.args, **self.kwargs)
  File "C:\Temp\pythonProject\backend_api\main.py", line 1789, in process_task
    shutil.rmtree(temp_dir)
  File "C:\Users\LynnCao\AppData\Local\Programs\Python\Python39\lib\shutil.py", line 759, in rmtree
    return _rmtree_unsafe(path, onerror)
  File "C:\Users\LynnCao\AppData\Local\Programs\Python\Python39\lib\shutil.py", line 629, in _rmtree_unsafe
    onerror(os.unlink, fullname, sys.exc_info())
  File "C:\Users\LynnCao\AppData\Local\Programs\Python\Python39\lib\shutil.py", line 627, in _rmtree_unsafe
    os.unlink(fullname)
PermissionError: [WinError 32] 另一个程序正在使用此文件，进程无法访问。: 'C:\\Users\\LynnCao\\AppData\\Local\\Temp\\tmpopuzoyb7\\滴滴出行行程报销单A.pdf'
ERROR:uvicorn.error:Exception in ASGI application
Traceback (most recent call last):
  File "C:\Temp\pythonProject\backend_api\myenv\lib\site-packages\uvicorn\protocols\http\httptools_impl.py", line 409, in run_asgi
    result = await app(  # type: ignore[func-returns-value]
  File "C:\Temp\pythonProject\backend_api\myenv\lib\site-packages\uvicorn\middleware\proxy_headers.py", line 60, in __call__
    return await self.app(scope, receive, send)
  File "C:\Temp\pythonProject\backend_api\myenv\lib\site-packages\fastapi\applications.py", line 1054, in __call__
    await super().__call__(scope, receive, send)
  File "C:\Temp\pythonProject\backend_api\myenv\lib\site-packages\starlette\applications.py", line 113, in __call__
    await self.middleware_stack(scope, receive, send)
  File "C:\Temp\pythonProject\backend_api\myenv\lib\site-packages\starlette\middleware\errors.py", line 187, in __call__
    raise exc
  File "C:\Temp\pythonProject\backend_api\myenv\lib\site-packages\starlette\middleware\errors.py", line 165, in __call__
    await self.app(scope, receive, _send)
  File "C:\Temp\pythonProject\backend_api\myenv\lib\site-packages\starlette\middleware\cors.py", line 93, in __call__
    await self.simple_response(scope, receive, send, request_headers=headers)
  File "C:\Temp\pythonProject\backend_api\myenv\lib\site-packages\starlette\middleware\cors.py", line 144, in simple_response
    await self.app(scope, receive, send)
  File "C:\Temp\pythonProject\backend_api\myenv\lib\site-packages\starlette\middleware\exceptions.py", line 62, in __call__
    await wrap_app_handling_exceptions(self.app, conn)(scope, receive, send)
  File "C:\Temp\pythonProject\backend_api\myenv\lib\site-packages\starlette\_exception_handler.py", line 62, in wrapped_app
    raise exc
  File "C:\Temp\pythonProject\backend_api\myenv\lib\site-packages\starlette\_exception_handler.py", line 51, in wrapped_app
    await app(scope, receive, sender)
  File "C:\Temp\pythonProject\backend_api\myenv\lib\site-packages\starlette\routing.py", line 715, in __call__
    await self.middleware_stack(scope, receive, send)
  File "C:\Temp\pythonProject\backend_api\myenv\lib\site-packages\starlette\routing.py", line 735, in app
    await route.handle(scope, receive, send)
  File "C:\Temp\pythonProject\backend_api\myenv\lib\site-packages\starlette\routing.py", line 288, in handle
    await self.app(scope, receive, send)
  File "C:\Temp\pythonProject\backend_api\myenv\lib\site-packages\starlette\routing.py", line 76, in app
    await wrap_app_handling_exceptions(app, request)(scope, receive, send)
  File "C:\Temp\pythonProject\backend_api\myenv\lib\site-packages\starlette\_exception_handler.py", line 62, in wrapped_app
    raise exc
  File "C:\Temp\pythonProject\backend_api\myenv\lib\site-packages\starlette\_exception_handler.py", line 51, in wrapped_app
    await app(scope, receive, sender)
  File "C:\Temp\pythonProject\backend_api\myenv\lib\site-packages\starlette\routing.py", line 74, in app
    await response(scope, receive, send)
  File "C:\Temp\pythonProject\backend_api\myenv\lib\site-packages\starlette\responses.py", line 156, in __call__
    await self.background()
  File "C:\Temp\pythonProject\backend_api\myenv\lib\site-packages\starlette\background.py", line 41, in __call__
    await task()
  File "C:\Temp\pythonProject\backend_api\myenv\lib\site-packages\starlette\background.py", line 28, in __call__
    await run_in_threadpool(self.func, *self.args, **self.kwargs)
  File "C:\Temp\pythonProject\backend_api\myenv\lib\site-packages\starlette\concurrency.py", line 39, in run_in_threadpool
    return await anyio.to_thread.run_sync(func, *args)
  File "C:\Temp\pythonProject\backend_api\myenv\lib\site-packages\anyio\to_thread.py", line 56, in run_sync
    return await get_async_backend().run_sync_in_worker_thread(
  File "C:\Temp\pythonProject\backend_api\myenv\lib\site-packages\anyio\_backends\_asyncio.py", line 2470, in run_sync_in_worker_thread
    return await future
  File "C:\Temp\pythonProject\backend_api\myenv\lib\site-packages\anyio\_backends\_asyncio.py", line 967, in run
    result = context.run(func, *args)
  File "C:\Temp\pythonProject\backend_api\main.py", line 1546, in process_files_task
    shutil.rmtree(temp_dir)
  File "C:\Users\LynnCao\AppData\Local\Programs\Python\Python39\lib\shutil.py", line 759, in rmtree
    return _rmtree_unsafe(path, onerror)
  File "C:\Users\LynnCao\AppData\Local\Programs\Python\Python39\lib\shutil.py", line 629, in _rmtree_unsafe
    onerror(os.unlink, fullname, sys.exc_info())
  File "C:\Users\LynnCao\AppData\Local\Programs\Python\Python39\lib\shutil.py", line 627, in _rmtree_unsafe
    os.unlink(fullname)
PermissionError: [WinError 32] 另一个程序正在使用此文件，进程无法访问。: 'C:\\Users\\LynnCao\\AppData\\Local\\Temp\\tmpfh5lanol\\page1.jpg'
INFO:uvicorn.error:Shutting down
INFO:uvicorn.error:Waiting for application shutdown.
INFO:uvicorn.error:Application shutdown complete.
INFO:uvicorn.error:Finished server process [14804]
INFO:uvicorn.error:Stopping reloader process [20536]
INFO:uvicorn.error:Will watch for changes in these directories: ['C:\\Temp\\pythonProject\\backend_api']
INFO:uvicorn.error:Uvicorn running on http://127.0.0.1:8000 (Press CTRL+C to quit)
INFO:uvicorn.error:Started reloader process [12796] using WatchFiles
INFO:uvicorn.error:Started server process [17636]
INFO:uvicorn.error:Waiting for application startup.
INFO:uvicorn.error:Application startup complete.
WARNING:uvicorn.error:WatchFiles detected changes in 'main.py'. Reloading...
INFO:uvicorn.error:Shutting down
INFO:uvicorn.error:Waiting for application shutdown.
INFO:uvicorn.error:Application shutdown complete.
INFO:uvicorn.error:Finished server process [17636]
WARNING:uvicorn.error:WatchFiles detected changes in 'main.py'. Reloading...
INFO:uvicorn.error:Started server process [2052]
INFO:uvicorn.error:Waiting for application startup.
INFO:uvicorn.error:Application startup complete.
WARNING:uvicorn.error:WatchFiles detected changes in 'main.py'. Reloading...
INFO:uvicorn.error:Shutting down
INFO:uvicorn.error:Waiting for application shutdown.
INFO:uvicorn.error:Application shutdown complete.
INFO:uvicorn.error:Finished server process [2052]
WARNING:uvicorn.error:WatchFiles detected changes in 'main.py'. Reloading...
WARNING:uvicorn.error:WatchFiles detected changes in 'main.py'. Reloading...
WARNING:uvicorn.error:WatchFiles detected changes in 'main.py'. Reloading...
WARNING:uvicorn.error:WatchFiles detected changes in 'main.py'. Reloading...
INFO:uvicorn.error:Started server process [12352]
INFO:uvicorn.error:Waiting for application startup.
INFO:uvicorn.error:Application startup complete.
WARNING:uvicorn.error:WatchFiles detected changes in 'main.py'. Reloading...
INFO:uvicorn.error:Shutting down
INFO:uvicorn.error:Waiting for application shutdown.
INFO:uvicorn.error:Application shutdown complete.
INFO:uvicorn.error:Finished server process [12352]
INFO:uvicorn.error:Started server process [3164]
INFO:uvicorn.error:Waiting for application startup.
INFO:uvicorn.error:Application startup complete.
WARNING:uvicorn.error:WatchFiles detected changes in 'main.py'. Reloading...
INFO:uvicorn.error:Shutting down
INFO:uvicorn.error:Waiting for application shutdown.
INFO:uvicorn.error:Application shutdown complete.
INFO:uvicorn.error:Finished server process [3164]
INFO:uvicorn.error:Started server process [26952]
INFO:uvicorn.error:Waiting for application startup.
INFO:uvicorn.error:Application startup complete.
WARNING:uvicorn.error:WatchFiles detected changes in 'main.py'. Reloading...
INFO:uvicorn.error:Shutting down
INFO:uvicorn.error:Waiting for application shutdown.
INFO:uvicorn.error:Application shutdown complete.
INFO:uvicorn.error:Finished server process [26952]
WARNING:uvicorn.error:WatchFiles detected changes in 'main.py'. Reloading...
INFO:uvicorn.error:Started server process [24904]
INFO:uvicorn.error:Waiting for application startup.
INFO:uvicorn.error:Application startup complete.
ERROR:uvicorn.error:Traceback (most recent call last):
  File "C:\Users\LynnCao\AppData\Local\Programs\Python\Python39\lib\asyncio\runners.py", line 44, in run
    return loop.run_until_complete(main)
  File "C:\Users\LynnCao\AppData\Local\Programs\Python\Python39\lib\asyncio\base_events.py", line 634, in run_until_complete
    self.run_forever()
  File "C:\Users\LynnCao\AppData\Local\Programs\Python\Python39\lib\asyncio\base_events.py", line 601, in run_forever
    self._run_once()
  File "C:\Users\LynnCao\AppData\Local\Programs\Python\Python39\lib\asyncio\base_events.py", line 1905, in _run_once
    handle._run()
  File "C:\Users\LynnCao\AppData\Local\Programs\Python\Python39\lib\asyncio\events.py", line 80, in _run
    self._context.run(self._callback, *self._args)
  File "C:\Temp\pythonProject\backend_api\myenv\lib\site-packages\uvicorn\server.py", line 71, in serve
    await self._serve(sockets)
  File "C:\Users\LynnCao\AppData\Local\Programs\Python\Python39\lib\contextlib.py", line 126, in __exit__
    next(self.gen)
  File "C:\Temp\pythonProject\backend_api\myenv\lib\site-packages\uvicorn\server.py", line 331, in capture_signals
    signal.raise_signal(captured_signal)
KeyboardInterrupt

During handling of the above exception, another exception occurred:

Traceback (most recent call last):
  File "C:\Temp\pythonProject\backend_api\myenv\lib\site-packages\starlette\routing.py", line 700, in lifespan
    await receive()
  File "C:\Temp\pythonProject\backend_api\myenv\lib\site-packages\uvicorn\lifespan\on.py", line 137, in receive
    return await self.receive_queue.get()
  File "C:\Users\LynnCao\AppData\Local\Programs\Python\Python39\lib\asyncio\queues.py", line 166, in get
    await getter
asyncio.exceptions.CancelledError

WARNING:uvicorn.error:WatchFiles detected changes in 'main.py'. Reloading...
INFO:uvicorn.error:Started server process [25880]
INFO:uvicorn.error:Waiting for application startup.
INFO:uvicorn.error:Application startup complete.
ERROR:uvicorn.error:Traceback (most recent call last):
  File "C:\Users\LynnCao\AppData\Local\Programs\Python\Python39\lib\asyncio\runners.py", line 44, in run
    return loop.run_until_complete(main)
  File "C:\Users\LynnCao\AppData\Local\Programs\Python\Python39\lib\asyncio\base_events.py", line 634, in run_until_complete
    self.run_forever()
  File "C:\Users\LynnCao\AppData\Local\Programs\Python\Python39\lib\asyncio\base_events.py", line 601, in run_forever
    self._run_once()
  File "C:\Users\LynnCao\AppData\Local\Programs\Python\Python39\lib\asyncio\base_events.py", line 1905, in _run_once
    handle._run()
  File "C:\Users\LynnCao\AppData\Local\Programs\Python\Python39\lib\asyncio\events.py", line 80, in _run
    self._context.run(self._callback, *self._args)
  File "C:\Temp\pythonProject\backend_api\myenv\lib\site-packages\uvicorn\server.py", line 71, in serve
    await self._serve(sockets)
  File "C:\Users\LynnCao\AppData\Local\Programs\Python\Python39\lib\contextlib.py", line 126, in __exit__
    next(self.gen)
  File "C:\Temp\pythonProject\backend_api\myenv\lib\site-packages\uvicorn\server.py", line 331, in capture_signals
    signal.raise_signal(captured_signal)
KeyboardInterrupt

During handling of the above exception, another exception occurred:

Traceback (most recent call last):
  File "C:\Temp\pythonProject\backend_api\myenv\lib\site-packages\starlette\routing.py", line 700, in lifespan
    await receive()
  File "C:\Temp\pythonProject\backend_api\myenv\lib\site-packages\uvicorn\lifespan\on.py", line 137, in receive
    return await self.receive_queue.get()
  File "C:\Users\LynnCao\AppData\Local\Programs\Python\Python39\lib\asyncio\queues.py", line 166, in get
    await getter
asyncio.exceptions.CancelledError

WARNING:uvicorn.error:WatchFiles detected changes in 'main.py'. Reloading...
INFO:uvicorn.error:Started server process [13284]
INFO:uvicorn.error:Waiting for application startup.
INFO:uvicorn.error:Application startup complete.
ERROR:uvicorn.error:Traceback (most recent call last):
  File "C:\Users\LynnCao\AppData\Local\Programs\Python\Python39\lib\asyncio\runners.py", line 44, in run
    return loop.run_until_complete(main)
  File "C:\Users\LynnCao\AppData\Local\Programs\Python\Python39\lib\asyncio\base_events.py", line 634, in run_until_complete
    self.run_forever()
  File "C:\Users\LynnCao\AppData\Local\Programs\Python\Python39\lib\asyncio\base_events.py", line 601, in run_forever
    self._run_once()
  File "C:\Users\LynnCao\AppData\Local\Programs\Python\Python39\lib\asyncio\base_events.py", line 1905, in _run_once
    handle._run()
  File "C:\Users\LynnCao\AppData\Local\Programs\Python\Python39\lib\asyncio\events.py", line 80, in _run
    self._context.run(self._callback, *self._args)
  File "C:\Temp\pythonProject\backend_api\myenv\lib\site-packages\uvicorn\server.py", line 71, in serve
    await self._serve(sockets)
  File "C:\Users\LynnCao\AppData\Local\Programs\Python\Python39\lib\contextlib.py", line 126, in __exit__
    next(self.gen)
  File "C:\Temp\pythonProject\backend_api\myenv\lib\site-packages\uvicorn\server.py", line 331, in capture_signals
    signal.raise_signal(captured_signal)
KeyboardInterrupt

During handling of the above exception, another exception occurred:

Traceback (most recent call last):
  File "C:\Temp\pythonProject\backend_api\myenv\lib\site-packages\starlette\routing.py", line 700, in lifespan
    await receive()
  File "C:\Temp\pythonProject\backend_api\myenv\lib\site-packages\uvicorn\lifespan\on.py", line 137, in receive
    return await self.receive_queue.get()
  File "C:\Users\LynnCao\AppData\Local\Programs\Python\Python39\lib\asyncio\queues.py", line 166, in get
    await getter
asyncio.exceptions.CancelledError

WARNING:uvicorn.error:WatchFiles detected changes in 'main.py'. Reloading...
INFO:uvicorn.error:Started server process [26640]
INFO:uvicorn.error:Waiting for application startup.
INFO:uvicorn.error:Application startup complete.
ERROR:uvicorn.error:Traceback (most recent call last):
  File "C:\Users\LynnCao\AppData\Local\Programs\Python\Python39\lib\asyncio\runners.py", line 44, in run
    return loop.run_until_complete(main)
  File "C:\Users\LynnCao\AppData\Local\Programs\Python\Python39\lib\asyncio\base_events.py", line 634, in run_until_complete
    self.run_forever()
  File "C:\Users\LynnCao\AppData\Local\Programs\Python\Python39\lib\asyncio\base_events.py", line 601, in run_forever
    self._run_once()
  File "C:\Users\LynnCao\AppData\Local\Programs\Python\Python39\lib\asyncio\base_events.py", line 1905, in _run_once
    handle._run()
  File "C:\Users\LynnCao\AppData\Local\Programs\Python\Python39\lib\asyncio\events.py", line 80, in _run
    self._context.run(self._callback, *self._args)
  File "C:\Temp\pythonProject\backend_api\myenv\lib\site-packages\uvicorn\server.py", line 71, in serve
    await self._serve(sockets)
  File "C:\Users\LynnCao\AppData\Local\Programs\Python\Python39\lib\contextlib.py", line 126, in __exit__
    next(self.gen)
  File "C:\Temp\pythonProject\backend_api\myenv\lib\site-packages\uvicorn\server.py", line 331, in capture_signals
    signal.raise_signal(captured_signal)
KeyboardInterrupt

During handling of the above exception, another exception occurred:

Traceback (most recent call last):
  File "C:\Temp\pythonProject\backend_api\myenv\lib\site-packages\starlette\routing.py", line 700, in lifespan
    await receive()
  File "C:\Temp\pythonProject\backend_api\myenv\lib\site-packages\uvicorn\lifespan\on.py", line 137, in receive
    return await self.receive_queue.get()
  File "C:\Users\LynnCao\AppData\Local\Programs\Python\Python39\lib\asyncio\queues.py", line 166, in get
    await getter
asyncio.exceptions.CancelledError

WARNING:uvicorn.error:WatchFiles detected changes in 'main.py'. Reloading...
INFO:uvicorn.error:Started server process [1612]
INFO:uvicorn.error:Waiting for application startup.
INFO:uvicorn.error:Application startup complete.
ERROR:uvicorn.error:Traceback (most recent call last):
  File "C:\Users\LynnCao\AppData\Local\Programs\Python\Python39\lib\asyncio\runners.py", line 44, in run
    return loop.run_until_complete(main)
  File "C:\Users\LynnCao\AppData\Local\Programs\Python\Python39\lib\asyncio\base_events.py", line 634, in run_until_complete
    self.run_forever()
  File "C:\Users\LynnCao\AppData\Local\Programs\Python\Python39\lib\asyncio\base_events.py", line 601, in run_forever
    self._run_once()
  File "C:\Users\LynnCao\AppData\Local\Programs\Python\Python39\lib\asyncio\base_events.py", line 1905, in _run_once
    handle._run()
  File "C:\Users\LynnCao\AppData\Local\Programs\Python\Python39\lib\asyncio\events.py", line 80, in _run
    self._context.run(self._callback, *self._args)
  File "C:\Temp\pythonProject\backend_api\myenv\lib\site-packages\uvicorn\server.py", line 71, in serve
    await self._serve(sockets)
  File "C:\Users\LynnCao\AppData\Local\Programs\Python\Python39\lib\contextlib.py", line 126, in __exit__
    next(self.gen)
  File "C:\Temp\pythonProject\backend_api\myenv\lib\site-packages\uvicorn\server.py", line 331, in capture_signals
    signal.raise_signal(captured_signal)
KeyboardInterrupt

During handling of the above exception, another exception occurred:

Traceback (most recent call last):
  File "C:\Temp\pythonProject\backend_api\myenv\lib\site-packages\starlette\routing.py", line 700, in lifespan
    await receive()
  File "C:\Temp\pythonProject\backend_api\myenv\lib\site-packages\uvicorn\lifespan\on.py", line 137, in receive
    return await self.receive_queue.get()
  File "C:\Users\LynnCao\AppData\Local\Programs\Python\Python39\lib\asyncio\queues.py", line 166, in get
    await getter
asyncio.exceptions.CancelledError

WARNING:uvicorn.error:WatchFiles detected changes in 'main.py'. Reloading...
INFO:uvicorn.error:Started server process [6020]
INFO:uvicorn.error:Waiting for application startup.
INFO:uvicorn.error:Application startup complete.
WARNING:uvicorn.error:WatchFiles detected changes in 'main.py'. Reloading...
INFO:uvicorn.error:Shutting down
INFO:uvicorn.error:Waiting for application shutdown.
INFO:uvicorn.error:Application shutdown complete.
INFO:uvicorn.error:Finished server process [6020]
WARNING:uvicorn.error:WatchFiles detected changes in 'main.py'. Reloading...
WARNING:uvicorn.error:WatchFiles detected changes in 'main.py'. Reloading...
INFO:uvicorn.error:Started server process [10036]
INFO:uvicorn.error:Waiting for application startup.
INFO:uvicorn.error:Application startup complete.
WARNING:uvicorn.error:WatchFiles detected changes in 'main.py'. Reloading...
INFO:uvicorn.error:Shutting down
INFO:uvicorn.error:Waiting for application shutdown.
INFO:uvicorn.error:Application shutdown complete.
INFO:uvicorn.error:Finished server process [10036]
INFO:uvicorn.error:Started server process [22932]
INFO:uvicorn.error:Waiting for application startup.
INFO:uvicorn.error:Application startup complete.
WARNING:uvicorn.error:WatchFiles detected changes in 'main.py'. Reloading...
INFO:uvicorn.error:Shutting down
INFO:uvicorn.error:Waiting for application shutdown.
INFO:uvicorn.error:Application shutdown complete.
INFO:uvicorn.error:Finished server process [22932]
INFO:uvicorn.error:Started server process [22616]
INFO:uvicorn.error:Waiting for application startup.
INFO:uvicorn.error:Application startup complete.
INFO:uvicorn.error:Shutting down
INFO:uvicorn.error:Waiting for application shutdown.
INFO:uvicorn.error:Application shutdown complete.
INFO:uvicorn.error:Finished server process [22616]
WARNING:uvicorn.error:WatchFiles detected changes in 'combined_analysis.py'. Reloading...
INFO:uvicorn.error:Started server process [20076]
INFO:uvicorn.error:Waiting for application startup.
INFO:uvicorn.error:Application startup complete.
WARNING:uvicorn.error:WatchFiles detected changes in 'combined_analysis.py'. Reloading...
INFO:uvicorn.error:Shutting down
INFO:uvicorn.error:Waiting for application shutdown.
INFO:uvicorn.error:Application shutdown complete.
INFO:uvicorn.error:Finished server process [20076]
WARNING:uvicorn.error:WatchFiles detected changes in 'combined_analysis.py'. Reloading...
WARNING:uvicorn.error:WatchFiles detected changes in 'combined_analysis.py'. Reloading...
INFO:uvicorn.error:Started server process [6860]
INFO:uvicorn.error:Waiting for application startup.
INFO:uvicorn.error:Application startup complete.
WARNING:uvicorn.error:WatchFiles detected changes in 'main.py'. Reloading...
INFO:uvicorn.error:Shutting down
INFO:uvicorn.error:Waiting for application shutdown.
INFO:uvicorn.error:Application shutdown complete.
INFO:uvicorn.error:Finished server process [6860]
INFO:uvicorn.error:Started server process [25280]
INFO:uvicorn.error:Waiting for application startup.
INFO:uvicorn.error:Application startup complete.
WARNING:uvicorn.error:WatchFiles detected changes in 'main.py'. Reloading...
INFO:uvicorn.error:Shutting down
INFO:uvicorn.error:Waiting for application shutdown.
INFO:uvicorn.error:Application shutdown complete.
INFO:uvicorn.error:Finished server process [25280]
INFO:uvicorn.error:Started server process [25828]
INFO:uvicorn.error:Waiting for application startup.
INFO:uvicorn.error:Application startup complete.
WARNING:uvicorn.error:WatchFiles detected changes in 'main.py'. Reloading...
INFO:uvicorn.error:Shutting down
INFO:uvicorn.error:Waiting for application shutdown.
INFO:uvicorn.error:Application shutdown complete.
INFO:uvicorn.error:Finished server process [25828]
WARNING:uvicorn.error:WatchFiles detected changes in 'main.py'. Reloading...
INFO:uvicorn.error:Started server process [10332]
INFO:uvicorn.error:Waiting for application startup.
INFO:uvicorn.error:Application startup complete.
ERROR:uvicorn.error:Traceback (most recent call last):
  File "C:\Users\LynnCao\AppData\Local\Programs\Python\Python39\lib\asyncio\runners.py", line 44, in run
    return loop.run_until_complete(main)
  File "C:\Users\LynnCao\AppData\Local\Programs\Python\Python39\lib\asyncio\base_events.py", line 634, in run_until_complete
    self.run_forever()
  File "C:\Users\LynnCao\AppData\Local\Programs\Python\Python39\lib\asyncio\base_events.py", line 601, in run_forever
    self._run_once()
  File "C:\Users\LynnCao\AppData\Local\Programs\Python\Python39\lib\asyncio\base_events.py", line 1905, in _run_once
    handle._run()
  File "C:\Users\LynnCao\AppData\Local\Programs\Python\Python39\lib\asyncio\events.py", line 80, in _run
    self._context.run(self._callback, *self._args)
  File "C:\Temp\pythonProject\backend_api\myenv\lib\site-packages\uvicorn\server.py", line 71, in serve
    await self._serve(sockets)
  File "C:\Users\LynnCao\AppData\Local\Programs\Python\Python39\lib\contextlib.py", line 126, in __exit__
    next(self.gen)
  File "C:\Temp\pythonProject\backend_api\myenv\lib\site-packages\uvicorn\server.py", line 331, in capture_signals
    signal.raise_signal(captured_signal)
KeyboardInterrupt

During handling of the above exception, another exception occurred:

Traceback (most recent call last):
  File "C:\Temp\pythonProject\backend_api\myenv\lib\site-packages\starlette\routing.py", line 700, in lifespan
    await receive()
  File "C:\Temp\pythonProject\backend_api\myenv\lib\site-packages\uvicorn\lifespan\on.py", line 137, in receive
    return await self.receive_queue.get()
  File "C:\Users\LynnCao\AppData\Local\Programs\Python\Python39\lib\asyncio\queues.py", line 166, in get
    await getter
asyncio.exceptions.CancelledError

INFO:uvicorn.error:Started server process [21340]
INFO:uvicorn.error:Waiting for application startup.
INFO:uvicorn.error:Application startup complete.
WARNING:uvicorn.error:WatchFiles detected changes in 'main.py'. Reloading...
INFO:uvicorn.error:Shutting down
INFO:uvicorn.error:Waiting for application shutdown.
INFO:uvicorn.error:Application shutdown complete.
INFO:uvicorn.error:Finished server process [21340]
WARNING:uvicorn.error:WatchFiles detected changes in 'main.py'. Reloading...
INFO:uvicorn.error:Started server process [28288]
INFO:uvicorn.error:Waiting for application startup.
INFO:uvicorn.error:Application startup complete.
ERROR:uvicorn.error:Traceback (most recent call last):
  File "C:\Users\LynnCao\AppData\Local\Programs\Python\Python39\lib\asyncio\runners.py", line 44, in run
    return loop.run_until_complete(main)
  File "C:\Users\LynnCao\AppData\Local\Programs\Python\Python39\lib\asyncio\base_events.py", line 634, in run_until_complete
    self.run_forever()
  File "C:\Users\LynnCao\AppData\Local\Programs\Python\Python39\lib\asyncio\base_events.py", line 601, in run_forever
    self._run_once()
  File "C:\Users\LynnCao\AppData\Local\Programs\Python\Python39\lib\asyncio\base_events.py", line 1905, in _run_once
    handle._run()
  File "C:\Users\LynnCao\AppData\Local\Programs\Python\Python39\lib\asyncio\events.py", line 80, in _run
    self._context.run(self._callback, *self._args)
  File "C:\Temp\pythonProject\backend_api\myenv\lib\site-packages\uvicorn\server.py", line 71, in serve
    await self._serve(sockets)
  File "C:\Users\LynnCao\AppData\Local\Programs\Python\Python39\lib\contextlib.py", line 126, in __exit__
    next(self.gen)
  File "C:\Temp\pythonProject\backend_api\myenv\lib\site-packages\uvicorn\server.py", line 331, in capture_signals
    signal.raise_signal(captured_signal)
KeyboardInterrupt

During handling of the above exception, another exception occurred:

Traceback (most recent call last):
  File "C:\Temp\pythonProject\backend_api\myenv\lib\site-packages\starlette\routing.py", line 700, in lifespan
    await receive()
  File "C:\Temp\pythonProject\backend_api\myenv\lib\site-packages\uvicorn\lifespan\on.py", line 137, in receive
    return await self.receive_queue.get()
  File "C:\Users\LynnCao\AppData\Local\Programs\Python\Python39\lib\asyncio\queues.py", line 166, in get
    await getter
asyncio.exceptions.CancelledError

INFO:uvicorn.error:Started server process [28400]
INFO:uvicorn.error:Waiting for application startup.
INFO:uvicorn.error:Application startup complete.
WARNING:uvicorn.error:WatchFiles detected changes in 'combined_analysis.py'. Reloading...
INFO:uvicorn.error:Shutting down
INFO:uvicorn.error:Waiting for application shutdown.
INFO:uvicorn.error:Application shutdown complete.
INFO:uvicorn.error:Finished server process [28400]
WARNING:uvicorn.error:WatchFiles detected changes in 'combined_analysis.py'. Reloading...
INFO:uvicorn.error:Started server process [12140]
INFO:uvicorn.error:Waiting for application startup.
INFO:uvicorn.error:Application startup complete.
WARNING:uvicorn.error:WatchFiles detected changes in 'combined_analysis.py'. Reloading...
INFO:uvicorn.error:Shutting down
INFO:uvicorn.error:Waiting for application shutdown.
INFO:uvicorn.error:Application shutdown complete.
INFO:uvicorn.error:Finished server process [12140]
INFO:uvicorn.error:Started server process [8984]
INFO:uvicorn.error:Waiting for application startup.
INFO:uvicorn.error:Application startup complete.
WARNING:uvicorn.error:WatchFiles detected changes in 'combined_analysis.py'. Reloading...
INFO:uvicorn.error:Shutting down
INFO:uvicorn.error:Waiting for application shutdown.
INFO:uvicorn.error:Application shutdown complete.
INFO:uvicorn.error:Finished server process [8984]
INFO:uvicorn.error:Started server process [7904]
INFO:uvicorn.error:Waiting for application startup.
INFO:uvicorn.error:Application startup complete.
WARNING:uvicorn.error:WatchFiles detected changes in 'combined_analysis.py'. Reloading...
INFO:uvicorn.error:Shutting down
INFO:uvicorn.error:Waiting for application shutdown.
INFO:uvicorn.error:Application shutdown complete.
INFO:uvicorn.error:Finished server process [7904]
INFO:uvicorn.error:Started server process [25768]
INFO:uvicorn.error:Waiting for application startup.
INFO:uvicorn.error:Application startup complete.
WARNING:uvicorn.error:WatchFiles detected changes in 'combined_analysis.py'. Reloading...
INFO:uvicorn.error:Shutting down
INFO:uvicorn.error:Waiting for application shutdown.
INFO:uvicorn.error:Application shutdown complete.
INFO:uvicorn.error:Finished server process [25768]
WARNING:uvicorn.error:WatchFiles detected changes in 'combined_analysis.py'. Reloading...
INFO:uvicorn.error:Started server process [23152]
INFO:uvicorn.error:Waiting for application startup.
INFO:uvicorn.error:Application startup complete.
ERROR:uvicorn.error:Traceback (most recent call last):
  File "C:\Users\LynnCao\AppData\Local\Programs\Python\Python39\lib\asyncio\runners.py", line 44, in run
    return loop.run_until_complete(main)
  File "C:\Users\LynnCao\AppData\Local\Programs\Python\Python39\lib\asyncio\base_events.py", line 634, in run_until_complete
    self.run_forever()
  File "C:\Users\LynnCao\AppData\Local\Programs\Python\Python39\lib\asyncio\base_events.py", line 601, in run_forever
    self._run_once()
  File "C:\Users\LynnCao\AppData\Local\Programs\Python\Python39\lib\asyncio\base_events.py", line 1905, in _run_once
    handle._run()
  File "C:\Users\LynnCao\AppData\Local\Programs\Python\Python39\lib\asyncio\events.py", line 80, in _run
    self._context.run(self._callback, *self._args)
  File "C:\Temp\pythonProject\backend_api\myenv\lib\site-packages\uvicorn\server.py", line 71, in serve
    await self._serve(sockets)
  File "C:\Users\LynnCao\AppData\Local\Programs\Python\Python39\lib\contextlib.py", line 126, in __exit__
    next(self.gen)
  File "C:\Temp\pythonProject\backend_api\myenv\lib\site-packages\uvicorn\server.py", line 331, in capture_signals
    signal.raise_signal(captured_signal)
KeyboardInterrupt

During handling of the above exception, another exception occurred:

Traceback (most recent call last):
  File "C:\Temp\pythonProject\backend_api\myenv\lib\site-packages\starlette\routing.py", line 700, in lifespan
    await receive()
  File "C:\Temp\pythonProject\backend_api\myenv\lib\site-packages\uvicorn\lifespan\on.py", line 137, in receive
    return await self.receive_queue.get()
  File "C:\Users\LynnCao\AppData\Local\Programs\Python\Python39\lib\asyncio\queues.py", line 166, in get
    await getter
asyncio.exceptions.CancelledError

INFO:uvicorn.error:Started server process [9016]
INFO:uvicorn.error:Waiting for application startup.
INFO:uvicorn.error:Application startup complete.
WARNING:uvicorn.error:WatchFiles detected changes in 'combined_analysis.py'. Reloading...
INFO:uvicorn.error:Shutting down
INFO:uvicorn.error:Waiting for application shutdown.
INFO:uvicorn.error:Application shutdown complete.
INFO:uvicorn.error:Finished server process [9016]
WARNING:uvicorn.error:WatchFiles detected changes in 'combined_analysis.py'. Reloading...
WARNING:uvicorn.error:WatchFiles detected changes in 'combined_analysis.py'. Reloading...
WARNING:uvicorn.error:WatchFiles detected changes in 'combined_analysis.py'. Reloading...
INFO:uvicorn.error:Started server process [23532]
INFO:uvicorn.error:Waiting for application startup.
INFO:uvicorn.error:Application startup complete.
ERROR:uvicorn.error:Traceback (most recent call last):
  File "C:\Users\LynnCao\AppData\Local\Programs\Python\Python39\lib\asyncio\runners.py", line 44, in run
    return loop.run_until_complete(main)
  File "C:\Users\LynnCao\AppData\Local\Programs\Python\Python39\lib\asyncio\base_events.py", line 634, in run_until_complete
    self.run_forever()
  File "C:\Users\LynnCao\AppData\Local\Programs\Python\Python39\lib\asyncio\base_events.py", line 601, in run_forever
    self._run_once()
  File "C:\Users\LynnCao\AppData\Local\Programs\Python\Python39\lib\asyncio\base_events.py", line 1905, in _run_once
    handle._run()
  File "C:\Users\LynnCao\AppData\Local\Programs\Python\Python39\lib\asyncio\events.py", line 80, in _run
    self._context.run(self._callback, *self._args)
  File "C:\Temp\pythonProject\backend_api\myenv\lib\site-packages\uvicorn\server.py", line 71, in serve
    await self._serve(sockets)
  File "C:\Users\LynnCao\AppData\Local\Programs\Python\Python39\lib\contextlib.py", line 126, in __exit__
    next(self.gen)
  File "C:\Temp\pythonProject\backend_api\myenv\lib\site-packages\uvicorn\server.py", line 331, in capture_signals
    signal.raise_signal(captured_signal)
KeyboardInterrupt

During handling of the above exception, another exception occurred:

Traceback (most recent call last):
  File "C:\Temp\pythonProject\backend_api\myenv\lib\site-packages\starlette\routing.py", line 700, in lifespan
    await receive()
  File "C:\Temp\pythonProject\backend_api\myenv\lib\site-packages\uvicorn\lifespan\on.py", line 137, in receive
    return await self.receive_queue.get()
  File "C:\Users\LynnCao\AppData\Local\Programs\Python\Python39\lib\asyncio\queues.py", line 166, in get
    await getter
asyncio.exceptions.CancelledError

INFO:uvicorn.error:Started server process [15704]
INFO:uvicorn.error:Waiting for application startup.
INFO:uvicorn.error:Application startup complete.
WARNING:uvicorn.error:WatchFiles detected changes in 'combined_analysis.py'. Reloading...
INFO:uvicorn.error:Shutting down
INFO:uvicorn.error:Waiting for application shutdown.
INFO:uvicorn.error:Application shutdown complete.
INFO:uvicorn.error:Finished server process [15704]
WARNING:uvicorn.error:WatchFiles detected changes in 'combined_analysis.py'. Reloading...
INFO:uvicorn.error:Started server process [12228]
INFO:uvicorn.error:Waiting for application startup.
INFO:uvicorn.error:Application startup complete.
WARNING:uvicorn.error:WatchFiles detected changes in 'combined_analysis.py'. Reloading...
INFO:uvicorn.error:Shutting down
INFO:uvicorn.error:Waiting for application shutdown.
INFO:uvicorn.error:Application shutdown complete.
INFO:uvicorn.error:Finished server process [12228]
INFO:uvicorn.error:Started server process [25808]
INFO:uvicorn.error:Waiting for application startup.
INFO:uvicorn.error:Application startup complete.
WARNING:uvicorn.error:WatchFiles detected changes in 'combined_analysis.py'. Reloading...
INFO:uvicorn.error:Shutting down
INFO:uvicorn.error:Waiting for application shutdown.
INFO:uvicorn.error:Application shutdown complete.
INFO:uvicorn.error:Finished server process [25808]
INFO:uvicorn.error:Started server process [25480]
INFO:uvicorn.error:Waiting for application startup.
INFO:uvicorn.error:Application startup complete.
WARNING:uvicorn.error:WatchFiles detected changes in 'combined_analysis.py'. Reloading...
INFO:uvicorn.error:Shutting down
INFO:uvicorn.error:Waiting for application shutdown.
INFO:uvicorn.error:Application shutdown complete.
INFO:uvicorn.error:Finished server process [25480]
INFO:uvicorn.error:Started server process [18584]
INFO:uvicorn.error:Waiting for application startup.
INFO:uvicorn.error:Application startup complete.
WARNING:uvicorn.error:WatchFiles detected changes in 'combined_analysis.py'. Reloading...
INFO:uvicorn.error:Shutting down
INFO:uvicorn.error:Waiting for application shutdown.
INFO:uvicorn.error:Application shutdown complete.
INFO:uvicorn.error:Finished server process [18584]
INFO:uvicorn.error:Started server process [24928]
INFO:uvicorn.error:Waiting for application startup.
INFO:uvicorn.error:Application startup complete.
WARNING:uvicorn.error:WatchFiles detected changes in 'combined_analysis.py'. Reloading...
INFO:uvicorn.error:Shutting down
INFO:uvicorn.error:Waiting for application shutdown.
INFO:uvicorn.error:Application shutdown complete.
INFO:uvicorn.error:Finished server process [24928]
INFO:uvicorn.error:Started server process [22256]
INFO:uvicorn.error:Waiting for application startup.
INFO:uvicorn.error:Application startup complete.
WARNING:uvicorn.error:WatchFiles detected changes in 'combined_analysis.py'. Reloading...
INFO:uvicorn.error:Shutting down
INFO:uvicorn.error:Waiting for application shutdown.
INFO:uvicorn.error:Application shutdown complete.
INFO:uvicorn.error:Finished server process [22256]
INFO:uvicorn.error:Started server process [27644]
INFO:uvicorn.error:Waiting for application startup.
INFO:uvicorn.error:Application startup complete.
WARNING:uvicorn.error:WatchFiles detected changes in 'combined_analysis.py'. Reloading...
INFO:uvicorn.error:Shutting down
INFO:uvicorn.error:Waiting for application shutdown.
INFO:uvicorn.error:Application shutdown complete.
INFO:uvicorn.error:Finished server process [27644]
WARNING:uvicorn.error:WatchFiles detected changes in 'combined_analysis.py'. Reloading...
WARNING:uvicorn.error:WatchFiles detected changes in 'combined_analysis.py'. Reloading...
WARNING:uvicorn.error:WatchFiles detected changes in 'combined_analysis.py'. Reloading...
WARNING:uvicorn.error:WatchFiles detected changes in 'combined_analysis.py'. Reloading...
WARNING:uvicorn.error:WatchFiles detected changes in 'combined_analysis.py'. Reloading...
WARNING:uvicorn.error:WatchFiles detected changes in 'combined_analysis.py'. Reloading...
WARNING:uvicorn.error:WatchFiles detected changes in 'combined_analysis.py'. Reloading...
INFO:uvicorn.error:Started server process [24744]
INFO:uvicorn.error:Waiting for application startup.
INFO:uvicorn.error:Application startup complete.
WARNING:uvicorn.error:Invalid HTTP request received.
WARNING:uvicorn.error:Invalid HTTP request received.
INFO:uvicorn.error:Shutting down
INFO:uvicorn.error:Waiting for application shutdown.
INFO:uvicorn.error:Application shutdown complete.
INFO:uvicorn.error:Finished server process [24744]
WARNING:uvicorn.error:WatchFiles detected changes in 'combined_analysis.py'. Reloading...
INFO:uvicorn.error:Started server process [16124]
INFO:uvicorn.error:Waiting for application startup.
INFO:uvicorn.error:Application startup complete.
WARNING:uvicorn.error:WatchFiles detected changes in 'myenv\Lib\site-packages\sqlalchemy\types.py', 'myenv\Lib\site-packages\sqlalchemy\util\langhelpers.py', 'myenv\Lib\site-packages\pyparsing\testing.py', 'myenv\Lib\site-packages\pyparsing\exceptions.py', 'myenv\Lib\site-packages\sqlalchemy\util\deprecations.py', 'myenv\Lib\site-packages\sqlalchemy\__init__.py', 'myenv\Lib\site-packages\sqlalchemy\util\tool_support.py', 'myenv\Lib\site-packages\pyparsing\unicode.py', 'myenv\Lib\site-packages\pyasn1\debug.py', 'myenv\Lib\site-packages\pyparsing\util.py', 'myenv\Lib\site-packages\typing_extensions.py', 'myenv\Lib\site-packages\pyparsing\tools\cvt_pyparsing_pep8_names.py', 'myenv\Lib\site-packages\pyparsing\common.py', 'myenv\Lib\site-packages\pylab.py', 'myenv\Lib\site-packages\pyparsing\helpers.py', 'myenv\Lib\site-packages\sqlalchemy\util\queue.py', 'myenv\Lib\site-packages\sqlalchemy\util\compat.py', 'myenv\Lib\site-packages\pyparsing\__init__.py', 'myenv\Lib\site-packages\sqlalchemy\util\concurrency.py', 'myenv\Lib\site-packages\sqlalchemy\util\preloaded.py'. Reloading...
INFO:uvicorn.error:Shutting down
INFO:uvicorn.error:Waiting for application shutdown.
INFO:uvicorn.error:Application shutdown complete.
INFO:uvicorn.error:Finished server process [16124]
WARNING:uvicorn.error:WatchFiles detected changes in 'myenv\Lib\site-packages\wrapt\__init__.py', 'myenv\Lib\site-packages\yaml\nodes.py', 'myenv\Lib\site-packages\wrapt\wrappers.py'. Reloading...
INFO:uvicorn.error:Started server process [18692]
INFO:uvicorn.error:Waiting for application startup.
INFO:uvicorn.error:Application startup complete.
ERROR:uvicorn.error:Traceback (most recent call last):
  File "C:\Users\LynnCao\AppData\Local\Programs\Python\Python39\lib\asyncio\runners.py", line 44, in run
    return loop.run_until_complete(main)
  File "C:\Users\LynnCao\AppData\Local\Programs\Python\Python39\lib\asyncio\base_events.py", line 634, in run_until_complete
    self.run_forever()
  File "C:\Users\LynnCao\AppData\Local\Programs\Python\Python39\lib\asyncio\base_events.py", line 601, in run_forever
    self._run_once()
  File "C:\Users\LynnCao\AppData\Local\Programs\Python\Python39\lib\asyncio\base_events.py", line 1905, in _run_once
    handle._run()
  File "C:\Users\LynnCao\AppData\Local\Programs\Python\Python39\lib\asyncio\events.py", line 80, in _run
    self._context.run(self._callback, *self._args)
  File "C:\Temp\pythonProject\backend_api\myenv\lib\site-packages\uvicorn\server.py", line 71, in serve
    await self._serve(sockets)
  File "C:\Users\LynnCao\AppData\Local\Programs\Python\Python39\lib\contextlib.py", line 126, in __exit__
    next(self.gen)
  File "C:\Temp\pythonProject\backend_api\myenv\lib\site-packages\uvicorn\server.py", line 331, in capture_signals
    signal.raise_signal(captured_signal)
KeyboardInterrupt

During handling of the above exception, another exception occurred:

Traceback (most recent call last):
  File "C:\Temp\pythonProject\backend_api\myenv\lib\site-packages\starlette\routing.py", line 700, in lifespan
    await receive()
  File "C:\Temp\pythonProject\backend_api\myenv\lib\site-packages\uvicorn\lifespan\on.py", line 137, in receive
    return await self.receive_queue.get()
  File "C:\Users\LynnCao\AppData\Local\Programs\Python\Python39\lib\asyncio\queues.py", line 166, in get
    await getter
asyncio.exceptions.CancelledError

INFO:uvicorn.error:Started server process [14172]
INFO:uvicorn.error:Waiting for application startup.
INFO:uvicorn.error:Application startup complete.
WARNING:uvicorn.error:WatchFiles detected changes in 'main.py'. Reloading...
INFO:uvicorn.error:Shutting down
INFO:uvicorn.error:Waiting for application shutdown.
INFO:uvicorn.error:Application shutdown complete.
INFO:uvicorn.error:Finished server process [14172]
INFO:uvicorn.error:Started server process [26816]
INFO:uvicorn.error:Waiting for application startup.
INFO:uvicorn.error:Application startup complete.
WARNING:uvicorn.error:WatchFiles detected changes in 'main.py'. Reloading...
INFO:uvicorn.error:Shutting down
INFO:uvicorn.error:Waiting for application shutdown.
INFO:uvicorn.error:Application shutdown complete.
INFO:uvicorn.error:Finished server process [26816]
INFO:uvicorn.error:Started server process [29836]
INFO:uvicorn.error:Waiting for application startup.
INFO:uvicorn.error:Application startup complete.
WARNING:uvicorn.error:WatchFiles detected changes in 'copymove.py'. Reloading...
INFO:uvicorn.error:Shutting down
INFO:uvicorn.error:Waiting for application shutdown.
INFO:uvicorn.error:Application shutdown complete.
INFO:uvicorn.error:Finished server process [29836]
WARNING:uvicorn.error:WatchFiles detected changes in 'copymove.py'. Reloading...
INFO:uvicorn.error:Started server process [25928]
INFO:uvicorn.error:Waiting for application startup.
INFO:uvicorn.error:Application startup complete.
ERROR:uvicorn.error:Traceback (most recent call last):
  File "C:\Users\LynnCao\AppData\Local\Programs\Python\Python39\lib\asyncio\runners.py", line 44, in run
    return loop.run_until_complete(main)
  File "C:\Users\LynnCao\AppData\Local\Programs\Python\Python39\lib\asyncio\base_events.py", line 634, in run_until_complete
    self.run_forever()
  File "C:\Users\LynnCao\AppData\Local\Programs\Python\Python39\lib\asyncio\base_events.py", line 601, in run_forever
    self._run_once()
  File "C:\Users\LynnCao\AppData\Local\Programs\Python\Python39\lib\asyncio\base_events.py", line 1905, in _run_once
    handle._run()
  File "C:\Users\LynnCao\AppData\Local\Programs\Python\Python39\lib\asyncio\events.py", line 80, in _run
    self._context.run(self._callback, *self._args)
  File "C:\Temp\pythonProject\backend_api\myenv\lib\site-packages\uvicorn\server.py", line 71, in serve
    await self._serve(sockets)
  File "C:\Users\LynnCao\AppData\Local\Programs\Python\Python39\lib\contextlib.py", line 126, in __exit__
    next(self.gen)
  File "C:\Temp\pythonProject\backend_api\myenv\lib\site-packages\uvicorn\server.py", line 331, in capture_signals
    signal.raise_signal(captured_signal)
KeyboardInterrupt

During handling of the above exception, another exception occurred:

Traceback (most recent call last):
  File "C:\Temp\pythonProject\backend_api\myenv\lib\site-packages\starlette\routing.py", line 700, in lifespan
    await receive()
  File "C:\Temp\pythonProject\backend_api\myenv\lib\site-packages\uvicorn\lifespan\on.py", line 137, in receive
    return await self.receive_queue.get()
  File "C:\Users\LynnCao\AppData\Local\Programs\Python\Python39\lib\asyncio\queues.py", line 166, in get
    await getter
asyncio.exceptions.CancelledError

INFO:uvicorn.error:Started server process [7964]
INFO:uvicorn.error:Waiting for application startup.
INFO:uvicorn.error:Application startup complete.
WARNING:uvicorn.error:WatchFiles detected changes in 'copymove.py'. Reloading...
INFO:uvicorn.error:Shutting down
INFO:uvicorn.error:Waiting for application shutdown.
INFO:uvicorn.error:Application shutdown complete.
INFO:uvicorn.error:Finished server process [7964]
INFO:uvicorn.error:Started server process [21728]
INFO:uvicorn.error:Waiting for application startup.
INFO:uvicorn.error:Application startup complete.
ERROR:uvicorn.error:Traceback (most recent call last):
  File "C:\Users\LynnCao\AppData\Local\Programs\Python\Python39\lib\asyncio\runners.py", line 44, in run
    return loop.run_until_complete(main)
  File "C:\Users\LynnCao\AppData\Local\Programs\Python\Python39\lib\asyncio\base_events.py", line 634, in run_until_complete
    self.run_forever()
  File "C:\Users\LynnCao\AppData\Local\Programs\Python\Python39\lib\asyncio\base_events.py", line 601, in run_forever
    self._run_once()
  File "C:\Users\LynnCao\AppData\Local\Programs\Python\Python39\lib\asyncio\base_events.py", line 1905, in _run_once
    handle._run()
  File "C:\Users\LynnCao\AppData\Local\Programs\Python\Python39\lib\asyncio\events.py", line 80, in _run
    self._context.run(self._callback, *self._args)
  File "C:\Temp\pythonProject\backend_api\myenv\lib\site-packages\uvicorn\server.py", line 71, in serve
    await self._serve(sockets)
  File "C:\Users\LynnCao\AppData\Local\Programs\Python\Python39\lib\contextlib.py", line 126, in __exit__
    next(self.gen)
  File "C:\Temp\pythonProject\backend_api\myenv\lib\site-packages\uvicorn\server.py", line 331, in capture_signals
    signal.raise_signal(captured_signal)
KeyboardInterrupt

During handling of the above exception, another exception occurred:

Traceback (most recent call last):
  File "C:\Temp\pythonProject\backend_api\myenv\lib\site-packages\starlette\routing.py", line 700, in lifespan
    await receive()
  File "C:\Temp\pythonProject\backend_api\myenv\lib\site-packages\uvicorn\lifespan\on.py", line 137, in receive
    return await self.receive_queue.get()
  File "C:\Users\LynnCao\AppData\Local\Programs\Python\Python39\lib\asyncio\queues.py", line 166, in get
    await getter
asyncio.exceptions.CancelledError

WARNING:uvicorn.error:WatchFiles detected changes in 'copymove.py'. Reloading...
INFO:uvicorn.error:Started server process [18084]
INFO:uvicorn.error:Waiting for application startup.
INFO:uvicorn.error:Application startup complete.
WARNING:uvicorn.error:WatchFiles detected changes in 'copymove.py'. Reloading...
INFO:uvicorn.error:Shutting down
INFO:uvicorn.error:Waiting for application shutdown.
INFO:uvicorn.error:Application shutdown complete.
INFO:uvicorn.error:Finished server process [18084]
INFO:uvicorn.error:Started server process [16104]
INFO:uvicorn.error:Waiting for application startup.
INFO:uvicorn.error:Application startup complete.
WARNING:uvicorn.error:WatchFiles detected changes in 'copymove.py'. Reloading...
INFO:uvicorn.error:Shutting down
INFO:uvicorn.error:Waiting for application shutdown.
INFO:uvicorn.error:Application shutdown complete.
INFO:uvicorn.error:Finished server process [16104]
INFO:uvicorn.error:Started server process [29548]
INFO:uvicorn.error:Waiting for application startup.
INFO:uvicorn.error:Application startup complete.
WARNING:uvicorn.error:WatchFiles detected changes in 'copymove.py'. Reloading...
INFO:uvicorn.error:Shutting down
INFO:uvicorn.error:Waiting for application shutdown.
INFO:uvicorn.error:Application shutdown complete.
INFO:uvicorn.error:Finished server process [29548]
WARNING:uvicorn.error:WatchFiles detected changes in 'copymove.py'. Reloading...
INFO:uvicorn.error:Started server process [10428]
INFO:uvicorn.error:Waiting for application startup.
INFO:uvicorn.error:Application startup complete.
ERROR:uvicorn.error:Traceback (most recent call last):
  File "C:\Users\LynnCao\AppData\Local\Programs\Python\Python39\lib\asyncio\runners.py", line 44, in run
    return loop.run_until_complete(main)
  File "C:\Users\LynnCao\AppData\Local\Programs\Python\Python39\lib\asyncio\base_events.py", line 634, in run_until_complete
    self.run_forever()
  File "C:\Users\LynnCao\AppData\Local\Programs\Python\Python39\lib\asyncio\base_events.py", line 601, in run_forever
    self._run_once()
  File "C:\Users\LynnCao\AppData\Local\Programs\Python\Python39\lib\asyncio\base_events.py", line 1905, in _run_once
    handle._run()
  File "C:\Users\LynnCao\AppData\Local\Programs\Python\Python39\lib\asyncio\events.py", line 80, in _run
    self._context.run(self._callback, *self._args)
  File "C:\Temp\pythonProject\backend_api\myenv\lib\site-packages\uvicorn\server.py", line 71, in serve
    await self._serve(sockets)
  File "C:\Users\LynnCao\AppData\Local\Programs\Python\Python39\lib\contextlib.py", line 126, in __exit__
    next(self.gen)
  File "C:\Temp\pythonProject\backend_api\myenv\lib\site-packages\uvicorn\server.py", line 331, in capture_signals
    signal.raise_signal(captured_signal)
KeyboardInterrupt

During handling of the above exception, another exception occurred:

Traceback (most recent call last):
  File "C:\Temp\pythonProject\backend_api\myenv\lib\site-packages\starlette\routing.py", line 700, in lifespan
    await receive()
  File "C:\Temp\pythonProject\backend_api\myenv\lib\site-packages\uvicorn\lifespan\on.py", line 137, in receive
    return await self.receive_queue.get()
  File "C:\Users\LynnCao\AppData\Local\Programs\Python\Python39\lib\asyncio\queues.py", line 166, in get
    await getter
asyncio.exceptions.CancelledError

INFO:uvicorn.error:Started server process [26528]
INFO:uvicorn.error:Waiting for application startup.
INFO:uvicorn.error:Application startup complete.
WARNING:uvicorn.error:WatchFiles detected changes in 'copymove.py'. Reloading...
INFO:uvicorn.error:Shutting down
INFO:uvicorn.error:Waiting for application shutdown.
INFO:uvicorn.error:Application shutdown complete.
INFO:uvicorn.error:Finished server process [26528]
INFO:uvicorn.error:Started server process [25152]
INFO:uvicorn.error:Waiting for application startup.
INFO:uvicorn.error:Application startup complete.
WARNING:uvicorn.error:WatchFiles detected changes in 'edge_detection.py'. Reloading...
INFO:uvicorn.error:Shutting down
INFO:uvicorn.error:Waiting for application shutdown.
INFO:uvicorn.error:Application shutdown complete.
INFO:uvicorn.error:Finished server process [25152]
WARNING:uvicorn.error:WatchFiles detected changes in 'edge_detection.py'. Reloading...
WARNING:uvicorn.error:WatchFiles detected changes in 'edge_detection.py'. Reloading...
WARNING:uvicorn.error:WatchFiles detected changes in 'edge_detection.py'. Reloading...
WARNING:uvicorn.error:WatchFiles detected changes in 'edge_detection.py'. Reloading...
WARNING:uvicorn.error:WatchFiles detected changes in 'edge_detection.py'. Reloading...
WARNING:uvicorn.error:WatchFiles detected changes in 'utility.py'. Reloading...
WARNING:uvicorn.error:WatchFiles detected changes in 'utility.py'. Reloading...
INFO:uvicorn.error:Started server process [30624]
INFO:uvicorn.error:Waiting for application startup.
INFO:uvicorn.error:Application startup complete.
WARNING:uvicorn.error:WatchFiles detected changes in 'edge_detection.py'. Reloading...
INFO:uvicorn.error:Shutting down
INFO:uvicorn.error:Waiting for application shutdown.
INFO:uvicorn.error:Application shutdown complete.
INFO:uvicorn.error:Finished server process [30624]
INFO:uvicorn.error:Started server process [29404]
INFO:uvicorn.error:Waiting for application startup.
INFO:uvicorn.error:Application startup complete.
WARNING:uvicorn.error:WatchFiles detected changes in 'edge_detection.py'. Reloading...
INFO:uvicorn.error:Shutting down
INFO:uvicorn.error:Waiting for application shutdown.
INFO:uvicorn.error:Application shutdown complete.
INFO:uvicorn.error:Finished server process [29404]
INFO:uvicorn.error:Started server process [27368]
INFO:uvicorn.error:Waiting for application startup.
INFO:uvicorn.error:Application startup complete.
WARNING:uvicorn.error:WatchFiles detected changes in 'main.py'. Reloading...
INFO:uvicorn.error:Shutting down
INFO:uvicorn.error:Waiting for application shutdown.
INFO:uvicorn.error:Application shutdown complete.
INFO:uvicorn.error:Finished server process [27368]
INFO:uvicorn.error:Started server process [30664]
INFO:uvicorn.error:Waiting for application startup.
INFO:uvicorn.error:Application startup complete.
WARNING:uvicorn.error:WatchFiles detected changes in 'utility.py'. Reloading...
INFO:uvicorn.error:Shutting down
INFO:uvicorn.error:Waiting for application shutdown.
INFO:uvicorn.error:Application shutdown complete.
INFO:uvicorn.error:Finished server process [30664]
INFO:uvicorn.error:Started server process [18776]
INFO:uvicorn.error:Waiting for application startup.
INFO:uvicorn.error:Application startup complete.
WARNING:uvicorn.error:WatchFiles detected changes in 'main.py'. Reloading...
INFO:uvicorn.error:Shutting down
INFO:uvicorn.error:Waiting for application shutdown.
INFO:uvicorn.error:Application shutdown complete.
INFO:uvicorn.error:Finished server process [18776]
INFO:uvicorn.error:Started server process [30400]
INFO:uvicorn.error:Waiting for application startup.
INFO:uvicorn.error:Application startup complete.
WARNING:uvicorn.error:WatchFiles detected changes in 'main.py'. Reloading...
INFO:uvicorn.error:Shutting down
INFO:uvicorn.error:Waiting for application shutdown.
INFO:uvicorn.error:Application shutdown complete.
INFO:uvicorn.error:Finished server process [30400]
INFO:uvicorn.error:Started server process [29440]
INFO:uvicorn.error:Waiting for application startup.
INFO:uvicorn.error:Application startup complete.
WARNING:uvicorn.error:WatchFiles detected changes in 'copymove.py'. Reloading...
INFO:uvicorn.error:Shutting down
INFO:uvicorn.error:Waiting for application shutdown.
INFO:uvicorn.error:Application shutdown complete.
INFO:uvicorn.error:Finished server process [29440]
INFO:uvicorn.error:Started server process [25436]
INFO:uvicorn.error:Waiting for application startup.
INFO:uvicorn.error:Application startup complete.
WARNING:uvicorn.error:WatchFiles detected changes in 'copymove.py'. Reloading...
INFO:uvicorn.error:Shutting down
INFO:uvicorn.error:Waiting for application shutdown.
INFO:uvicorn.error:Application shutdown complete.
INFO:uvicorn.error:Finished server process [25436]
INFO:uvicorn.error:Started server process [26040]
INFO:uvicorn.error:Waiting for application startup.
INFO:uvicorn.error:Application startup complete.
WARNING:uvicorn.error:WatchFiles detected changes in 'main.py'. Reloading...
INFO:uvicorn.error:Shutting down
INFO:uvicorn.error:Waiting for application shutdown.
INFO:uvicorn.error:Application shutdown complete.
INFO:uvicorn.error:Finished server process [26040]
INFO:uvicorn.error:Started server process [25448]
INFO:uvicorn.error:Waiting for application startup.
INFO:uvicorn.error:Application startup complete.
WARNING:uvicorn.error:WatchFiles detected changes in 'main.py'. Reloading...
INFO:uvicorn.error:Shutting down
INFO:uvicorn.error:Waiting for application shutdown.
INFO:uvicorn.error:Application shutdown complete.
INFO:uvicorn.error:Finished server process [25448]
INFO:uvicorn.error:Started server process [4912]
INFO:uvicorn.error:Waiting for application startup.
INFO:uvicorn.error:Application startup complete.
WARNING:uvicorn.error:WatchFiles detected changes in 'copymove.py'. Reloading...
INFO:uvicorn.error:Shutting down
INFO:uvicorn.error:Waiting for application shutdown.
INFO:uvicorn.error:Application shutdown complete.
INFO:uvicorn.error:Finished server process [4912]
INFO:uvicorn.error:Started server process [14744]
INFO:uvicorn.error:Waiting for application startup.
INFO:uvicorn.error:Application startup complete.
WARNING:uvicorn.error:WatchFiles detected changes in 'main.py'. Reloading...
INFO:uvicorn.error:Shutting down
INFO:uvicorn.error:Waiting for application shutdown.
INFO:uvicorn.error:Application shutdown complete.
INFO:uvicorn.error:Finished server process [14744]
INFO:uvicorn.error:Started server process [21364]
INFO:uvicorn.error:Waiting for application startup.
INFO:uvicorn.error:Application startup complete.
WARNING:uvicorn.error:WatchFiles detected changes in 'main.py'. Reloading...
INFO:uvicorn.error:Shutting down
INFO:uvicorn.error:Waiting for application shutdown.
INFO:uvicorn.error:Application shutdown complete.
INFO:uvicorn.error:Finished server process [21364]
INFO:uvicorn.error:Started server process [9896]
INFO:uvicorn.error:Waiting for application startup.
INFO:uvicorn.error:Application startup complete.
ERROR:uvicorn.error:Traceback (most recent call last):
  File "C:\Users\LynnCao\AppData\Local\Programs\Python\Python39\lib\asyncio\runners.py", line 44, in run
    return loop.run_until_complete(main)
  File "C:\Users\LynnCao\AppData\Local\Programs\Python\Python39\lib\asyncio\base_events.py", line 634, in run_until_complete
    self.run_forever()
  File "C:\Users\LynnCao\AppData\Local\Programs\Python\Python39\lib\asyncio\base_events.py", line 601, in run_forever
    self._run_once()
  File "C:\Users\LynnCao\AppData\Local\Programs\Python\Python39\lib\asyncio\base_events.py", line 1905, in _run_once
    handle._run()
  File "C:\Users\LynnCao\AppData\Local\Programs\Python\Python39\lib\asyncio\events.py", line 80, in _run
    self._context.run(self._callback, *self._args)
  File "C:\Temp\pythonProject\backend_api\myenv\lib\site-packages\uvicorn\server.py", line 71, in serve
    await self._serve(sockets)
  File "C:\Users\LynnCao\AppData\Local\Programs\Python\Python39\lib\contextlib.py", line 126, in __exit__
    next(self.gen)
  File "C:\Temp\pythonProject\backend_api\myenv\lib\site-packages\uvicorn\server.py", line 331, in capture_signals
    signal.raise_signal(captured_signal)
KeyboardInterrupt

During handling of the above exception, another exception occurred:

Traceback (most recent call last):
  File "C:\Temp\pythonProject\backend_api\myenv\lib\site-packages\starlette\routing.py", line 700, in lifespan
    await receive()
  File "C:\Temp\pythonProject\backend_api\myenv\lib\site-packages\uvicorn\lifespan\on.py", line 137, in receive
    return await self.receive_queue.get()
  File "C:\Users\LynnCao\AppData\Local\Programs\Python\Python39\lib\asyncio\queues.py", line 166, in get
    await getter
asyncio.exceptions.CancelledError

WARNING:uvicorn.error:WatchFiles detected changes in 'main.py'. Reloading...
INFO:uvicorn.error:Started server process [28336]
INFO:uvicorn.error:Waiting for application startup.
INFO:uvicorn.error:Application startup complete.
WARNING:uvicorn.error:WatchFiles detected changes in 'main.py'. Reloading...
INFO:uvicorn.error:Shutting down
INFO:uvicorn.error:Waiting for application shutdown.
INFO:uvicorn.error:Application shutdown complete.
INFO:uvicorn.error:Finished server process [28336]
WARNING:uvicorn.error:WatchFiles detected changes in 'main.py'. Reloading...
WARNING:uvicorn.error:WatchFiles detected changes in 'main.py'. Reloading...
INFO:uvicorn.error:Started server process [14812]
INFO:uvicorn.error:Waiting for application startup.
INFO:uvicorn.error:Application startup complete.
WARNING:uvicorn.error:WatchFiles detected changes in 'main.py'. Reloading...
INFO:uvicorn.error:Shutting down
INFO:uvicorn.error:Waiting for application shutdown.
INFO:uvicorn.error:Application shutdown complete.
INFO:uvicorn.error:Finished server process [14812]
INFO:uvicorn.error:Started server process [4324]
INFO:uvicorn.error:Waiting for application startup.
INFO:uvicorn.error:Application startup complete.
WARNING:uvicorn.error:WatchFiles detected changes in 'main.py'. Reloading...
INFO:uvicorn.error:Shutting down
INFO:uvicorn.error:Waiting for application shutdown.
INFO:uvicorn.error:Application shutdown complete.
INFO:uvicorn.error:Finished server process [4324]
INFO:uvicorn.error:Started server process [6988]
INFO:uvicorn.error:Waiting for application startup.
INFO:uvicorn.error:Application startup complete.
WARNING:uvicorn.error:WatchFiles detected changes in 'main.py'. Reloading...
INFO:uvicorn.error:Shutting down
INFO:uvicorn.error:Waiting for application shutdown.
INFO:uvicorn.error:Application shutdown complete.
INFO:uvicorn.error:Finished server process [6988]
INFO:uvicorn.error:Started server process [21892]
INFO:uvicorn.error:Waiting for application startup.
INFO:uvicorn.error:Application startup complete.
WARNING:uvicorn.error:WatchFiles detected changes in 'main.py'. Reloading...
INFO:uvicorn.error:Shutting down
INFO:uvicorn.error:Waiting for application shutdown.
INFO:uvicorn.error:Application shutdown complete.
INFO:uvicorn.error:Finished server process [21892]
INFO:uvicorn.error:Started server process [14952]
INFO:uvicorn.error:Waiting for application startup.
INFO:uvicorn.error:Application startup complete.
WARNING:uvicorn.error:WatchFiles detected changes in 'main.py'. Reloading...
INFO:uvicorn.error:Shutting down
INFO:uvicorn.error:Waiting for application shutdown.
INFO:uvicorn.error:Application shutdown complete.
INFO:uvicorn.error:Finished server process [14952]
INFO:uvicorn.error:Started server process [12944]
INFO:uvicorn.error:Waiting for application startup.
INFO:uvicorn.error:Application startup complete.
WARNING:uvicorn.error:WatchFiles detected changes in 'detect_AI_new.py'. Reloading...
INFO:uvicorn.error:Shutting down
INFO:uvicorn.error:Waiting for application shutdown.
INFO:uvicorn.error:Application shutdown complete.
INFO:uvicorn.error:Finished server process [12944]
INFO:uvicorn.error:Started server process [28932]
INFO:uvicorn.error:Waiting for application startup.
INFO:uvicorn.error:Application startup complete.
WARNING:uvicorn.error:WatchFiles detected changes in 'detect_AI_new.py'. Reloading...
INFO:uvicorn.error:Shutting down
INFO:uvicorn.error:Waiting for application shutdown.
INFO:uvicorn.error:Application shutdown complete.
INFO:uvicorn.error:Finished server process [28932]
INFO:uvicorn.error:Started server process [16772]
INFO:uvicorn.error:Waiting for application startup.
INFO:uvicorn.error:Application startup complete.
WARNING:uvicorn.error:WatchFiles detected changes in 'detect_AI_new.py'. Reloading...
INFO:uvicorn.error:Shutting down
INFO:uvicorn.error:Waiting for application shutdown.
INFO:uvicorn.error:Application shutdown complete.
INFO:uvicorn.error:Finished server process [16772]
INFO:uvicorn.error:Started server process [1308]
INFO:uvicorn.error:Waiting for application startup.
INFO:uvicorn.error:Application startup complete.
WARNING:uvicorn.error:WatchFiles detected changes in 'main.py'. Reloading...
INFO:uvicorn.error:Shutting down
INFO:uvicorn.error:Waiting for application shutdown.
INFO:uvicorn.error:Application shutdown complete.
INFO:uvicorn.error:Finished server process [1308]
INFO:uvicorn.error:Started server process [23676]
INFO:uvicorn.error:Waiting for application startup.
INFO:uvicorn.error:Application startup complete.
WARNING:uvicorn.error:WatchFiles detected changes in 'detect_AI.py'. Reloading...
INFO:uvicorn.error:Shutting down
INFO:uvicorn.error:Waiting for application shutdown.
INFO:uvicorn.error:Application shutdown complete.
INFO:uvicorn.error:Finished server process [23676]
INFO:uvicorn.error:Started server process [28836]
INFO:uvicorn.error:Waiting for application startup.
INFO:uvicorn.error:Application startup complete.
WARNING:uvicorn.error:WatchFiles detected changes in 'detect_AI.py'. Reloading...
INFO:uvicorn.error:Shutting down
INFO:uvicorn.error:Waiting for application shutdown.
INFO:uvicorn.error:Application shutdown complete.
INFO:uvicorn.error:Finished server process [28836]
INFO:uvicorn.error:Started server process [9792]
INFO:uvicorn.error:Waiting for application startup.
INFO:uvicorn.error:Application startup complete.
WARNING:uvicorn.error:WatchFiles detected changes in 'main.py'. Reloading...
INFO:uvicorn.error:Shutting down
INFO:uvicorn.error:Waiting for application shutdown.
INFO:uvicorn.error:Application shutdown complete.
INFO:uvicorn.error:Finished server process [9792]
INFO:uvicorn.error:Started server process [16860]
INFO:uvicorn.error:Waiting for application startup.
INFO:uvicorn.error:Application startup complete.
WARNING:uvicorn.error:WatchFiles detected changes in 'detect_AI.py'. Reloading...
INFO:uvicorn.error:Shutting down
INFO:uvicorn.error:Waiting for application shutdown.
INFO:uvicorn.error:Application shutdown complete.
INFO:uvicorn.error:Finished server process [16860]
INFO:uvicorn.error:Started server process [27176]
INFO:uvicorn.error:Waiting for application startup.
INFO:uvicorn.error:Application startup complete.
WARNING:uvicorn.error:WatchFiles detected changes in 'detect_AI.py'. Reloading...
INFO:uvicorn.error:Shutting down
INFO:uvicorn.error:Waiting for application shutdown.
INFO:uvicorn.error:Application shutdown complete.
INFO:uvicorn.error:Finished server process [27176]
INFO:uvicorn.error:Started server process [28772]
INFO:uvicorn.error:Waiting for application startup.
INFO:uvicorn.error:Application startup complete.
WARNING:uvicorn.error:WatchFiles detected changes in 'detect_AI.py'. Reloading...
INFO:uvicorn.error:Shutting down
INFO:uvicorn.error:Waiting for application shutdown.
INFO:uvicorn.error:Application shutdown complete.
INFO:uvicorn.error:Finished server process [28772]
INFO:uvicorn.error:Started server process [29376]
INFO:uvicorn.error:Waiting for application startup.
INFO:uvicorn.error:Application startup complete.
WARNING:uvicorn.error:WatchFiles detected changes in 'detect_AI_new.py'. Reloading...
INFO:uvicorn.error:Shutting down
INFO:uvicorn.error:Waiting for application shutdown.
INFO:uvicorn.error:Application shutdown complete.
INFO:uvicorn.error:Finished server process [29376]
WARNING:uvicorn.error:WatchFiles detected changes in 'main.py'. Reloading...
INFO:uvicorn.error:Started server process [9248]
INFO:uvicorn.error:Waiting for application startup.
INFO:uvicorn.error:Application startup complete.
ERROR:uvicorn.error:Traceback (most recent call last):
  File "C:\Users\LynnCao\AppData\Local\Programs\Python\Python39\lib\asyncio\runners.py", line 44, in run
    return loop.run_until_complete(main)
  File "C:\Users\LynnCao\AppData\Local\Programs\Python\Python39\lib\asyncio\base_events.py", line 634, in run_until_complete
    self.run_forever()
  File "C:\Users\LynnCao\AppData\Local\Programs\Python\Python39\lib\asyncio\base_events.py", line 601, in run_forever
    self._run_once()
  File "C:\Users\LynnCao\AppData\Local\Programs\Python\Python39\lib\asyncio\base_events.py", line 1905, in _run_once
    handle._run()
  File "C:\Users\LynnCao\AppData\Local\Programs\Python\Python39\lib\asyncio\events.py", line 80, in _run
    self._context.run(self._callback, *self._args)
  File "C:\Temp\pythonProject\backend_api\myenv\lib\site-packages\uvicorn\server.py", line 71, in serve
    await self._serve(sockets)
  File "C:\Users\LynnCao\AppData\Local\Programs\Python\Python39\lib\contextlib.py", line 126, in __exit__
    next(self.gen)
  File "C:\Temp\pythonProject\backend_api\myenv\lib\site-packages\uvicorn\server.py", line 331, in capture_signals
    signal.raise_signal(captured_signal)
KeyboardInterrupt

During handling of the above exception, another exception occurred:

Traceback (most recent call last):
  File "C:\Temp\pythonProject\backend_api\myenv\lib\site-packages\starlette\routing.py", line 700, in lifespan
    await receive()
  File "C:\Temp\pythonProject\backend_api\myenv\lib\site-packages\uvicorn\lifespan\on.py", line 137, in receive
    return await self.receive_queue.get()
  File "C:\Users\LynnCao\AppData\Local\Programs\Python\Python39\lib\asyncio\queues.py", line 166, in get
    await getter
asyncio.exceptions.CancelledError

WARNING:uvicorn.error:WatchFiles detected changes in 'detect_AI_new.py'. Reloading...
INFO:uvicorn.error:Started server process [8356]
INFO:uvicorn.error:Waiting for application startup.
INFO:uvicorn.error:Application startup complete.
WARNING:uvicorn.error:WatchFiles detected changes in 'detect_AI_new.py'. Reloading...
INFO:uvicorn.error:Shutting down
INFO:uvicorn.error:Waiting for application shutdown.
INFO:uvicorn.error:Application shutdown complete.
INFO:uvicorn.error:Finished server process [8356]
INFO:uvicorn.error:Started server process [22424]
INFO:uvicorn.error:Waiting for application startup.
INFO:uvicorn.error:Application startup complete.
WARNING:uvicorn.error:WatchFiles detected changes in 'detect_AI.py'. Reloading...
INFO:uvicorn.error:Shutting down
INFO:uvicorn.error:Waiting for application shutdown.
INFO:uvicorn.error:Application shutdown complete.
INFO:uvicorn.error:Finished server process [22424]
INFO:uvicorn.error:Started server process [9656]
INFO:uvicorn.error:Waiting for application startup.
INFO:uvicorn.error:Application startup complete.
WARNING:uvicorn.error:WatchFiles detected changes in 'main.py'. Reloading...
INFO:uvicorn.error:Shutting down
INFO:uvicorn.error:Waiting for application shutdown.
INFO:uvicorn.error:Application shutdown complete.
INFO:uvicorn.error:Finished server process [9656]
WARNING:uvicorn.error:WatchFiles detected changes in 'detect_AI.py'. Reloading...
WARNING:uvicorn.error:WatchFiles detected changes in 'detect_AI.py'. Reloading...
WARNING:uvicorn.error:WatchFiles detected changes in 'detect_AI.py'. Reloading...
INFO:uvicorn.error:Started server process [28836]
INFO:uvicorn.error:Waiting for application startup.
INFO:uvicorn.error:Application startup complete.
WARNING:uvicorn.error:WatchFiles detected changes in 'detect_AI.py'. Reloading...
INFO:uvicorn.error:Shutting down
INFO:uvicorn.error:Waiting for application shutdown.
INFO:uvicorn.error:Application shutdown complete.
INFO:uvicorn.error:Finished server process [28836]
INFO:uvicorn.error:Started server process [29768]
INFO:uvicorn.error:Waiting for application startup.
INFO:uvicorn.error:Application startup complete.
WARNING:uvicorn.error:WatchFiles detected changes in 'detect_AI.py'. Reloading...
INFO:uvicorn.error:Shutting down
INFO:uvicorn.error:Waiting for application shutdown.
INFO:uvicorn.error:Application shutdown complete.
INFO:uvicorn.error:Finished server process [29768]
INFO:uvicorn.error:Started server process [27296]
INFO:uvicorn.error:Waiting for application startup.
INFO:uvicorn.error:Application startup complete.
WARNING:uvicorn.error:WatchFiles detected changes in 'detect_AI.py'. Reloading...
INFO:uvicorn.error:Shutting down
INFO:uvicorn.error:Waiting for application shutdown.
INFO:uvicorn.error:Application shutdown complete.
INFO:uvicorn.error:Finished server process [27296]
WARNING:uvicorn.error:WatchFiles detected changes in 'detect_AI.py'. Reloading...
INFO:uvicorn.error:Started server process [13128]
INFO:uvicorn.error:Waiting for application startup.
INFO:uvicorn.error:Application startup complete.
ERROR:uvicorn.error:Traceback (most recent call last):
  File "C:\Users\LynnCao\AppData\Local\Programs\Python\Python39\lib\asyncio\runners.py", line 44, in run
    return loop.run_until_complete(main)
  File "C:\Users\LynnCao\AppData\Local\Programs\Python\Python39\lib\asyncio\base_events.py", line 634, in run_until_complete
    self.run_forever()
  File "C:\Users\LynnCao\AppData\Local\Programs\Python\Python39\lib\asyncio\base_events.py", line 601, in run_forever
    self._run_once()
  File "C:\Users\LynnCao\AppData\Local\Programs\Python\Python39\lib\asyncio\base_events.py", line 1905, in _run_once
    handle._run()
  File "C:\Users\LynnCao\AppData\Local\Programs\Python\Python39\lib\asyncio\events.py", line 80, in _run
    self._context.run(self._callback, *self._args)
  File "C:\Temp\pythonProject\backend_api\myenv\lib\site-packages\uvicorn\server.py", line 71, in serve
    await self._serve(sockets)
  File "C:\Users\LynnCao\AppData\Local\Programs\Python\Python39\lib\contextlib.py", line 126, in __exit__
    next(self.gen)
  File "C:\Temp\pythonProject\backend_api\myenv\lib\site-packages\uvicorn\server.py", line 331, in capture_signals
    signal.raise_signal(captured_signal)
KeyboardInterrupt

During handling of the above exception, another exception occurred:

Traceback (most recent call last):
  File "C:\Temp\pythonProject\backend_api\myenv\lib\site-packages\starlette\routing.py", line 700, in lifespan
    await receive()
  File "C:\Temp\pythonProject\backend_api\myenv\lib\site-packages\uvicorn\lifespan\on.py", line 137, in receive
    return await self.receive_queue.get()
  File "C:\Users\LynnCao\AppData\Local\Programs\Python\Python39\lib\asyncio\queues.py", line 166, in get
    await getter
asyncio.exceptions.CancelledError

INFO:uvicorn.error:Started server process [16812]
INFO:uvicorn.error:Waiting for application startup.
INFO:uvicorn.error:Application startup complete.
WARNING:uvicorn.error:WatchFiles detected changes in 'detect_AI.py'. Reloading...
INFO:uvicorn.error:Shutting down
INFO:uvicorn.error:Waiting for application shutdown.
INFO:uvicorn.error:Application shutdown complete.
INFO:uvicorn.error:Finished server process [16812]
INFO:uvicorn.error:Started server process [29032]
INFO:uvicorn.error:Waiting for application startup.
INFO:uvicorn.error:Application startup complete.
WARNING:uvicorn.error:WatchFiles detected changes in 'detect_AI.py'. Reloading...
INFO:uvicorn.error:Shutting down
INFO:uvicorn.error:Waiting for application shutdown.
INFO:uvicorn.error:Application shutdown complete.
INFO:uvicorn.error:Finished server process [29032]
WARNING:uvicorn.error:WatchFiles detected changes in 'detect_AI.py'. Reloading...
WARNING:uvicorn.error:WatchFiles detected changes in 'detect_AI.py'. Reloading...
INFO:uvicorn.error:Started server process [30084]
INFO:uvicorn.error:Waiting for application startup.
INFO:uvicorn.error:Application startup complete.
INFO:uvicorn.error:Shutting down
INFO:uvicorn.error:Waiting for application shutdown.
INFO:uvicorn.error:Application shutdown complete.
INFO:uvicorn.error:Finished server process [30084]
WARNING:uvicorn.error:WatchFiles detected changes in 'detect_AI_new.py'. Reloading...
INFO:uvicorn.error:Will watch for changes in these directories: ['C:\\Temp\\pythonProject\\backend_api']
INFO:uvicorn.error:Uvicorn running on http://127.0.0.1:8000 (Press CTRL+C to quit)
INFO:uvicorn.error:Started reloader process [31220] using WatchFiles
INFO:uvicorn.error:Started server process [15604]
INFO:uvicorn.error:Waiting for application startup.
INFO:uvicorn.error:Application startup complete.
WARNING:uvicorn.error:WatchFiles detected changes in 'main.py'. Reloading...
INFO:uvicorn.error:Shutting down
INFO:uvicorn.error:Waiting for application shutdown.
INFO:uvicorn.error:Application shutdown complete.
INFO:uvicorn.error:Finished server process [15604]
WARNING:uvicorn.error:WatchFiles detected changes in 'main.py'. Reloading...
INFO:uvicorn.error:Started server process [24988]
INFO:uvicorn.error:Waiting for application startup.
INFO:uvicorn.error:Application startup complete.
WARNING:uvicorn.error:WatchFiles detected changes in 'main.py'. Reloading...
INFO:uvicorn.error:Shutting down
INFO:uvicorn.error:Waiting for application shutdown.
INFO:uvicorn.error:Application shutdown complete.
INFO:uvicorn.error:Finished server process [24988]
INFO:uvicorn.error:Started server process [27828]
INFO:uvicorn.error:Waiting for application startup.
INFO:uvicorn.error:Application startup complete.
WARNING:uvicorn.error:WatchFiles detected changes in 'main.py'. Reloading...
INFO:uvicorn.error:Shutting down
INFO:uvicorn.error:Waiting for application shutdown.
INFO:uvicorn.error:Application shutdown complete.
INFO:uvicorn.error:Finished server process [27828]
INFO:uvicorn.error:Started server process [26084]
INFO:uvicorn.error:Waiting for application startup.
INFO:uvicorn.error:Application startup complete.
WARNING:uvicorn.error:WatchFiles detected changes in 'main.py'. Reloading...
INFO:uvicorn.error:Shutting down
INFO:uvicorn.error:Waiting for application shutdown.
INFO:uvicorn.error:Application shutdown complete.
INFO:uvicorn.error:Finished server process [26084]
INFO:uvicorn.error:Started server process [5680]
INFO:uvicorn.error:Waiting for application startup.
INFO:uvicorn.error:Application startup complete.
WARNING:uvicorn.error:WatchFiles detected changes in 'main.py'. Reloading...
INFO:uvicorn.error:Shutting down
INFO:uvicorn.error:Waiting for application shutdown.
INFO:uvicorn.error:Application shutdown complete.
INFO:uvicorn.error:Finished server process [5680]
WARNING:uvicorn.error:WatchFiles detected changes in 'main.py'. Reloading...
INFO:uvicorn.error:Started server process [16488]
INFO:uvicorn.error:Waiting for application startup.
INFO:uvicorn.error:Application startup complete.
ERROR:uvicorn.error:Traceback (most recent call last):
  File "C:\Users\LynnCao\AppData\Local\Programs\Python\Python39\lib\asyncio\runners.py", line 44, in run
    return loop.run_until_complete(main)
  File "C:\Users\LynnCao\AppData\Local\Programs\Python\Python39\lib\asyncio\base_events.py", line 634, in run_until_complete
    self.run_forever()
  File "C:\Users\LynnCao\AppData\Local\Programs\Python\Python39\lib\asyncio\base_events.py", line 601, in run_forever
    self._run_once()
  File "C:\Users\LynnCao\AppData\Local\Programs\Python\Python39\lib\asyncio\base_events.py", line 1905, in _run_once
    handle._run()
  File "C:\Users\LynnCao\AppData\Local\Programs\Python\Python39\lib\asyncio\events.py", line 80, in _run
    self._context.run(self._callback, *self._args)
  File "C:\Temp\pythonProject\backend_api\myenv\lib\site-packages\uvicorn\server.py", line 71, in serve
    await self._serve(sockets)
  File "C:\Users\LynnCao\AppData\Local\Programs\Python\Python39\lib\contextlib.py", line 126, in __exit__
    next(self.gen)
  File "C:\Temp\pythonProject\backend_api\myenv\lib\site-packages\uvicorn\server.py", line 331, in capture_signals
    signal.raise_signal(captured_signal)
KeyboardInterrupt

During handling of the above exception, another exception occurred:

Traceback (most recent call last):
  File "C:\Temp\pythonProject\backend_api\myenv\lib\site-packages\starlette\routing.py", line 700, in lifespan
    await receive()
  File "C:\Temp\pythonProject\backend_api\myenv\lib\site-packages\uvicorn\lifespan\on.py", line 137, in receive
    return await self.receive_queue.get()
  File "C:\Users\LynnCao\AppData\Local\Programs\Python\Python39\lib\asyncio\queues.py", line 166, in get
    await getter
asyncio.exceptions.CancelledError

WARNING:uvicorn.error:WatchFiles detected changes in 'main.py'. Reloading...
INFO:uvicorn.error:Started server process [23988]
INFO:uvicorn.error:Waiting for application startup.
INFO:uvicorn.error:Application startup complete.
ERROR:uvicorn.error:Traceback (most recent call last):
  File "C:\Users\LynnCao\AppData\Local\Programs\Python\Python39\lib\asyncio\runners.py", line 44, in run
    return loop.run_until_complete(main)
  File "C:\Users\LynnCao\AppData\Local\Programs\Python\Python39\lib\asyncio\base_events.py", line 634, in run_until_complete
    self.run_forever()
  File "C:\Users\LynnCao\AppData\Local\Programs\Python\Python39\lib\asyncio\base_events.py", line 601, in run_forever
    self._run_once()
  File "C:\Users\LynnCao\AppData\Local\Programs\Python\Python39\lib\asyncio\base_events.py", line 1905, in _run_once
    handle._run()
  File "C:\Users\LynnCao\AppData\Local\Programs\Python\Python39\lib\asyncio\events.py", line 80, in _run
    self._context.run(self._callback, *self._args)
  File "C:\Temp\pythonProject\backend_api\myenv\lib\site-packages\uvicorn\server.py", line 71, in serve
    await self._serve(sockets)
  File "C:\Users\LynnCao\AppData\Local\Programs\Python\Python39\lib\contextlib.py", line 126, in __exit__
    next(self.gen)
  File "C:\Temp\pythonProject\backend_api\myenv\lib\site-packages\uvicorn\server.py", line 331, in capture_signals
    signal.raise_signal(captured_signal)
KeyboardInterrupt

During handling of the above exception, another exception occurred:

Traceback (most recent call last):
  File "C:\Temp\pythonProject\backend_api\myenv\lib\site-packages\starlette\routing.py", line 700, in lifespan
    await receive()
  File "C:\Temp\pythonProject\backend_api\myenv\lib\site-packages\uvicorn\lifespan\on.py", line 137, in receive
    return await self.receive_queue.get()
  File "C:\Users\LynnCao\AppData\Local\Programs\Python\Python39\lib\asyncio\queues.py", line 166, in get
    await getter
asyncio.exceptions.CancelledError

INFO:uvicorn.error:Started server process [21052]
INFO:uvicorn.error:Waiting for application startup.
INFO:uvicorn.error:Application startup complete.
WARNING:uvicorn.error:WatchFiles detected changes in 'main.py'. Reloading...
INFO:uvicorn.error:Shutting down
INFO:uvicorn.error:Waiting for application shutdown.
INFO:uvicorn.error:Application shutdown complete.
INFO:uvicorn.error:Finished server process [21052]
INFO:uvicorn.error:Started server process [16872]
INFO:uvicorn.error:Waiting for application startup.
INFO:uvicorn.error:Application startup complete.
WARNING:uvicorn.error:WatchFiles detected changes in 'main.py'. Reloading...
INFO:uvicorn.error:Shutting down
INFO:uvicorn.error:Waiting for application shutdown.
INFO:uvicorn.error:Application shutdown complete.
INFO:uvicorn.error:Finished server process [16872]
INFO:uvicorn.error:Started server process [21764]
INFO:uvicorn.error:Waiting for application startup.
INFO:uvicorn.error:Application startup complete.
WARNING:uvicorn.error:WatchFiles detected changes in 'main.py'. Reloading...
INFO:uvicorn.error:Shutting down
INFO:uvicorn.error:Waiting for application shutdown.
INFO:uvicorn.error:Application shutdown complete.
INFO:uvicorn.error:Finished server process [21764]
INFO:uvicorn.error:Started server process [31688]
INFO:uvicorn.error:Waiting for application startup.
INFO:uvicorn.error:Application startup complete.
WARNING:uvicorn.error:WatchFiles detected changes in 'main.py'. Reloading...
INFO:uvicorn.error:Shutting down
INFO:uvicorn.error:Waiting for application shutdown.
INFO:uvicorn.error:Application shutdown complete.
INFO:uvicorn.error:Finished server process [31688]
INFO:uvicorn.error:Started server process [7964]
INFO:uvicorn.error:Waiting for application startup.
INFO:uvicorn.error:Application startup complete.
WARNING:uvicorn.error:WatchFiles detected changes in 'main.py'. Reloading...
INFO:uvicorn.error:Shutting down
INFO:uvicorn.error:Waiting for application shutdown.
INFO:uvicorn.error:Application shutdown complete.
INFO:uvicorn.error:Finished server process [7964]
INFO:uvicorn.error:Started server process [3252]
INFO:uvicorn.error:Waiting for application startup.
INFO:uvicorn.error:Application startup complete.
WARNING:uvicorn.error:WatchFiles detected changes in 'main.py'. Reloading...
INFO:uvicorn.error:Shutting down
INFO:uvicorn.error:Waiting for application shutdown.
INFO:uvicorn.error:Application shutdown complete.
INFO:uvicorn.error:Finished server process [3252]
INFO:uvicorn.error:Started server process [14628]
INFO:uvicorn.error:Waiting for application startup.
INFO:uvicorn.error:Application startup complete.
WARNING:uvicorn.error:WatchFiles detected changes in 'main.py'. Reloading...
INFO:uvicorn.error:Shutting down
INFO:uvicorn.error:Waiting for application shutdown.
INFO:uvicorn.error:Application shutdown complete.
INFO:uvicorn.error:Finished server process [14628]
WARNING:uvicorn.error:WatchFiles detected changes in 'main.py'. Reloading...
WARNING:uvicorn.error:WatchFiles detected changes in 'main.py'. Reloading...
INFO:uvicorn.error:Started server process [21548]
INFO:uvicorn.error:Waiting for application startup.
INFO:uvicorn.error:Application startup complete.
ERROR:uvicorn.error:Traceback (most recent call last):
  File "C:\Users\LynnCao\AppData\Local\Programs\Python\Python39\lib\asyncio\runners.py", line 44, in run
    return loop.run_until_complete(main)
  File "C:\Users\LynnCao\AppData\Local\Programs\Python\Python39\lib\asyncio\base_events.py", line 634, in run_until_complete
    self.run_forever()
  File "C:\Users\LynnCao\AppData\Local\Programs\Python\Python39\lib\asyncio\base_events.py", line 601, in run_forever
    self._run_once()
  File "C:\Users\LynnCao\AppData\Local\Programs\Python\Python39\lib\asyncio\base_events.py", line 1905, in _run_once
    handle._run()
  File "C:\Users\LynnCao\AppData\Local\Programs\Python\Python39\lib\asyncio\events.py", line 80, in _run
    self._context.run(self._callback, *self._args)
  File "C:\Temp\pythonProject\backend_api\myenv\lib\site-packages\uvicorn\server.py", line 71, in serve
    await self._serve(sockets)
  File "C:\Users\LynnCao\AppData\Local\Programs\Python\Python39\lib\contextlib.py", line 126, in __exit__
    next(self.gen)
  File "C:\Temp\pythonProject\backend_api\myenv\lib\site-packages\uvicorn\server.py", line 331, in capture_signals
    signal.raise_signal(captured_signal)
KeyboardInterrupt

During handling of the above exception, another exception occurred:

Traceback (most recent call last):
  File "C:\Temp\pythonProject\backend_api\myenv\lib\site-packages\starlette\routing.py", line 700, in lifespan
    await receive()
  File "C:\Temp\pythonProject\backend_api\myenv\lib\site-packages\uvicorn\lifespan\on.py", line 137, in receive
    return await self.receive_queue.get()
  File "C:\Users\LynnCao\AppData\Local\Programs\Python\Python39\lib\asyncio\queues.py", line 166, in get
    await getter
asyncio.exceptions.CancelledError

INFO:uvicorn.error:Started server process [30224]
INFO:uvicorn.error:Waiting for application startup.
INFO:uvicorn.error:Application startup complete.
WARNING:uvicorn.error:WatchFiles detected changes in 'main.py'. Reloading...
INFO:uvicorn.error:Shutting down
INFO:uvicorn.error:Waiting for application shutdown.
INFO:uvicorn.error:Application shutdown complete.
INFO:uvicorn.error:Finished server process [30224]
INFO:uvicorn.error:Started server process [11184]
INFO:uvicorn.error:Waiting for application startup.
INFO:uvicorn.error:Application startup complete.
WARNING:uvicorn.error:WatchFiles detected changes in 'combined_analysis.py'. Reloading...
INFO:uvicorn.error:Shutting down
INFO:uvicorn.error:Waiting for application shutdown.
INFO:uvicorn.error:Application shutdown complete.
INFO:uvicorn.error:Finished server process [11184]
INFO:uvicorn.error:Started server process [17716]
INFO:uvicorn.error:Waiting for application startup.
INFO:uvicorn.error:Application startup complete.
WARNING:uvicorn.error:WatchFiles detected changes in 'combined_analysis.py'. Reloading...
INFO:uvicorn.error:Shutting down
INFO:uvicorn.error:Waiting for application shutdown.
INFO:uvicorn.error:Application shutdown complete.
INFO:uvicorn.error:Finished server process [17716]
INFO:uvicorn.error:Started server process [30784]
INFO:uvicorn.error:Waiting for application startup.
INFO:uvicorn.error:Application startup complete.
WARNING:uvicorn.error:WatchFiles detected changes in 'combined_analysis.py'. Reloading...
INFO:uvicorn.error:Shutting down
INFO:uvicorn.error:Waiting for application shutdown.
INFO:uvicorn.error:Application shutdown complete.
INFO:uvicorn.error:Finished server process [30784]
INFO:uvicorn.error:Started server process [8644]
INFO:uvicorn.error:Waiting for application startup.
INFO:uvicorn.error:Application startup complete.
WARNING:uvicorn.error:WatchFiles detected changes in 'main.py'. Reloading...
INFO:uvicorn.error:Shutting down
INFO:uvicorn.error:Waiting for application shutdown.
INFO:uvicorn.error:Application shutdown complete.
INFO:uvicorn.error:Finished server process [8644]
INFO:uvicorn.error:Started server process [31044]
INFO:uvicorn.error:Waiting for application startup.
INFO:uvicorn.error:Application startup complete.
WARNING:uvicorn.error:WatchFiles detected changes in 'main.py'. Reloading...
INFO:uvicorn.error:Shutting down
INFO:uvicorn.error:Waiting for application shutdown.
INFO:uvicorn.error:Application shutdown complete.
INFO:uvicorn.error:Finished server process [31044]
INFO:uvicorn.error:Started server process [16124]
INFO:uvicorn.error:Waiting for application startup.
INFO:uvicorn.error:Application startup complete.
WARNING:uvicorn.error:WatchFiles detected changes in 'main.py'. Reloading...
INFO:uvicorn.error:Shutting down
INFO:uvicorn.error:Waiting for application shutdown.
INFO:uvicorn.error:Application shutdown complete.
INFO:uvicorn.error:Finished server process [16124]
INFO:uvicorn.error:Started server process [27644]
INFO:uvicorn.error:Waiting for application startup.
INFO:uvicorn.error:Application startup complete.
WARNING:uvicorn.error:WatchFiles detected changes in 'main.py'. Reloading...
INFO:uvicorn.error:Shutting down
INFO:uvicorn.error:Waiting for application shutdown.
INFO:uvicorn.error:Application shutdown complete.
INFO:uvicorn.error:Finished server process [27644]
INFO:uvicorn.error:Started server process [17508]
INFO:uvicorn.error:Waiting for application startup.
INFO:uvicorn.error:Application startup complete.
WARNING:uvicorn.error:WatchFiles detected changes in 'main.py'. Reloading...
INFO:uvicorn.error:Shutting down
INFO:uvicorn.error:Waiting for application shutdown.
INFO:uvicorn.error:Application shutdown complete.
INFO:uvicorn.error:Finished server process [17508]
INFO:uvicorn.error:Started server process [6988]
INFO:uvicorn.error:Waiting for application startup.
INFO:uvicorn.error:Application startup complete.
WARNING:uvicorn.error:WatchFiles detected changes in 'main.py'. Reloading...
INFO:uvicorn.error:Shutting down
INFO:uvicorn.error:Waiting for application shutdown.
INFO:uvicorn.error:Application shutdown complete.
INFO:uvicorn.error:Finished server process [6988]
INFO:uvicorn.error:Started server process [26072]
INFO:uvicorn.error:Waiting for application startup.
INFO:uvicorn.error:Application startup complete.
WARNING:uvicorn.error:WatchFiles detected changes in 'combined_analysis.py'. Reloading...
INFO:uvicorn.error:Shutting down
INFO:uvicorn.error:Waiting for application shutdown.
INFO:uvicorn.error:Application shutdown complete.
INFO:uvicorn.error:Finished server process [26072]
INFO:uvicorn.error:Started server process [29500]
INFO:uvicorn.error:Waiting for application startup.
INFO:uvicorn.error:Application startup complete.
WARNING:uvicorn.error:WatchFiles detected changes in 'combined_analysis.py'. Reloading...
INFO:uvicorn.error:Shutting down
INFO:uvicorn.error:Waiting for application shutdown.
INFO:uvicorn.error:Application shutdown complete.
INFO:uvicorn.error:Finished server process [29500]
INFO:uvicorn.error:Started server process [22916]
INFO:uvicorn.error:Waiting for application startup.
INFO:uvicorn.error:Application startup complete.
WARNING:uvicorn.error:WatchFiles detected changes in 'combined_analysis.py'. Reloading...
INFO:uvicorn.error:Shutting down
INFO:uvicorn.error:Waiting for application shutdown.
INFO:uvicorn.error:Application shutdown complete.
INFO:uvicorn.error:Finished server process [22916]
INFO:uvicorn.error:Started server process [24188]
INFO:uvicorn.error:Waiting for application startup.
INFO:uvicorn.error:Application startup complete.
WARNING:uvicorn.error:WatchFiles detected changes in 'combined_analysis.py'. Reloading...
INFO:uvicorn.error:Shutting down
INFO:uvicorn.error:Waiting for application shutdown.
INFO:uvicorn.error:Application shutdown complete.
INFO:uvicorn.error:Finished server process [24188]
WARNING:uvicorn.error:WatchFiles detected changes in 'combined_analysis.py'. Reloading...
INFO:uvicorn.error:Started server process [24712]
INFO:uvicorn.error:Waiting for application startup.
INFO:uvicorn.error:Application startup complete.
ERROR:uvicorn.error:Traceback (most recent call last):
  File "C:\Users\LynnCao\AppData\Local\Programs\Python\Python39\lib\asyncio\runners.py", line 44, in run
    return loop.run_until_complete(main)
  File "C:\Users\LynnCao\AppData\Local\Programs\Python\Python39\lib\asyncio\base_events.py", line 634, in run_until_complete
    self.run_forever()
  File "C:\Users\LynnCao\AppData\Local\Programs\Python\Python39\lib\asyncio\base_events.py", line 601, in run_forever
    self._run_once()
  File "C:\Users\LynnCao\AppData\Local\Programs\Python\Python39\lib\asyncio\base_events.py", line 1905, in _run_once
    handle._run()
  File "C:\Users\LynnCao\AppData\Local\Programs\Python\Python39\lib\asyncio\events.py", line 80, in _run
    self._context.run(self._callback, *self._args)
  File "C:\Temp\pythonProject\backend_api\myenv\lib\site-packages\uvicorn\server.py", line 71, in serve
    await self._serve(sockets)
  File "C:\Users\LynnCao\AppData\Local\Programs\Python\Python39\lib\contextlib.py", line 126, in __exit__
    next(self.gen)
  File "C:\Temp\pythonProject\backend_api\myenv\lib\site-packages\uvicorn\server.py", line 331, in capture_signals
    signal.raise_signal(captured_signal)
KeyboardInterrupt

During handling of the above exception, another exception occurred:

Traceback (most recent call last):
  File "C:\Temp\pythonProject\backend_api\myenv\lib\site-packages\starlette\routing.py", line 700, in lifespan
    await receive()
  File "C:\Temp\pythonProject\backend_api\myenv\lib\site-packages\uvicorn\lifespan\on.py", line 137, in receive
    return await self.receive_queue.get()
  File "C:\Users\LynnCao\AppData\Local\Programs\Python\Python39\lib\asyncio\queues.py", line 166, in get
    await getter
asyncio.exceptions.CancelledError

INFO:uvicorn.error:Started server process [14584]
INFO:uvicorn.error:Waiting for application startup.
INFO:uvicorn.error:Application startup complete.
WARNING:uvicorn.error:WatchFiles detected changes in 'combined_analysis.py'. Reloading...
INFO:uvicorn.error:Shutting down
INFO:uvicorn.error:Waiting for application shutdown.
INFO:uvicorn.error:Application shutdown complete.
INFO:uvicorn.error:Finished server process [14584]
INFO:uvicorn.error:Started server process [1532]
INFO:uvicorn.error:Waiting for application startup.
INFO:uvicorn.error:Application startup complete.
WARNING:uvicorn.error:WatchFiles detected changes in 'combined_analysis.py'. Reloading...
INFO:uvicorn.error:Shutting down
INFO:uvicorn.error:Waiting for application shutdown.
INFO:uvicorn.error:Application shutdown complete.
INFO:uvicorn.error:Finished server process [1532]
INFO:uvicorn.error:Started server process [26456]
INFO:uvicorn.error:Waiting for application startup.
INFO:uvicorn.error:Application startup complete.
WARNING:uvicorn.error:WatchFiles detected changes in 'combined_analysis.py'. Reloading...
INFO:uvicorn.error:Shutting down
INFO:uvicorn.error:Waiting for application shutdown.
INFO:uvicorn.error:Application shutdown complete.
INFO:uvicorn.error:Finished server process [26456]
WARNING:uvicorn.error:WatchFiles detected changes in 'combined_analysis.py'. Reloading...
INFO:uvicorn.error:Started server process [4440]
INFO:uvicorn.error:Waiting for application startup.
INFO:uvicorn.error:Application startup complete.
WARNING:uvicorn.error:WatchFiles detected changes in 'combined_analysis.py'. Reloading...
INFO:uvicorn.error:Shutting down
INFO:uvicorn.error:Waiting for application shutdown.
INFO:uvicorn.error:Application shutdown complete.
INFO:uvicorn.error:Finished server process [4440]
INFO:uvicorn.error:Started server process [9656]
INFO:uvicorn.error:Waiting for application startup.
INFO:uvicorn.error:Application startup complete.
WARNING:uvicorn.error:WatchFiles detected changes in 'combined_analysis.py'. Reloading...
INFO:uvicorn.error:Shutting down
INFO:uvicorn.error:Waiting for application shutdown.
INFO:uvicorn.error:Application shutdown complete.
INFO:uvicorn.error:Finished server process [9656]
INFO:uvicorn.error:Started server process [29512]
INFO:uvicorn.error:Waiting for application startup.
INFO:uvicorn.error:Application startup complete.
WARNING:uvicorn.error:WatchFiles detected changes in 'combined_analysis.py'. Reloading...
INFO:uvicorn.error:Shutting down
INFO:uvicorn.error:Waiting for application shutdown.
INFO:uvicorn.error:Application shutdown complete.
INFO:uvicorn.error:Finished server process [29512]
WARNING:uvicorn.error:WatchFiles detected changes in 'combined_analysis.py'. Reloading...
WARNING:uvicorn.error:WatchFiles detected changes in 'combined_analysis.py'. Reloading...
WARNING:uvicorn.error:WatchFiles detected changes in 'combined_analysis.py'. Reloading...
WARNING:uvicorn.error:WatchFiles detected changes in 'combined_analysis.py'. Reloading...
INFO:uvicorn.error:Started server process [4352]
INFO:uvicorn.error:Waiting for application startup.
INFO:uvicorn.error:Application startup complete.
WARNING:uvicorn.error:WatchFiles detected changes in 'combined_analysis.py'. Reloading...
INFO:uvicorn.error:Shutting down
INFO:uvicorn.error:Waiting for application shutdown.
INFO:uvicorn.error:Application shutdown complete.
INFO:uvicorn.error:Finished server process [4352]
INFO:uvicorn.error:Started server process [3240]
INFO:uvicorn.error:Waiting for application startup.
INFO:uvicorn.error:Application startup complete.
WARNING:uvicorn.error:WatchFiles detected changes in 'combined_analysis.py'. Reloading...
INFO:uvicorn.error:Shutting down
INFO:uvicorn.error:Waiting for application shutdown.
INFO:uvicorn.error:Application shutdown complete.
INFO:uvicorn.error:Finished server process [3240]
INFO:uvicorn.error:Started server process [17472]
INFO:uvicorn.error:Waiting for application startup.
INFO:uvicorn.error:Application startup complete.
WARNING:uvicorn.error:WatchFiles detected changes in 'combined_analysis.py'. Reloading...
INFO:uvicorn.error:Shutting down
INFO:uvicorn.error:Waiting for application shutdown.
INFO:uvicorn.error:Application shutdown complete.
INFO:uvicorn.error:Finished server process [17472]
INFO:uvicorn.error:Started server process [24228]
INFO:uvicorn.error:Waiting for application startup.
INFO:uvicorn.error:Application startup complete.
WARNING:uvicorn.error:WatchFiles detected changes in 'combined_analysis.py'. Reloading...
INFO:uvicorn.error:Shutting down
INFO:uvicorn.error:Waiting for application shutdown.
INFO:uvicorn.error:Application shutdown complete.
INFO:uvicorn.error:Finished server process [24228]
WARNING:uvicorn.error:WatchFiles detected changes in 'combined_analysis.py'. Reloading...
WARNING:uvicorn.error:WatchFiles detected changes in 'combined_analysis.py'. Reloading...
INFO:uvicorn.error:Started server process [29328]
INFO:uvicorn.error:Waiting for application startup.
INFO:uvicorn.error:Application startup complete.
WARNING:uvicorn.error:WatchFiles detected changes in 'combined_analysis.py'. Reloading...
INFO:uvicorn.error:Shutting down
INFO:uvicorn.error:Waiting for application shutdown.
INFO:uvicorn.error:Application shutdown complete.
INFO:uvicorn.error:Finished server process [29328]
INFO:uvicorn.error:Started server process [3252]
INFO:uvicorn.error:Waiting for application startup.
INFO:uvicorn.error:Application startup complete.
WARNING:uvicorn.error:WatchFiles detected changes in 'combined_analysis.py'. Reloading...
INFO:uvicorn.error:Shutting down
INFO:uvicorn.error:Waiting for application shutdown.
INFO:uvicorn.error:Application shutdown complete.
INFO:uvicorn.error:Finished server process [3252]
INFO:uvicorn.error:Started server process [12796]
INFO:uvicorn.error:Waiting for application startup.
INFO:uvicorn.error:Application startup complete.
WARNING:uvicorn.error:WatchFiles detected changes in 'combined_analysis.py'. Reloading...
INFO:uvicorn.error:Shutting down
INFO:uvicorn.error:Waiting for application shutdown.
INFO:uvicorn.error:Application shutdown complete.
INFO:uvicorn.error:Finished server process [12796]
INFO:uvicorn.error:Started server process [27832]
INFO:uvicorn.error:Waiting for application startup.
INFO:uvicorn.error:Application startup complete.
WARNING:uvicorn.error:WatchFiles detected changes in 'combined_analysis.py'. Reloading...
INFO:uvicorn.error:Shutting down
INFO:uvicorn.error:Waiting for application shutdown.
INFO:uvicorn.error:Application shutdown complete.
INFO:uvicorn.error:Finished server process [27832]
INFO:uvicorn.error:Started server process [30240]
INFO:uvicorn.error:Waiting for application startup.
INFO:uvicorn.error:Application startup complete.
WARNING:uvicorn.error:WatchFiles detected changes in 'combined_analysis.py'. Reloading...
INFO:uvicorn.error:Shutting down
INFO:uvicorn.error:Waiting for application shutdown.
INFO:uvicorn.error:Application shutdown complete.
INFO:uvicorn.error:Finished server process [30240]
INFO:uvicorn.error:Started server process [28984]
INFO:uvicorn.error:Waiting for application startup.
INFO:uvicorn.error:Application startup complete.
INFO:uvicorn.error:Shutting down
INFO:uvicorn.error:Waiting for application shutdown.
INFO:uvicorn.error:Application shutdown complete.
INFO:uvicorn.error:Finished server process [28984]
INFO:uvicorn.error:Will watch for changes in these directories: ['C:\\Temp\\pythonProject\\backend_api']
INFO:uvicorn.error:Uvicorn running on http://127.0.0.1:8000 (Press CTRL+C to quit)
INFO:uvicorn.error:Started reloader process [16824] using WatchFiles
INFO:uvicorn.error:Started server process [22304]
INFO:uvicorn.error:Waiting for application startup.
INFO:uvicorn.error:Application startup complete.
WARNING:uvicorn.error:WatchFiles detected changes in 'combined_analysis.py'. Reloading...
WARNING:uvicorn.error:WatchFiles detected changes in 'combined_analysis.py'. Reloading...
INFO:uvicorn.error:Shutting down
INFO:uvicorn.error:Waiting for application shutdown.
INFO:uvicorn.error:Application shutdown complete.
INFO:uvicorn.error:Finished server process [22304]
INFO:uvicorn.error:Started server process [25376]
INFO:uvicorn.error:Waiting for application startup.
INFO:uvicorn.error:Application startup complete.
WARNING:uvicorn.error:WatchFiles detected changes in 'main.py'. Reloading...
INFO:uvicorn.error:Shutting down
INFO:uvicorn.error:Waiting for application shutdown.
INFO:uvicorn.error:Application shutdown complete.
INFO:uvicorn.error:Finished server process [25376]
WARNING:uvicorn.error:WatchFiles detected changes in 'main.py'. Reloading...
INFO:uvicorn.error:Started server process [30916]
INFO:uvicorn.error:Waiting for application startup.
INFO:uvicorn.error:Application startup complete.
ERROR:uvicorn.error:Traceback (most recent call last):
  File "C:\Users\LynnCao\AppData\Local\Programs\Python\Python39\lib\asyncio\runners.py", line 44, in run
    return loop.run_until_complete(main)
  File "C:\Users\LynnCao\AppData\Local\Programs\Python\Python39\lib\asyncio\base_events.py", line 634, in run_until_complete
    self.run_forever()
  File "C:\Users\LynnCao\AppData\Local\Programs\Python\Python39\lib\asyncio\base_events.py", line 601, in run_forever
    self._run_once()
  File "C:\Users\LynnCao\AppData\Local\Programs\Python\Python39\lib\asyncio\base_events.py", line 1905, in _run_once
    handle._run()
  File "C:\Users\LynnCao\AppData\Local\Programs\Python\Python39\lib\asyncio\events.py", line 80, in _run
    self._context.run(self._callback, *self._args)
  File "C:\Temp\pythonProject\backend_api\myenv\lib\site-packages\uvicorn\server.py", line 71, in serve
    await self._serve(sockets)
  File "C:\Users\LynnCao\AppData\Local\Programs\Python\Python39\lib\contextlib.py", line 126, in __exit__
    next(self.gen)
  File "C:\Temp\pythonProject\backend_api\myenv\lib\site-packages\uvicorn\server.py", line 331, in capture_signals
    signal.raise_signal(captured_signal)
KeyboardInterrupt

During handling of the above exception, another exception occurred:

Traceback (most recent call last):
  File "C:\Temp\pythonProject\backend_api\myenv\lib\site-packages\starlette\routing.py", line 700, in lifespan
    await receive()
  File "C:\Temp\pythonProject\backend_api\myenv\lib\site-packages\uvicorn\lifespan\on.py", line 137, in receive
    return await self.receive_queue.get()
  File "C:\Users\LynnCao\AppData\Local\Programs\Python\Python39\lib\asyncio\queues.py", line 166, in get
    await getter
asyncio.exceptions.CancelledError

INFO:uvicorn.error:Started server process [2900]
INFO:uvicorn.error:Waiting for application startup.
INFO:uvicorn.error:Application startup complete.
WARNING:uvicorn.error:WatchFiles detected changes in 'combined_analysis.py'. Reloading...
INFO:uvicorn.error:Shutting down
INFO:uvicorn.error:Waiting for application shutdown.
INFO:uvicorn.error:Application shutdown complete.
INFO:uvicorn.error:Finished server process [2900]
INFO:uvicorn.error:Started server process [16188]
INFO:uvicorn.error:Waiting for application startup.
INFO:uvicorn.error:Application startup complete.
WARNING:uvicorn.error:WatchFiles detected changes in 'main.py'. Reloading...
INFO:uvicorn.error:Shutting down
INFO:uvicorn.error:Waiting for application shutdown.
INFO:uvicorn.error:Application shutdown complete.
INFO:uvicorn.error:Finished server process [16188]
INFO:uvicorn.error:Started server process [11104]
INFO:uvicorn.error:Waiting for application startup.
INFO:uvicorn.error:Application startup complete.
ERROR:uvicorn.error:Traceback (most recent call last):
  File "C:\Users\LynnCao\AppData\Local\Programs\Python\Python39\lib\asyncio\runners.py", line 44, in run
    return loop.run_until_complete(main)
  File "C:\Users\LynnCao\AppData\Local\Programs\Python\Python39\lib\asyncio\base_events.py", line 634, in run_until_complete
    self.run_forever()
  File "C:\Users\LynnCao\AppData\Local\Programs\Python\Python39\lib\asyncio\base_events.py", line 601, in run_forever
    self._run_once()
  File "C:\Users\LynnCao\AppData\Local\Programs\Python\Python39\lib\asyncio\base_events.py", line 1905, in _run_once
    handle._run()
  File "C:\Users\LynnCao\AppData\Local\Programs\Python\Python39\lib\asyncio\events.py", line 80, in _run
    self._context.run(self._callback, *self._args)
  File "C:\Temp\pythonProject\backend_api\myenv\lib\site-packages\uvicorn\server.py", line 71, in serve
    await self._serve(sockets)
  File "C:\Users\LynnCao\AppData\Local\Programs\Python\Python39\lib\contextlib.py", line 126, in __exit__
    next(self.gen)
  File "C:\Temp\pythonProject\backend_api\myenv\lib\site-packages\uvicorn\server.py", line 331, in capture_signals
    signal.raise_signal(captured_signal)
KeyboardInterrupt

During handling of the above exception, another exception occurred:

Traceback (most recent call last):
  File "C:\Temp\pythonProject\backend_api\myenv\lib\site-packages\starlette\routing.py", line 700, in lifespan
    await receive()
  File "C:\Temp\pythonProject\backend_api\myenv\lib\site-packages\uvicorn\lifespan\on.py", line 137, in receive
    return await self.receive_queue.get()
  File "C:\Users\LynnCao\AppData\Local\Programs\Python\Python39\lib\asyncio\queues.py", line 166, in get
    await getter
asyncio.exceptions.CancelledError

INFO:uvicorn.error:Stopping reloader process [16824]
INFO:uvicorn.error:Will watch for changes in these directories: ['C:\\Temp\\pythonProject\\backend_api']
INFO:uvicorn.error:Uvicorn running on http://127.0.0.1:8000 (Press CTRL+C to quit)
INFO:uvicorn.error:Started reloader process [1516] using WatchFiles
INFO:uvicorn.error:Started server process [30500]
INFO:uvicorn.error:Waiting for application startup.
INFO:uvicorn.error:Application startup complete.
WARNING:uvicorn.error:WatchFiles detected changes in 'combined_analysis.py'. Reloading...
INFO:uvicorn.error:Shutting down
INFO:uvicorn.error:Waiting for application shutdown.
INFO:uvicorn.error:Application shutdown complete.
INFO:uvicorn.error:Finished server process [30500]
INFO:uvicorn.error:Started server process [25536]
INFO:uvicorn.error:Waiting for application startup.
INFO:uvicorn.error:Application startup complete.
WARNING:uvicorn.error:WatchFiles detected changes in 'main.py'. Reloading...
INFO:uvicorn.error:Shutting down
INFO:uvicorn.error:Waiting for application shutdown.
INFO:uvicorn.error:Application shutdown complete.
INFO:uvicorn.error:Finished server process [25536]
WARNING:uvicorn.error:WatchFiles detected changes in 'main.py'. Reloading...
INFO:uvicorn.error:Started server process [7704]
INFO:uvicorn.error:Waiting for application startup.
INFO:uvicorn.error:Application startup complete.
ERROR:uvicorn.error:Traceback (most recent call last):
  File "C:\Users\LynnCao\AppData\Local\Programs\Python\Python39\lib\asyncio\runners.py", line 44, in run
    return loop.run_until_complete(main)
  File "C:\Users\LynnCao\AppData\Local\Programs\Python\Python39\lib\asyncio\base_events.py", line 634, in run_until_complete
    self.run_forever()
  File "C:\Users\LynnCao\AppData\Local\Programs\Python\Python39\lib\asyncio\base_events.py", line 601, in run_forever
    self._run_once()
  File "C:\Users\LynnCao\AppData\Local\Programs\Python\Python39\lib\asyncio\base_events.py", line 1905, in _run_once
    handle._run()
  File "C:\Users\LynnCao\AppData\Local\Programs\Python\Python39\lib\asyncio\events.py", line 80, in _run
    self._context.run(self._callback, *self._args)
  File "C:\Temp\pythonProject\backend_api\myenv\lib\site-packages\uvicorn\server.py", line 71, in serve
    await self._serve(sockets)
  File "C:\Users\LynnCao\AppData\Local\Programs\Python\Python39\lib\contextlib.py", line 126, in __exit__
    next(self.gen)
  File "C:\Temp\pythonProject\backend_api\myenv\lib\site-packages\uvicorn\server.py", line 331, in capture_signals
    signal.raise_signal(captured_signal)
KeyboardInterrupt

During handling of the above exception, another exception occurred:

Traceback (most recent call last):
  File "C:\Temp\pythonProject\backend_api\myenv\lib\site-packages\starlette\routing.py", line 700, in lifespan
    await receive()
  File "C:\Temp\pythonProject\backend_api\myenv\lib\site-packages\uvicorn\lifespan\on.py", line 137, in receive
    return await self.receive_queue.get()
  File "C:\Users\LynnCao\AppData\Local\Programs\Python\Python39\lib\asyncio\queues.py", line 166, in get
    await getter
asyncio.exceptions.CancelledError

INFO:uvicorn.error:Started server process [30084]
INFO:uvicorn.error:Waiting for application startup.
INFO:uvicorn.error:Application startup complete.
WARNING:uvicorn.error:WatchFiles detected changes in 'main.py'. Reloading...
INFO:uvicorn.error:Shutting down
INFO:uvicorn.error:Waiting for application shutdown.
INFO:uvicorn.error:Application shutdown complete.
INFO:uvicorn.error:Finished server process [30084]
INFO:uvicorn.error:Started server process [22956]
INFO:uvicorn.error:Waiting for application startup.
INFO:uvicorn.error:Application startup complete.
WARNING:uvicorn.error:WatchFiles detected changes in 'detect_AI.py'. Reloading...
INFO:uvicorn.error:Shutting down
INFO:uvicorn.error:Waiting for application shutdown.
INFO:uvicorn.error:Application shutdown complete.
INFO:uvicorn.error:Finished server process [22956]
INFO:uvicorn.error:Started server process [28376]
INFO:uvicorn.error:Waiting for application startup.
INFO:uvicorn.error:Application startup complete.
WARNING:uvicorn.error:WatchFiles detected changes in 'combined_analysis.py'. Reloading...
INFO:uvicorn.error:Shutting down
INFO:uvicorn.error:Waiting for application shutdown.
INFO:uvicorn.error:Application shutdown complete.
INFO:uvicorn.error:Finished server process [28376]
INFO:uvicorn.error:Started server process [30800]
INFO:uvicorn.error:Waiting for application startup.
INFO:uvicorn.error:Application startup complete.
WARNING:uvicorn.error:WatchFiles detected changes in 'combined_analysis.py'. Reloading...
INFO:uvicorn.error:Shutting down
INFO:uvicorn.error:Waiting for application shutdown.
INFO:uvicorn.error:Application shutdown complete.
INFO:uvicorn.error:Finished server process [30800]
INFO:uvicorn.error:Started server process [30664]
INFO:uvicorn.error:Waiting for application startup.
INFO:uvicorn.error:Application startup complete.
WARNING:uvicorn.error:WatchFiles detected changes in 'combined_analysis.py'. Reloading...
INFO:uvicorn.error:Shutting down
INFO:uvicorn.error:Waiting for application shutdown.
INFO:uvicorn.error:Application shutdown complete.
INFO:uvicorn.error:Finished server process [30664]
INFO:uvicorn.error:Started server process [27852]
INFO:uvicorn.error:Waiting for application startup.
INFO:uvicorn.error:Application startup complete.
WARNING:uvicorn.error:WatchFiles detected changes in 'combined_analysis.py'. Reloading...
INFO:uvicorn.error:Shutting down
INFO:uvicorn.error:Waiting for application shutdown.
INFO:uvicorn.error:Application shutdown complete.
INFO:uvicorn.error:Finished server process [27852]
INFO:uvicorn.error:Started server process [2076]
INFO:uvicorn.error:Waiting for application startup.
INFO:uvicorn.error:Application startup complete.
WARNING:uvicorn.error:WatchFiles detected changes in 'combined_analysis.py'. Reloading...
INFO:uvicorn.error:Shutting down
INFO:uvicorn.error:Waiting for application shutdown.
INFO:uvicorn.error:Application shutdown complete.
INFO:uvicorn.error:Finished server process [2076]
INFO:uvicorn.error:Started server process [15664]
INFO:uvicorn.error:Waiting for application startup.
INFO:uvicorn.error:Application startup complete.
WARNING:uvicorn.error:WatchFiles detected changes in 'combined_analysis.py'. Reloading...
INFO:uvicorn.error:Shutting down
INFO:uvicorn.error:Waiting for application shutdown.
INFO:uvicorn.error:Application shutdown complete.
INFO:uvicorn.error:Finished server process [15664]
INFO:uvicorn.error:Started server process [29852]
INFO:uvicorn.error:Waiting for application startup.
INFO:uvicorn.error:Application startup complete.
WARNING:uvicorn.error:WatchFiles detected changes in 'combined_analysis.py'. Reloading...
INFO:uvicorn.error:Shutting down
INFO:uvicorn.error:Waiting for application shutdown.
INFO:uvicorn.error:Application shutdown complete.
INFO:uvicorn.error:Finished server process [29852]
WARNING:uvicorn.error:WatchFiles detected changes in 'combined_analysis.py'. Reloading...
WARNING:uvicorn.error:WatchFiles detected changes in 'combined_analysis.py'. Reloading...
INFO:uvicorn.error:Started server process [16436]
INFO:uvicorn.error:Waiting for application startup.
INFO:uvicorn.error:Application startup complete.
ERROR:uvicorn.error:Traceback (most recent call last):
  File "C:\Users\LynnCao\AppData\Local\Programs\Python\Python39\lib\asyncio\runners.py", line 44, in run
    return loop.run_until_complete(main)
  File "C:\Users\LynnCao\AppData\Local\Programs\Python\Python39\lib\asyncio\base_events.py", line 634, in run_until_complete
    self.run_forever()
  File "C:\Users\LynnCao\AppData\Local\Programs\Python\Python39\lib\asyncio\base_events.py", line 601, in run_forever
    self._run_once()
  File "C:\Users\LynnCao\AppData\Local\Programs\Python\Python39\lib\asyncio\base_events.py", line 1905, in _run_once
    handle._run()
  File "C:\Users\LynnCao\AppData\Local\Programs\Python\Python39\lib\asyncio\events.py", line 80, in _run
    self._context.run(self._callback, *self._args)
  File "C:\Temp\pythonProject\backend_api\myenv\lib\site-packages\uvicorn\server.py", line 71, in serve
    await self._serve(sockets)
  File "C:\Users\LynnCao\AppData\Local\Programs\Python\Python39\lib\contextlib.py", line 126, in __exit__
    next(self.gen)
  File "C:\Temp\pythonProject\backend_api\myenv\lib\site-packages\uvicorn\server.py", line 331, in capture_signals
    signal.raise_signal(captured_signal)
KeyboardInterrupt

During handling of the above exception, another exception occurred:

Traceback (most recent call last):
  File "C:\Temp\pythonProject\backend_api\myenv\lib\site-packages\starlette\routing.py", line 700, in lifespan
    await receive()
  File "C:\Temp\pythonProject\backend_api\myenv\lib\site-packages\uvicorn\lifespan\on.py", line 137, in receive
    return await self.receive_queue.get()
  File "C:\Users\LynnCao\AppData\Local\Programs\Python\Python39\lib\asyncio\queues.py", line 166, in get
    await getter
asyncio.exceptions.CancelledError

INFO:uvicorn.error:Started server process [3436]
INFO:uvicorn.error:Waiting for application startup.
INFO:uvicorn.error:Application startup complete.
WARNING:uvicorn.error:WatchFiles detected changes in 'combined_analysis.py'. Reloading...
INFO:uvicorn.error:Shutting down
INFO:uvicorn.error:Waiting for application shutdown.
INFO:uvicorn.error:Application shutdown complete.
INFO:uvicorn.error:Finished server process [3436]
INFO:uvicorn.error:Started server process [9600]
INFO:uvicorn.error:Waiting for application startup.
INFO:uvicorn.error:Application startup complete.
WARNING:uvicorn.error:WatchFiles detected changes in 'combined_analysis.py'. Reloading...
INFO:uvicorn.error:Shutting down
INFO:uvicorn.error:Waiting for application shutdown.
INFO:uvicorn.error:Application shutdown complete.
INFO:uvicorn.error:Finished server process [9600]
INFO:uvicorn.error:Started server process [28488]
INFO:uvicorn.error:Waiting for application startup.
INFO:uvicorn.error:Application startup complete.
WARNING:uvicorn.error:WatchFiles detected changes in 'combined_analysis.py'. Reloading...
INFO:uvicorn.error:Shutting down
INFO:uvicorn.error:Waiting for application shutdown.
INFO:uvicorn.error:Application shutdown complete.
INFO:uvicorn.error:Finished server process [28488]
INFO:uvicorn.error:Started server process [13652]
INFO:uvicorn.error:Waiting for application startup.
INFO:uvicorn.error:Application startup complete.
WARNING:uvicorn.error:WatchFiles detected changes in 'combined_analysis.py'. Reloading...
INFO:uvicorn.error:Shutting down
INFO:uvicorn.error:Waiting for application shutdown.
INFO:uvicorn.error:Application shutdown complete.
INFO:uvicorn.error:Finished server process [13652]
INFO:uvicorn.error:Started server process [24680]
INFO:uvicorn.error:Waiting for application startup.
INFO:uvicorn.error:Application startup complete.
WARNING:uvicorn.error:WatchFiles detected changes in 'combined_analysis.py'. Reloading...
INFO:uvicorn.error:Shutting down
INFO:uvicorn.error:Waiting for application shutdown.
INFO:uvicorn.error:Application shutdown complete.
INFO:uvicorn.error:Finished server process [24680]
INFO:uvicorn.error:Started server process [27980]
INFO:uvicorn.error:Waiting for application startup.
INFO:uvicorn.error:Application startup complete.
WARNING:uvicorn.error:WatchFiles detected changes in 'combined_analysis.py'. Reloading...
INFO:uvicorn.error:Shutting down
INFO:uvicorn.error:Waiting for application shutdown.
INFO:uvicorn.error:Application shutdown complete.
INFO:uvicorn.error:Finished server process [27980]
INFO:uvicorn.error:Started server process [16820]
INFO:uvicorn.error:Waiting for application startup.
INFO:uvicorn.error:Application startup complete.
WARNING:uvicorn.error:WatchFiles detected changes in 'combined_analysis.py'. Reloading...
INFO:uvicorn.error:Shutting down
INFO:uvicorn.error:Waiting for application shutdown.
INFO:uvicorn.error:Application shutdown complete.
INFO:uvicorn.error:Finished server process [16820]
INFO:uvicorn.error:Started server process [27088]
INFO:uvicorn.error:Waiting for application startup.
INFO:uvicorn.error:Application startup complete.
INFO:uvicorn.error:Shutting down
INFO:uvicorn.error:Finished server process [27088]
ERROR:uvicorn.error:Traceback (most recent call last):
  File "C:\Users\LynnCao\AppData\Local\Programs\Python\Python39\lib\asyncio\runners.py", line 44, in run
    return loop.run_until_complete(main)
  File "C:\Users\LynnCao\AppData\Local\Programs\Python\Python39\lib\asyncio\base_events.py", line 634, in run_until_complete
    self.run_forever()
  File "C:\Users\LynnCao\AppData\Local\Programs\Python\Python39\lib\asyncio\base_events.py", line 601, in run_forever
    self._run_once()
  File "C:\Users\LynnCao\AppData\Local\Programs\Python\Python39\lib\asyncio\base_events.py", line 1905, in _run_once
    handle._run()
  File "C:\Users\LynnCao\AppData\Local\Programs\Python\Python39\lib\asyncio\events.py", line 80, in _run
    self._context.run(self._callback, *self._args)
  File "C:\Temp\pythonProject\backend_api\myenv\lib\site-packages\uvicorn\server.py", line 71, in serve
    await self._serve(sockets)
  File "C:\Users\LynnCao\AppData\Local\Programs\Python\Python39\lib\contextlib.py", line 126, in __exit__
    next(self.gen)
  File "C:\Temp\pythonProject\backend_api\myenv\lib\site-packages\uvicorn\server.py", line 331, in capture_signals
    signal.raise_signal(captured_signal)
KeyboardInterrupt

During handling of the above exception, another exception occurred:

Traceback (most recent call last):
  File "C:\Temp\pythonProject\backend_api\myenv\lib\site-packages\starlette\routing.py", line 700, in lifespan
    await receive()
  File "C:\Temp\pythonProject\backend_api\myenv\lib\site-packages\uvicorn\lifespan\on.py", line 137, in receive
    return await self.receive_queue.get()
  File "C:\Users\LynnCao\AppData\Local\Programs\Python\Python39\lib\asyncio\queues.py", line 166, in get
    await getter
asyncio.exceptions.CancelledError

INFO:uvicorn.error:Stopping reloader process [1516]
INFO:uvicorn.error:Will watch for changes in these directories: ['C:\\Temp\\pythonProject\\backend_api']
INFO:uvicorn.error:Uvicorn running on http://127.0.0.1:8000 (Press CTRL+C to quit)
INFO:uvicorn.error:Started reloader process [28188] using WatchFiles
INFO:uvicorn.error:Started server process [29332]
INFO:uvicorn.error:Waiting for application startup.
INFO:uvicorn.error:Application startup complete.
WARNING:uvicorn.error:WatchFiles detected changes in 'detect_AI_new.py'. Reloading...
INFO:uvicorn.error:Shutting down
INFO:uvicorn.error:Waiting for application shutdown.
INFO:uvicorn.error:Application shutdown complete.
INFO:uvicorn.error:Finished server process [29332]
INFO:uvicorn.error:Started server process [18036]
INFO:uvicorn.error:Waiting for application startup.
INFO:uvicorn.error:Application startup complete.
WARNING:uvicorn.error:WatchFiles detected changes in 'detect_AI_new.py'. Reloading...
INFO:uvicorn.error:Shutting down
INFO:uvicorn.error:Waiting for application shutdown.
INFO:uvicorn.error:Application shutdown complete.
INFO:uvicorn.error:Finished server process [18036]
INFO:uvicorn.error:Started server process [26548]
INFO:uvicorn.error:Waiting for application startup.
INFO:uvicorn.error:Application startup complete.
WARNING:uvicorn.error:WatchFiles detected changes in 'detect_AI_new.py'. Reloading...
INFO:uvicorn.error:Shutting down
INFO:uvicorn.error:Waiting for application shutdown.
INFO:uvicorn.error:Application shutdown complete.
INFO:uvicorn.error:Finished server process [26548]
INFO:uvicorn.error:Started server process [9880]
INFO:uvicorn.error:Waiting for application startup.
INFO:uvicorn.error:Application startup complete.
WARNING:uvicorn.error:WatchFiles detected changes in 'detect_AI_new.py'. Reloading...
INFO:uvicorn.error:Shutting down
INFO:uvicorn.error:Waiting for application shutdown.
INFO:uvicorn.error:Application shutdown complete.
INFO:uvicorn.error:Finished server process [9880]
INFO:uvicorn.error:Started server process [16784]
INFO:uvicorn.error:Waiting for application startup.
INFO:uvicorn.error:Application startup complete.
WARNING:uvicorn.error:WatchFiles detected changes in 'main.py'. Reloading...
INFO:uvicorn.error:Shutting down
INFO:uvicorn.error:Waiting for application shutdown.
INFO:uvicorn.error:Application shutdown complete.
INFO:uvicorn.error:Finished server process [16784]
INFO:uvicorn.error:Started server process [2124]
INFO:uvicorn.error:Waiting for application startup.
INFO:uvicorn.error:Application startup complete.
WARNING:uvicorn.error:WatchFiles detected changes in 'main.py'. Reloading...
INFO:uvicorn.error:Shutting down
INFO:uvicorn.error:Waiting for application shutdown.
INFO:uvicorn.error:Application shutdown complete.
INFO:uvicorn.error:Finished server process [2124]
INFO:uvicorn.error:Started server process [16984]
INFO:uvicorn.error:Waiting for application startup.
INFO:uvicorn.error:Application startup complete.
WARNING:uvicorn.error:WatchFiles detected changes in 'detect_AI_new.py'. Reloading...
INFO:uvicorn.error:Shutting down
INFO:uvicorn.error:Waiting for application shutdown.
INFO:uvicorn.error:Application shutdown complete.
INFO:uvicorn.error:Finished server process [16984]
INFO:uvicorn.error:Started server process [15832]
INFO:uvicorn.error:Waiting for application startup.
INFO:uvicorn.error:Application startup complete.
WARNING:uvicorn.error:WatchFiles detected changes in 'main.py'. Reloading...
INFO:uvicorn.error:Shutting down
INFO:uvicorn.error:Waiting for application shutdown.
INFO:uvicorn.error:Application shutdown complete.
INFO:uvicorn.error:Finished server process [15832]
INFO:uvicorn.error:Started server process [17848]
INFO:uvicorn.error:Waiting for application startup.
INFO:uvicorn.error:Application startup complete.
WARNING:uvicorn.error:WatchFiles detected changes in 'main.py'. Reloading...
INFO:uvicorn.error:Shutting down
INFO:uvicorn.error:Waiting for application shutdown.
INFO:uvicorn.error:Application shutdown complete.
INFO:uvicorn.error:Finished server process [17848]
INFO:uvicorn.error:Started server process [31380]
INFO:uvicorn.error:Waiting for application startup.
INFO:uvicorn.error:Application startup complete.
WARNING:uvicorn.error:WatchFiles detected changes in 'main.py'. Reloading...
INFO:uvicorn.error:Shutting down
INFO:uvicorn.error:Waiting for application shutdown.
INFO:uvicorn.error:Application shutdown complete.
INFO:uvicorn.error:Finished server process [31380]
INFO:uvicorn.error:Started server process [23116]
INFO:uvicorn.error:Waiting for application startup.
INFO:uvicorn.error:Application startup complete.
WARNING:uvicorn.error:WatchFiles detected changes in 'detect_AI_new.py'. Reloading...
INFO:uvicorn.error:Shutting down
INFO:uvicorn.error:Waiting for application shutdown.
INFO:uvicorn.error:Application shutdown complete.
INFO:uvicorn.error:Finished server process [23116]
INFO:uvicorn.error:Started server process [30356]
INFO:uvicorn.error:Waiting for application startup.
INFO:uvicorn.error:Application startup complete.
WARNING:uvicorn.error:WatchFiles detected changes in 'detect_AI_new.py'. Reloading...
INFO:uvicorn.error:Shutting down
INFO:uvicorn.error:Waiting for application shutdown.
INFO:uvicorn.error:Application shutdown complete.
INFO:uvicorn.error:Finished server process [30356]
INFO:uvicorn.error:Started server process [20472]
INFO:uvicorn.error:Waiting for application startup.
INFO:uvicorn.error:Application startup complete.
WARNING:uvicorn.error:WatchFiles detected changes in 'detect_AI_new.py'. Reloading...
INFO:uvicorn.error:Shutting down
INFO:uvicorn.error:Waiting for application shutdown.
INFO:uvicorn.error:Application shutdown complete.
INFO:uvicorn.error:Finished server process [20472]
INFO:uvicorn.error:Started server process [7812]
INFO:uvicorn.error:Waiting for application startup.
INFO:uvicorn.error:Application startup complete.
WARNING:uvicorn.error:WatchFiles detected changes in 'main.py'. Reloading...
INFO:uvicorn.error:Shutting down
INFO:uvicorn.error:Waiting for application shutdown.
INFO:uvicorn.error:Application shutdown complete.
INFO:uvicorn.error:Finished server process [7812]
INFO:uvicorn.error:Started server process [16412]
INFO:uvicorn.error:Waiting for application startup.
INFO:uvicorn.error:Application startup complete.
WARNING:uvicorn.error:WatchFiles detected changes in 'detect_AI_new.py'. Reloading...
INFO:uvicorn.error:Shutting down
INFO:uvicorn.error:Waiting for application shutdown.
INFO:uvicorn.error:Application shutdown complete.
INFO:uvicorn.error:Finished server process [16412]
INFO:uvicorn.error:Started server process [26960]
INFO:uvicorn.error:Waiting for application startup.
INFO:uvicorn.error:Application startup complete.
WARNING:uvicorn.error:WatchFiles detected changes in 'detect_AI_new.py'. Reloading...
INFO:uvicorn.error:Shutting down
INFO:uvicorn.error:Waiting for application shutdown.
INFO:uvicorn.error:Application shutdown complete.
INFO:uvicorn.error:Finished server process [26960]
WARNING:uvicorn.error:WatchFiles detected changes in 'detect_AI_new.py'. Reloading...
INFO:uvicorn.error:Started server process [24708]
INFO:uvicorn.error:Waiting for application startup.
INFO:uvicorn.error:Application startup complete.
ERROR:uvicorn.error:Traceback (most recent call last):
  File "C:\Users\LynnCao\AppData\Local\Programs\Python\Python39\lib\asyncio\runners.py", line 44, in run
    return loop.run_until_complete(main)
  File "C:\Users\LynnCao\AppData\Local\Programs\Python\Python39\lib\asyncio\base_events.py", line 634, in run_until_complete
    self.run_forever()
  File "C:\Users\LynnCao\AppData\Local\Programs\Python\Python39\lib\asyncio\base_events.py", line 601, in run_forever
    self._run_once()
  File "C:\Users\LynnCao\AppData\Local\Programs\Python\Python39\lib\asyncio\base_events.py", line 1905, in _run_once
    handle._run()
  File "C:\Users\LynnCao\AppData\Local\Programs\Python\Python39\lib\asyncio\events.py", line 80, in _run
    self._context.run(self._callback, *self._args)
  File "C:\Temp\pythonProject\backend_api\myenv\lib\site-packages\uvicorn\server.py", line 71, in serve
    await self._serve(sockets)
  File "C:\Users\LynnCao\AppData\Local\Programs\Python\Python39\lib\contextlib.py", line 126, in __exit__
    next(self.gen)
  File "C:\Temp\pythonProject\backend_api\myenv\lib\site-packages\uvicorn\server.py", line 331, in capture_signals
    signal.raise_signal(captured_signal)
KeyboardInterrupt

During handling of the above exception, another exception occurred:

Traceback (most recent call last):
  File "C:\Temp\pythonProject\backend_api\myenv\lib\site-packages\starlette\routing.py", line 700, in lifespan
    await receive()
  File "C:\Temp\pythonProject\backend_api\myenv\lib\site-packages\uvicorn\lifespan\on.py", line 137, in receive
    return await self.receive_queue.get()
  File "C:\Users\LynnCao\AppData\Local\Programs\Python\Python39\lib\asyncio\queues.py", line 166, in get
    await getter
asyncio.exceptions.CancelledError

WARNING:uvicorn.error:WatchFiles detected changes in 'main.py'. Reloading...
INFO:uvicorn.error:Started server process [22508]
INFO:uvicorn.error:Waiting for application startup.
INFO:uvicorn.error:Application startup complete.
ERROR:uvicorn.error:Traceback (most recent call last):
  File "C:\Users\LynnCao\AppData\Local\Programs\Python\Python39\lib\asyncio\runners.py", line 44, in run
    return loop.run_until_complete(main)
  File "C:\Users\LynnCao\AppData\Local\Programs\Python\Python39\lib\asyncio\base_events.py", line 634, in run_until_complete
    self.run_forever()
  File "C:\Users\LynnCao\AppData\Local\Programs\Python\Python39\lib\asyncio\base_events.py", line 601, in run_forever
    self._run_once()
  File "C:\Users\LynnCao\AppData\Local\Programs\Python\Python39\lib\asyncio\base_events.py", line 1905, in _run_once
    handle._run()
  File "C:\Users\LynnCao\AppData\Local\Programs\Python\Python39\lib\asyncio\events.py", line 80, in _run
    self._context.run(self._callback, *self._args)
  File "C:\Temp\pythonProject\backend_api\myenv\lib\site-packages\uvicorn\server.py", line 71, in serve
    await self._serve(sockets)
  File "C:\Users\LynnCao\AppData\Local\Programs\Python\Python39\lib\contextlib.py", line 126, in __exit__
    next(self.gen)
  File "C:\Temp\pythonProject\backend_api\myenv\lib\site-packages\uvicorn\server.py", line 331, in capture_signals
    signal.raise_signal(captured_signal)
KeyboardInterrupt

During handling of the above exception, another exception occurred:

Traceback (most recent call last):
  File "C:\Temp\pythonProject\backend_api\myenv\lib\site-packages\starlette\routing.py", line 700, in lifespan
    await receive()
  File "C:\Temp\pythonProject\backend_api\myenv\lib\site-packages\uvicorn\lifespan\on.py", line 137, in receive
    return await self.receive_queue.get()
  File "C:\Users\LynnCao\AppData\Local\Programs\Python\Python39\lib\asyncio\queues.py", line 166, in get
    await getter
asyncio.exceptions.CancelledError

INFO:uvicorn.error:Started server process [30264]
INFO:uvicorn.error:Waiting for application startup.
INFO:uvicorn.error:Application startup complete.
WARNING:uvicorn.error:WatchFiles detected changes in 'detect_AI_new.py'. Reloading...
INFO:uvicorn.error:Shutting down
INFO:uvicorn.error:Waiting for application shutdown.
INFO:uvicorn.error:Application shutdown complete.
INFO:uvicorn.error:Finished server process [30264]
INFO:uvicorn.error:Started server process [11976]
INFO:uvicorn.error:Waiting for application startup.
INFO:uvicorn.error:Application startup complete.
WARNING:uvicorn.error:WatchFiles detected changes in 'detect_AI_new.py'. Reloading...
INFO:uvicorn.error:Shutting down
INFO:uvicorn.error:Waiting for application shutdown.
INFO:uvicorn.error:Application shutdown complete.
INFO:uvicorn.error:Finished server process [11976]
WARNING:uvicorn.error:WatchFiles detected changes in 'detect_AI_new.py'. Reloading...
INFO:uvicorn.error:Started server process [25660]
INFO:uvicorn.error:Waiting for application startup.
INFO:uvicorn.error:Application startup complete.
ERROR:uvicorn.error:Traceback (most recent call last):
  File "C:\Users\LynnCao\AppData\Local\Programs\Python\Python39\lib\asyncio\runners.py", line 44, in run
    return loop.run_until_complete(main)
  File "C:\Users\LynnCao\AppData\Local\Programs\Python\Python39\lib\asyncio\base_events.py", line 634, in run_until_complete
    self.run_forever()
  File "C:\Users\LynnCao\AppData\Local\Programs\Python\Python39\lib\asyncio\base_events.py", line 601, in run_forever
    self._run_once()
  File "C:\Users\LynnCao\AppData\Local\Programs\Python\Python39\lib\asyncio\base_events.py", line 1905, in _run_once
    handle._run()
  File "C:\Users\LynnCao\AppData\Local\Programs\Python\Python39\lib\asyncio\events.py", line 80, in _run
    self._context.run(self._callback, *self._args)
  File "C:\Temp\pythonProject\backend_api\myenv\lib\site-packages\uvicorn\server.py", line 71, in serve
    await self._serve(sockets)
  File "C:\Users\LynnCao\AppData\Local\Programs\Python\Python39\lib\contextlib.py", line 126, in __exit__
    next(self.gen)
  File "C:\Temp\pythonProject\backend_api\myenv\lib\site-packages\uvicorn\server.py", line 331, in capture_signals
    signal.raise_signal(captured_signal)
KeyboardInterrupt

During handling of the above exception, another exception occurred:

Traceback (most recent call last):
  File "C:\Temp\pythonProject\backend_api\myenv\lib\site-packages\starlette\routing.py", line 700, in lifespan
    await receive()
  File "C:\Temp\pythonProject\backend_api\myenv\lib\site-packages\uvicorn\lifespan\on.py", line 137, in receive
    return await self.receive_queue.get()
  File "C:\Users\LynnCao\AppData\Local\Programs\Python\Python39\lib\asyncio\queues.py", line 166, in get
    await getter
asyncio.exceptions.CancelledError

INFO:uvicorn.error:Started server process [29180]
INFO:uvicorn.error:Waiting for application startup.
INFO:uvicorn.error:Application startup complete.
WARNING:uvicorn.error:WatchFiles detected changes in 'detect_AI_new.py'. Reloading...
INFO:uvicorn.error:Shutting down
INFO:uvicorn.error:Waiting for application shutdown.
INFO:uvicorn.error:Application shutdown complete.
INFO:uvicorn.error:Finished server process [29180]
INFO:uvicorn.error:Started server process [17320]
INFO:uvicorn.error:Waiting for application startup.
INFO:uvicorn.error:Application startup complete.
WARNING:uvicorn.error:WatchFiles detected changes in 'detect_AI_new.py'. Reloading...
INFO:uvicorn.error:Shutting down
INFO:uvicorn.error:Waiting for application shutdown.
INFO:uvicorn.error:Application shutdown complete.
INFO:uvicorn.error:Finished server process [17320]
INFO:uvicorn.error:Started server process [28740]
INFO:uvicorn.error:Waiting for application startup.
INFO:uvicorn.error:Application startup complete.
WARNING:uvicorn.error:WatchFiles detected changes in 'main.py'. Reloading...
INFO:uvicorn.error:Shutting down
INFO:uvicorn.error:Waiting for application shutdown.
INFO:uvicorn.error:Application shutdown complete.
INFO:uvicorn.error:Finished server process [28740]
WARNING:uvicorn.error:WatchFiles detected changes in 'main.py'. Reloading...
INFO:uvicorn.error:Started server process [28432]
INFO:uvicorn.error:Waiting for application startup.
INFO:uvicorn.error:Application startup complete.
WARNING:uvicorn.error:WatchFiles detected changes in 'detect_AI_new.py'. Reloading...
INFO:uvicorn.error:Shutting down
INFO:uvicorn.error:Waiting for application shutdown.
INFO:uvicorn.error:Application shutdown complete.
INFO:uvicorn.error:Finished server process [28432]
WARNING:uvicorn.error:WatchFiles detected changes in 'detect_AI_new.py'. Reloading...
INFO:uvicorn.error:Started server process [28192]
INFO:uvicorn.error:Waiting for application startup.
INFO:uvicorn.error:Application startup complete.
WARNING:uvicorn.error:WatchFiles detected changes in 'pixel_analysis.py'. Reloading...
INFO:uvicorn.error:Shutting down
INFO:uvicorn.error:Waiting for application shutdown.
INFO:uvicorn.error:Application shutdown complete.
INFO:uvicorn.error:Finished server process [28192]
INFO:uvicorn.error:Started server process [23612]
INFO:uvicorn.error:Waiting for application startup.
INFO:uvicorn.error:Application startup complete.
WARNING:uvicorn.error:WatchFiles detected changes in 'pixel_analysis.py'. Reloading...
INFO:uvicorn.error:Shutting down
INFO:uvicorn.error:Waiting for application shutdown.
INFO:uvicorn.error:Application shutdown complete.
INFO:uvicorn.error:Finished server process [23612]
INFO:uvicorn.error:Started server process [26124]
INFO:uvicorn.error:Waiting for application startup.
INFO:uvicorn.error:Application startup complete.
WARNING:uvicorn.error:WatchFiles detected changes in 'pixel_analysis.py'. Reloading...
INFO:uvicorn.error:Shutting down
INFO:uvicorn.error:Waiting for application shutdown.
INFO:uvicorn.error:Application shutdown complete.
INFO:uvicorn.error:Finished server process [26124]
INFO:uvicorn.error:Started server process [25740]
INFO:uvicorn.error:Waiting for application startup.
INFO:uvicorn.error:Application startup complete.
WARNING:uvicorn.error:WatchFiles detected changes in 'pixel_analysis.py'. Reloading...
INFO:uvicorn.error:Shutting down
INFO:uvicorn.error:Waiting for application shutdown.
INFO:uvicorn.error:Application shutdown complete.
INFO:uvicorn.error:Finished server process [25740]
INFO:uvicorn.error:Started server process [26836]
INFO:uvicorn.error:Waiting for application startup.
INFO:uvicorn.error:Application startup complete.
WARNING:uvicorn.error:WatchFiles detected changes in 'pixel_analysis.py'. Reloading...
INFO:uvicorn.error:Shutting down
INFO:uvicorn.error:Waiting for application shutdown.
INFO:uvicorn.error:Application shutdown complete.
INFO:uvicorn.error:Finished server process [26836]
INFO:uvicorn.error:Started server process [30912]
INFO:uvicorn.error:Waiting for application startup.
INFO:uvicorn.error:Application startup complete.
WARNING:uvicorn.error:WatchFiles detected changes in 'combined_analysis.py'. Reloading...
INFO:uvicorn.error:Shutting down
INFO:uvicorn.error:Waiting for application shutdown.
INFO:uvicorn.error:Application shutdown complete.
INFO:uvicorn.error:Finished server process [30912]
INFO:uvicorn.error:Started server process [3100]
INFO:uvicorn.error:Waiting for application startup.
INFO:uvicorn.error:Application startup complete.
WARNING:uvicorn.error:WatchFiles detected changes in 'combined_analysis.py'. Reloading...
INFO:uvicorn.error:Shutting down
INFO:uvicorn.error:Waiting for application shutdown.
INFO:uvicorn.error:Application shutdown complete.
INFO:uvicorn.error:Finished server process [3100]
INFO:uvicorn.error:Started server process [27256]
INFO:uvicorn.error:Waiting for application startup.
INFO:uvicorn.error:Application startup complete.
WARNING:uvicorn.error:WatchFiles detected changes in 'combined_analysis.py'. Reloading...
INFO:uvicorn.error:Shutting down
INFO:uvicorn.error:Waiting for application shutdown.
INFO:uvicorn.error:Application shutdown complete.
INFO:uvicorn.error:Finished server process [27256]
INFO:uvicorn.error:Started server process [7712]
INFO:uvicorn.error:Waiting for application startup.
INFO:uvicorn.error:Application startup complete.
WARNING:uvicorn.error:WatchFiles detected changes in 'combined_analysis.py'. Reloading...
INFO:uvicorn.error:Shutting down
INFO:uvicorn.error:Waiting for application shutdown.
INFO:uvicorn.error:Application shutdown complete.
INFO:uvicorn.error:Finished server process [7712]
INFO:uvicorn.error:Started server process [2632]
INFO:uvicorn.error:Waiting for application startup.
INFO:uvicorn.error:Application startup complete.
WARNING:uvicorn.error:WatchFiles detected changes in 'combined_analysis.py'. Reloading...
INFO:uvicorn.error:Shutting down
INFO:uvicorn.error:Waiting for application shutdown.
INFO:uvicorn.error:Application shutdown complete.
INFO:uvicorn.error:Finished server process [2632]
INFO:uvicorn.error:Started server process [23392]
INFO:uvicorn.error:Waiting for application startup.
INFO:uvicorn.error:Application startup complete.
WARNING:uvicorn.error:WatchFiles detected changes in 'combined_analysis.py'. Reloading...
INFO:uvicorn.error:Shutting down
INFO:uvicorn.error:Waiting for application shutdown.
INFO:uvicorn.error:Application shutdown complete.
INFO:uvicorn.error:Finished server process [23392]
WARNING:uvicorn.error:WatchFiles detected changes in 'combined_analysis.py'. Reloading...
WARNING:uvicorn.error:WatchFiles detected changes in 'combined_analysis.py'. Reloading...
INFO:uvicorn.error:Started server process [18532]
INFO:uvicorn.error:Waiting for application startup.
INFO:uvicorn.error:Application startup complete.
ERROR:uvicorn.error:Traceback (most recent call last):
  File "C:\Users\LynnCao\AppData\Local\Programs\Python\Python39\lib\asyncio\runners.py", line 44, in run
    return loop.run_until_complete(main)
  File "C:\Users\LynnCao\AppData\Local\Programs\Python\Python39\lib\asyncio\base_events.py", line 634, in run_until_complete
    self.run_forever()
  File "C:\Users\LynnCao\AppData\Local\Programs\Python\Python39\lib\asyncio\base_events.py", line 601, in run_forever
    self._run_once()
  File "C:\Users\LynnCao\AppData\Local\Programs\Python\Python39\lib\asyncio\base_events.py", line 1905, in _run_once
    handle._run()
  File "C:\Users\LynnCao\AppData\Local\Programs\Python\Python39\lib\asyncio\events.py", line 80, in _run
    self._context.run(self._callback, *self._args)
  File "C:\Temp\pythonProject\backend_api\myenv\lib\site-packages\uvicorn\server.py", line 71, in serve
    await self._serve(sockets)
  File "C:\Users\LynnCao\AppData\Local\Programs\Python\Python39\lib\contextlib.py", line 126, in __exit__
    next(self.gen)
  File "C:\Temp\pythonProject\backend_api\myenv\lib\site-packages\uvicorn\server.py", line 331, in capture_signals
    signal.raise_signal(captured_signal)
KeyboardInterrupt

During handling of the above exception, another exception occurred:

Traceback (most recent call last):
  File "C:\Temp\pythonProject\backend_api\myenv\lib\site-packages\starlette\routing.py", line 700, in lifespan
    await receive()
  File "C:\Temp\pythonProject\backend_api\myenv\lib\site-packages\uvicorn\lifespan\on.py", line 137, in receive
    return await self.receive_queue.get()
  File "C:\Users\LynnCao\AppData\Local\Programs\Python\Python39\lib\asyncio\queues.py", line 166, in get
    await getter
asyncio.exceptions.CancelledError

WARNING:uvicorn.error:WatchFiles detected changes in 'combined_analysis.py'. Reloading...
INFO:uvicorn.error:Started server process [29196]
INFO:uvicorn.error:Waiting for application startup.
INFO:uvicorn.error:Application startup complete.
WARNING:uvicorn.error:WatchFiles detected changes in 'combined_analysis.py'. Reloading...
INFO:uvicorn.error:Shutting down
INFO:uvicorn.error:Waiting for application shutdown.
INFO:uvicorn.error:Application shutdown complete.
INFO:uvicorn.error:Finished server process [29196]
INFO:uvicorn.error:Started server process [19040]
INFO:uvicorn.error:Waiting for application startup.
INFO:uvicorn.error:Application startup complete.
WARNING:uvicorn.error:WatchFiles detected changes in 'combined_analysis.py'. Reloading...
INFO:uvicorn.error:Shutting down
INFO:uvicorn.error:Waiting for application shutdown.
INFO:uvicorn.error:Application shutdown complete.
INFO:uvicorn.error:Finished server process [19040]
INFO:uvicorn.error:Started server process [25384]
INFO:uvicorn.error:Waiting for application startup.
INFO:uvicorn.error:Application startup complete.
WARNING:uvicorn.error:WatchFiles detected changes in 'combined_analysis.py'. Reloading...
INFO:uvicorn.error:Shutting down
INFO:uvicorn.error:Waiting for application shutdown.
INFO:uvicorn.error:Application shutdown complete.
INFO:uvicorn.error:Finished server process [25384]
INFO:uvicorn.error:Started server process [31472]
INFO:uvicorn.error:Waiting for application startup.
INFO:uvicorn.error:Application startup complete.
INFO:uvicorn.error:Will watch for changes in these directories: ['C:\\Temp\\pythonProject\\backend_api']
INFO:uvicorn.error:Uvicorn running on http://127.0.0.1:8000 (Press CTRL+C to quit)
INFO:uvicorn.error:Started reloader process [9084] using WatchFiles
INFO:uvicorn.error:Started server process [21880]
INFO:uvicorn.error:Waiting for application startup.
INFO:uvicorn.error:Application startup complete.
INFO:uvicorn.error:Shutting down
INFO:uvicorn.error:Waiting for application shutdown.
INFO:uvicorn.error:Application shutdown complete.
INFO:uvicorn.error:Finished server process [21880]
INFO:uvicorn.error:Stopping reloader process [9084]
INFO:uvicorn.error:Will watch for changes in these directories: ['C:\\Temp\\pythonProject\\backend_api']
INFO:uvicorn.error:Uvicorn running on http://127.0.0.1:8000 (Press CTRL+C to quit)
INFO:uvicorn.error:Started reloader process [21992] using WatchFiles
INFO:uvicorn.error:Started server process [25344]
INFO:uvicorn.error:Waiting for application startup.
INFO:uvicorn.error:Application startup complete.
INFO:uvicorn.error:Will watch for changes in these directories: ['C:\\Temp\\pythonProject\\backend_api']
INFO:uvicorn.error:Uvicorn running on http://127.0.0.1:8000 (Press CTRL+C to quit)
INFO:uvicorn.error:Started reloader process [22988] using WatchFiles
INFO:uvicorn.error:Started server process [20292]
INFO:uvicorn.error:Waiting for application startup.
INFO:uvicorn.error:Application startup complete.
WARNING:uvicorn.error:WatchFiles detected changes in 'combined_analysis.py'. Reloading...
INFO:uvicorn.error:Shutting down
INFO:uvicorn.error:Waiting for application shutdown.
INFO:uvicorn.error:Application shutdown complete.
INFO:uvicorn.error:Finished server process [20292]
WARNING:uvicorn.error:WatchFiles detected changes in 'detect_AI_new.py'. Reloading...
WARNING:uvicorn.error:WatchFiles detected changes in 'combined_analysis.py'. Reloading...
WARNING:uvicorn.error:WatchFiles detected changes in 'combined_analysis.py'. Reloading...
INFO:uvicorn.error:Started server process [5108]
INFO:uvicorn.error:Waiting for application startup.
INFO:uvicorn.error:Application startup complete.
INFO:uvicorn.error:Shutting down
INFO:uvicorn.error:Finished server process [5108]
INFO:uvicorn.error:ASGI 'lifespan' protocol appears unsupported.
INFO:uvicorn.error:Will watch for changes in these directories: ['C:\\Temp\\pythonProject\\backend_api']
INFO:uvicorn.error:Uvicorn running on http://127.0.0.1:8000 (Press CTRL+C to quit)
INFO:uvicorn.error:Started reloader process [7580] using WatchFiles
INFO:uvicorn.error:Started server process [15008]
INFO:uvicorn.error:Waiting for application startup.
INFO:uvicorn.error:Application startup complete.
WARNING:uvicorn.error:WatchFiles detected changes in 'main.py'. Reloading...
INFO:uvicorn.error:Shutting down
INFO:uvicorn.error:Waiting for application shutdown.
INFO:uvicorn.error:Application shutdown complete.
INFO:uvicorn.error:Finished server process [15008]
INFO:uvicorn.error:Started server process [4352]
INFO:uvicorn.error:Waiting for application startup.
INFO:uvicorn.error:Application startup complete.
WARNING:uvicorn.error:WatchFiles detected changes in 'main.py'. Reloading...
INFO:uvicorn.error:Shutting down
INFO:uvicorn.error:Waiting for application shutdown.
INFO:uvicorn.error:Application shutdown complete.
INFO:uvicorn.error:Finished server process [4352]
INFO:uvicorn.error:Started server process [24300]
INFO:uvicorn.error:Waiting for application startup.
INFO:uvicorn.error:Application startup complete.
WARNING:uvicorn.error:WatchFiles detected changes in 'main.py'. Reloading...
INFO:uvicorn.error:Shutting down
INFO:uvicorn.error:Waiting for application shutdown.
INFO:uvicorn.error:Application shutdown complete.
INFO:uvicorn.error:Finished server process [24300]
INFO:uvicorn.error:Started server process [21192]
INFO:uvicorn.error:Waiting for application startup.
INFO:uvicorn.error:Application startup complete.
WARNING:uvicorn.error:WatchFiles detected changes in 'main.py'. Reloading...
INFO:uvicorn.error:Shutting down
INFO:uvicorn.error:Waiting for application shutdown.
INFO:uvicorn.error:Application shutdown complete.
INFO:uvicorn.error:Finished server process [21192]
INFO:uvicorn.error:Started server process [12896]
INFO:uvicorn.error:Waiting for application startup.
INFO:uvicorn.error:Application startup complete.
INFO:uvicorn.error:Shutting down
INFO:uvicorn.error:Waiting for application shutdown.
INFO:uvicorn.error:Application shutdown complete.
INFO:uvicorn.error:Finished server process [12896]
INFO:uvicorn.error:Stopping reloader process [7580]
INFO:uvicorn.error:Will watch for changes in these directories: ['C:\\Temp\\pythonProject\\backend_api']
INFO:uvicorn.error:Uvicorn running on http://127.0.0.1:8000 (Press CTRL+C to quit)
INFO:uvicorn.error:Started reloader process [22036] using WatchFiles
INFO:uvicorn.error:Started server process [3348]
INFO:uvicorn.error:Waiting for application startup.
INFO:uvicorn.error:Application startup complete.
WARNING:uvicorn.error:Invalid HTTP request received.
WARNING:uvicorn.error:Invalid HTTP request received.
WARNING:uvicorn.error:WatchFiles detected changes in 'main.py'. Reloading...
INFO:uvicorn.error:Shutting down
INFO:uvicorn.error:Waiting for application shutdown.
INFO:uvicorn.error:Application shutdown complete.
INFO:uvicorn.error:Finished server process [3348]
INFO:uvicorn.error:Stopping reloader process [22036]
INFO:uvicorn.error:Will watch for changes in these directories: ['C:\\Temp\\pythonProject\\backend_api']
INFO:uvicorn.error:Uvicorn running on http://127.0.0.1:8000 (Press CTRL+C to quit)
INFO:uvicorn.error:Started reloader process [16752] using WatchFiles
INFO:uvicorn.error:Started server process [27116]
INFO:uvicorn.error:Waiting for application startup.
INFO:uvicorn.error:Application startup complete.
INFO:uvicorn.error:Shutting down
INFO:uvicorn.error:Waiting for application shutdown.
INFO:uvicorn.error:Application shutdown complete.
INFO:uvicorn.error:Finished server process [27116]
INFO:uvicorn.error:Stopping reloader process [16752]
INFO:uvicorn.error:Will watch for changes in these directories: ['C:\\Temp\\pythonProject\\backend_api']
INFO:uvicorn.error:Uvicorn running on http://127.0.0.1:8000 (Press CTRL+C to quit)
INFO:uvicorn.error:Started reloader process [19980] using WatchFiles
INFO:uvicorn.error:Started server process [5380]
INFO:uvicorn.error:Waiting for application startup.
INFO:uvicorn.error:Application startup complete.
INFO:uvicorn.error:Shutting down
INFO:uvicorn.error:Finished server process [5380]
ERROR:uvicorn.error:Traceback (most recent call last):
  File "C:\Users\LynnCao\AppData\Local\Programs\Python\Python39\lib\asyncio\runners.py", line 44, in run
    return loop.run_until_complete(main)
  File "C:\Users\LynnCao\AppData\Local\Programs\Python\Python39\lib\asyncio\base_events.py", line 634, in run_until_complete
    self.run_forever()
  File "C:\Users\LynnCao\AppData\Local\Programs\Python\Python39\lib\asyncio\base_events.py", line 601, in run_forever
    self._run_once()
  File "C:\Users\LynnCao\AppData\Local\Programs\Python\Python39\lib\asyncio\base_events.py", line 1905, in _run_once
    handle._run()
  File "C:\Users\LynnCao\AppData\Local\Programs\Python\Python39\lib\asyncio\events.py", line 80, in _run
    self._context.run(self._callback, *self._args)
  File "C:\Temp\pythonProject\backend_api\myenv\lib\site-packages\uvicorn\server.py", line 71, in serve
    await self._serve(sockets)
  File "C:\Users\LynnCao\AppData\Local\Programs\Python\Python39\lib\contextlib.py", line 126, in __exit__
    next(self.gen)
  File "C:\Temp\pythonProject\backend_api\myenv\lib\site-packages\uvicorn\server.py", line 331, in capture_signals
    signal.raise_signal(captured_signal)
KeyboardInterrupt

During handling of the above exception, another exception occurred:

Traceback (most recent call last):
  File "C:\Temp\pythonProject\backend_api\myenv\lib\site-packages\starlette\routing.py", line 700, in lifespan
    await receive()
  File "C:\Temp\pythonProject\backend_api\myenv\lib\site-packages\uvicorn\lifespan\on.py", line 137, in receive
    return await self.receive_queue.get()
  File "C:\Users\LynnCao\AppData\Local\Programs\Python\Python39\lib\asyncio\queues.py", line 166, in get
    await getter
asyncio.exceptions.CancelledError

INFO:uvicorn.error:Stopping reloader process [19980]
INFO:uvicorn.error:Will watch for changes in these directories: ['C:\\Temp\\pythonProject\\backend_api']
INFO:uvicorn.error:Uvicorn running on http://127.0.0.1:8000 (Press CTRL+C to quit)
INFO:uvicorn.error:Started reloader process [28644] using WatchFiles
INFO:uvicorn.error:Started server process [24256]
INFO:uvicorn.error:Waiting for application startup.
INFO:uvicorn.error:Application startup complete.
INFO:uvicorn.error:Shutting down
INFO:uvicorn.error:Finished server process [24256]
ERROR:uvicorn.error:Traceback (most recent call last):
  File "C:\Users\LynnCao\AppData\Local\Programs\Python\Python39\lib\asyncio\runners.py", line 44, in run
    return loop.run_until_complete(main)
  File "C:\Users\LynnCao\AppData\Local\Programs\Python\Python39\lib\asyncio\base_events.py", line 634, in run_until_complete
    self.run_forever()
  File "C:\Users\LynnCao\AppData\Local\Programs\Python\Python39\lib\asyncio\base_events.py", line 601, in run_forever
    self._run_once()
  File "C:\Users\LynnCao\AppData\Local\Programs\Python\Python39\lib\asyncio\base_events.py", line 1905, in _run_once
    handle._run()
  File "C:\Users\LynnCao\AppData\Local\Programs\Python\Python39\lib\asyncio\events.py", line 80, in _run
    self._context.run(self._callback, *self._args)
  File "C:\Temp\pythonProject\backend_api\myenv\lib\site-packages\uvicorn\server.py", line 71, in serve
    await self._serve(sockets)
  File "C:\Users\LynnCao\AppData\Local\Programs\Python\Python39\lib\contextlib.py", line 126, in __exit__
    next(self.gen)
  File "C:\Temp\pythonProject\backend_api\myenv\lib\site-packages\uvicorn\server.py", line 331, in capture_signals
    signal.raise_signal(captured_signal)
KeyboardInterrupt

During handling of the above exception, another exception occurred:

Traceback (most recent call last):
  File "C:\Temp\pythonProject\backend_api\myenv\lib\site-packages\starlette\routing.py", line 700, in lifespan
    await receive()
  File "C:\Temp\pythonProject\backend_api\myenv\lib\site-packages\uvicorn\lifespan\on.py", line 137, in receive
    return await self.receive_queue.get()
  File "C:\Users\LynnCao\AppData\Local\Programs\Python\Python39\lib\asyncio\queues.py", line 166, in get
    await getter
asyncio.exceptions.CancelledError

INFO:uvicorn.error:Stopping reloader process [28644]
INFO:uvicorn.error:Will watch for changes in these directories: ['C:\\Temp\\pythonProject\\backend_api']
INFO:uvicorn.error:Uvicorn running on http://127.0.0.1:8000 (Press CTRL+C to quit)
INFO:uvicorn.error:Started reloader process [27628] using WatchFiles
INFO:uvicorn.error:Started server process [18648]
INFO:uvicorn.error:Waiting for application startup.
INFO:uvicorn.error:Application startup complete.
WARNING:uvicorn.error:WatchFiles detected changes in 'main.py'. Reloading...
INFO:uvicorn.error:Shutting down
INFO:uvicorn.error:Waiting for application shutdown.
INFO:uvicorn.error:Application shutdown complete.
INFO:uvicorn.error:Finished server process [18648]
INFO:uvicorn.error:Started server process [17044]
INFO:uvicorn.error:Waiting for application startup.
INFO:uvicorn.error:Application startup complete.
INFO:uvicorn.error:Will watch for changes in these directories: ['C:\\Temp\\pythonProject\\backend_api']
INFO:uvicorn.error:Uvicorn running on http://127.0.0.1:8000 (Press CTRL+C to quit)
INFO:uvicorn.error:Started reloader process [9792] using WatchFiles
INFO:uvicorn.error:Started server process [7292]
INFO:uvicorn.error:Waiting for application startup.
INFO:uvicorn.error:Application startup complete.
WARNING:uvicorn.error:WatchFiles detected changes in 'main.py'. Reloading...
INFO:uvicorn.error:Shutting down
INFO:uvicorn.error:Waiting for application shutdown.
INFO:uvicorn.error:Application shutdown complete.
INFO:uvicorn.error:Finished server process [7292]
INFO:uvicorn.error:Started server process [11144]
INFO:uvicorn.error:Waiting for application startup.
INFO:uvicorn.error:Application startup complete.
ERROR:uvicorn.error:Traceback (most recent call last):
  File "C:\Users\LynnCao\AppData\Local\Programs\Python\Python39\lib\asyncio\runners.py", line 44, in run
    return loop.run_until_complete(main)
  File "C:\Users\LynnCao\AppData\Local\Programs\Python\Python39\lib\asyncio\base_events.py", line 634, in run_until_complete
    self.run_forever()
  File "C:\Users\LynnCao\AppData\Local\Programs\Python\Python39\lib\asyncio\base_events.py", line 601, in run_forever
    self._run_once()
  File "C:\Users\LynnCao\AppData\Local\Programs\Python\Python39\lib\asyncio\base_events.py", line 1905, in _run_once
    handle._run()
  File "C:\Users\LynnCao\AppData\Local\Programs\Python\Python39\lib\asyncio\events.py", line 80, in _run
    self._context.run(self._callback, *self._args)
  File "C:\Temp\pythonProject\backend_api\myenv\lib\site-packages\uvicorn\server.py", line 71, in serve
    await self._serve(sockets)
  File "C:\Users\LynnCao\AppData\Local\Programs\Python\Python39\lib\contextlib.py", line 126, in __exit__
    next(self.gen)
  File "C:\Temp\pythonProject\backend_api\myenv\lib\site-packages\uvicorn\server.py", line 331, in capture_signals
    signal.raise_signal(captured_signal)
KeyboardInterrupt

During handling of the above exception, another exception occurred:

Traceback (most recent call last):
  File "C:\Temp\pythonProject\backend_api\myenv\lib\site-packages\starlette\routing.py", line 700, in lifespan
    await receive()
  File "C:\Temp\pythonProject\backend_api\myenv\lib\site-packages\uvicorn\lifespan\on.py", line 137, in receive
    return await self.receive_queue.get()
  File "C:\Users\LynnCao\AppData\Local\Programs\Python\Python39\lib\asyncio\queues.py", line 166, in get
    await getter
asyncio.exceptions.CancelledError

INFO:uvicorn.error:Stopping reloader process [9792]
INFO:uvicorn.error:Will watch for changes in these directories: ['C:\\Temp\\pythonProject\\backend_api']
INFO:uvicorn.error:Uvicorn running on http://127.0.0.1:8000 (Press CTRL+C to quit)
INFO:uvicorn.error:Started reloader process [25156] using WatchFiles
INFO:uvicorn.error:Started server process [12596]
INFO:uvicorn.error:Waiting for application startup.
INFO:uvicorn.error:Application startup complete.
WARNING:uvicorn.error:WatchFiles detected changes in 'main.py'. Reloading...
INFO:uvicorn.error:Shutting down
INFO:uvicorn.error:Waiting for application shutdown.
INFO:uvicorn.error:Application shutdown complete.
INFO:uvicorn.error:Finished server process [12596]
WARNING:uvicorn.error:WatchFiles detected changes in 'main.py'. Reloading...
INFO:uvicorn.error:Started server process [5172]
INFO:uvicorn.error:Waiting for application startup.
INFO:uvicorn.error:Application startup complete.
WARNING:uvicorn.error:WatchFiles detected changes in 'combined_analysis.py'. Reloading...
INFO:uvicorn.error:Shutting down
INFO:uvicorn.error:Waiting for application shutdown.
INFO:uvicorn.error:Application shutdown complete.
INFO:uvicorn.error:Finished server process [5172]
INFO:uvicorn.error:Started server process [23000]
INFO:uvicorn.error:Waiting for application startup.
INFO:uvicorn.error:Application startup complete.
WARNING:uvicorn.error:WatchFiles detected changes in 'main.py'. Reloading...
INFO:uvicorn.error:Shutting down
INFO:uvicorn.error:Waiting for application shutdown.
INFO:uvicorn.error:Application shutdown complete.
INFO:uvicorn.error:Finished server process [23000]
INFO:uvicorn.error:Started server process [11232]
INFO:uvicorn.error:Waiting for application startup.
INFO:uvicorn.error:Application startup complete.
WARNING:uvicorn.error:WatchFiles detected changes in 'main.py'. Reloading...
INFO:uvicorn.error:Shutting down
INFO:uvicorn.error:Waiting for application shutdown.
INFO:uvicorn.error:Application shutdown complete.
INFO:uvicorn.error:Finished server process [11232]
WARNING:uvicorn.error:WatchFiles detected changes in 'main.py'. Reloading...
INFO:uvicorn.error:Started server process [26596]
INFO:uvicorn.error:Waiting for application startup.
INFO:uvicorn.error:Application startup complete.
WARNING:uvicorn.error:WatchFiles detected changes in 'error_level.py'. Reloading...
INFO:uvicorn.error:Shutting down
INFO:uvicorn.error:Waiting for application shutdown.
INFO:uvicorn.error:Application shutdown complete.
INFO:uvicorn.error:Finished server process [26596]
INFO:uvicorn.error:Started server process [12592]
INFO:uvicorn.error:Waiting for application startup.
INFO:uvicorn.error:Application startup complete.
WARNING:uvicorn.error:WatchFiles detected changes in 'combined_analysis.py'. Reloading...
INFO:uvicorn.error:Shutting down
INFO:uvicorn.error:Waiting for application shutdown.
INFO:uvicorn.error:Application shutdown complete.
INFO:uvicorn.error:Finished server process [12592]
WARNING:uvicorn.error:WatchFiles detected changes in 'combined_analysis.py'. Reloading...
INFO:uvicorn.error:Started server process [14548]
INFO:uvicorn.error:Waiting for application startup.
INFO:uvicorn.error:Application startup complete.
ERROR:uvicorn.error:Traceback (most recent call last):
  File "C:\Users\LynnCao\AppData\Local\Programs\Python\Python39\lib\asyncio\runners.py", line 44, in run
    return loop.run_until_complete(main)
  File "C:\Users\LynnCao\AppData\Local\Programs\Python\Python39\lib\asyncio\base_events.py", line 634, in run_until_complete
    self.run_forever()
  File "C:\Users\LynnCao\AppData\Local\Programs\Python\Python39\lib\asyncio\base_events.py", line 601, in run_forever
    self._run_once()
  File "C:\Users\LynnCao\AppData\Local\Programs\Python\Python39\lib\asyncio\base_events.py", line 1905, in _run_once
    handle._run()
  File "C:\Users\LynnCao\AppData\Local\Programs\Python\Python39\lib\asyncio\events.py", line 80, in _run
    self._context.run(self._callback, *self._args)
  File "C:\Temp\pythonProject\backend_api\myenv\lib\site-packages\uvicorn\server.py", line 71, in serve
    await self._serve(sockets)
  File "C:\Users\LynnCao\AppData\Local\Programs\Python\Python39\lib\contextlib.py", line 126, in __exit__
    next(self.gen)
  File "C:\Temp\pythonProject\backend_api\myenv\lib\site-packages\uvicorn\server.py", line 331, in capture_signals
    signal.raise_signal(captured_signal)
KeyboardInterrupt

During handling of the above exception, another exception occurred:

Traceback (most recent call last):
  File "C:\Temp\pythonProject\backend_api\myenv\lib\site-packages\starlette\routing.py", line 700, in lifespan
    await receive()
  File "C:\Temp\pythonProject\backend_api\myenv\lib\site-packages\uvicorn\lifespan\on.py", line 137, in receive
    return await self.receive_queue.get()
  File "C:\Users\LynnCao\AppData\Local\Programs\Python\Python39\lib\asyncio\queues.py", line 166, in get
    await getter
asyncio.exceptions.CancelledError

INFO:uvicorn.error:Started server process [22592]
INFO:uvicorn.error:Waiting for application startup.
INFO:uvicorn.error:Application startup complete.
WARNING:uvicorn.error:WatchFiles detected changes in 'main.py'. Reloading...
INFO:uvicorn.error:Shutting down
INFO:uvicorn.error:Waiting for application shutdown.
INFO:uvicorn.error:Application shutdown complete.
INFO:uvicorn.error:Finished server process [22592]
WARNING:uvicorn.error:WatchFiles detected changes in 'main.py'. Reloading...
WARNING:uvicorn.error:WatchFiles detected changes in 'main.py'. Reloading...
INFO:uvicorn.error:Started server process [6448]
INFO:uvicorn.error:Waiting for application startup.
INFO:uvicorn.error:Application startup complete.
INFO:uvicorn.error:Will watch for changes in these directories: ['C:\\Temp\\pythonProject\\backend_api']
INFO:uvicorn.error:Uvicorn running on http://127.0.0.1:8000 (Press CTRL+C to quit)
INFO:uvicorn.error:Started reloader process [5128] using WatchFiles
INFO:uvicorn.error:Started server process [10232]
INFO:uvicorn.error:Waiting for application startup.
INFO:uvicorn.error:Application startup complete.
ERROR:uvicorn.error:Exception in ASGI application
Traceback (most recent call last):
  File "C:\Temp\pythonProject\backend_api\myenv\lib\site-packages\uvicorn\protocols\http\httptools_impl.py", line 409, in run_asgi
    result = await app(  # type: ignore[func-returns-value]
  File "C:\Temp\pythonProject\backend_api\myenv\lib\site-packages\uvicorn\middleware\proxy_headers.py", line 60, in __call__
    return await self.app(scope, receive, send)
  File "C:\Temp\pythonProject\backend_api\myenv\lib\site-packages\fastapi\applications.py", line 1054, in __call__
    await super().__call__(scope, receive, send)
  File "C:\Temp\pythonProject\backend_api\myenv\lib\site-packages\starlette\applications.py", line 113, in __call__
    await self.middleware_stack(scope, receive, send)
  File "C:\Temp\pythonProject\backend_api\myenv\lib\site-packages\starlette\middleware\errors.py", line 187, in __call__
    raise exc
  File "C:\Temp\pythonProject\backend_api\myenv\lib\site-packages\starlette\middleware\errors.py", line 165, in __call__
    await self.app(scope, receive, _send)
  File "C:\Temp\pythonProject\backend_api\myenv\lib\site-packages\starlette\middleware\cors.py", line 93, in __call__
    await self.simple_response(scope, receive, send, request_headers=headers)
  File "C:\Temp\pythonProject\backend_api\myenv\lib\site-packages\starlette\middleware\cors.py", line 144, in simple_response
    await self.app(scope, receive, send)
  File "C:\Temp\pythonProject\backend_api\myenv\lib\site-packages\starlette\middleware\exceptions.py", line 62, in __call__
    await wrap_app_handling_exceptions(self.app, conn)(scope, receive, send)
  File "C:\Temp\pythonProject\backend_api\myenv\lib\site-packages\starlette\_exception_handler.py", line 62, in wrapped_app
    raise exc
  File "C:\Temp\pythonProject\backend_api\myenv\lib\site-packages\starlette\_exception_handler.py", line 51, in wrapped_app
    await app(scope, receive, sender)
  File "C:\Temp\pythonProject\backend_api\myenv\lib\site-packages\starlette\routing.py", line 715, in __call__
    await self.middleware_stack(scope, receive, send)
  File "C:\Temp\pythonProject\backend_api\myenv\lib\site-packages\starlette\routing.py", line 735, in app
    await route.handle(scope, receive, send)
  File "C:\Temp\pythonProject\backend_api\myenv\lib\site-packages\starlette\routing.py", line 288, in handle
    await self.app(scope, receive, send)
  File "C:\Temp\pythonProject\backend_api\myenv\lib\site-packages\starlette\routing.py", line 76, in app
    await wrap_app_handling_exceptions(app, request)(scope, receive, send)
  File "C:\Temp\pythonProject\backend_api\myenv\lib\site-packages\starlette\_exception_handler.py", line 62, in wrapped_app
    raise exc
  File "C:\Temp\pythonProject\backend_api\myenv\lib\site-packages\starlette\_exception_handler.py", line 51, in wrapped_app
    await app(scope, receive, sender)
  File "C:\Temp\pythonProject\backend_api\myenv\lib\site-packages\starlette\routing.py", line 73, in app
    response = await f(request)
  File "C:\Temp\pythonProject\backend_api\myenv\lib\site-packages\fastapi\routing.py", line 301, in app
    raw_response = await run_endpoint_function(
  File "C:\Temp\pythonProject\backend_api\myenv\lib\site-packages\fastapi\routing.py", line 214, in run_endpoint_function
    return await run_in_threadpool(dependant.call, **values)
  File "C:\Temp\pythonProject\backend_api\myenv\lib\site-packages\starlette\concurrency.py", line 39, in run_in_threadpool
    return await anyio.to_thread.run_sync(func, *args)
  File "C:\Temp\pythonProject\backend_api\myenv\lib\site-packages\anyio\to_thread.py", line 56, in run_sync
    return await get_async_backend().run_sync_in_worker_thread(
  File "C:\Temp\pythonProject\backend_api\myenv\lib\site-packages\anyio\_backends\_asyncio.py", line 2470, in run_sync_in_worker_thread
    return await future
  File "C:\Temp\pythonProject\backend_api\myenv\lib\site-packages\anyio\_backends\_asyncio.py", line 967, in run
    result = context.run(func, *args)
  File "C:\Temp\pythonProject\backend_api\main.py", line 2348, in ela_analysis
    nparr = np.frombuffer(img_bytes, np.uint8)
TypeError: a bytes-like object is required, not 'coroutine'
WARNING:uvicorn.error:WatchFiles detected changes in 'main.py'. Reloading...
WARNING:uvicorn.error:WatchFiles detected changes in 'main.py'. Reloading...
INFO:uvicorn.error:Shutting down
INFO:uvicorn.error:Shutting down
INFO:uvicorn.error:Waiting for application shutdown.
INFO:uvicorn.error:Application shutdown complete.
INFO:uvicorn.error:Finished server process [6448]
INFO:uvicorn.error:Waiting for application shutdown.
INFO:uvicorn.error:Application shutdown complete.
INFO:uvicorn.error:Finished server process [10232]
WARNING:uvicorn.error:WatchFiles detected changes in 'main.py'. Reloading...
WARNING:uvicorn.error:WatchFiles detected changes in 'main.py'. Reloading...
WARNING:uvicorn.error:WatchFiles detected changes in 'main.py'. Reloading...
WARNING:uvicorn.error:WatchFiles detected changes in 'main.py'. Reloading...
WARNING:uvicorn.error:WatchFiles detected changes in 'main.py'. Reloading...
WARNING:uvicorn.error:WatchFiles detected changes in 'main.py'. Reloading...
INFO:uvicorn.error:Started server process [10244]
INFO:uvicorn.error:Waiting for application startup.
INFO:uvicorn.error:Application startup complete.
INFO:uvicorn.error:Started server process [9320]
INFO:uvicorn.error:Waiting for application startup.
INFO:uvicorn.error:Application startup complete.
WARNING:uvicorn.error:Invalid HTTP request received.
WARNING:uvicorn.error:Invalid HTTP request received.
WARNING:uvicorn.error:WatchFiles detected changes in 'main.py'. Reloading...
WARNING:uvicorn.error:WatchFiles detected changes in 'main.py'. Reloading...
INFO:uvicorn.error:Shutting down
INFO:uvicorn.error:Shutting down
INFO:uvicorn.error:Waiting for application shutdown.
INFO:uvicorn.error:Application shutdown complete.
INFO:uvicorn.error:Finished server process [9320]
INFO:uvicorn.error:Waiting for application shutdown.
INFO:uvicorn.error:Application shutdown complete.
INFO:uvicorn.error:Finished server process [10244]
WARNING:uvicorn.error:WatchFiles detected changes in 'main.py'. Reloading...
WARNING:uvicorn.error:WatchFiles detected changes in 'main.py'. Reloading...
INFO:uvicorn.error:Started server process [17084]
INFO:uvicorn.error:Waiting for application startup.
INFO:uvicorn.error:Application startup complete.
INFO:uvicorn.error:Started server process [18168]
INFO:uvicorn.error:Waiting for application startup.
INFO:uvicorn.error:Application startup complete.
WARNING:uvicorn.error:WatchFiles detected changes in 'copymove.py'. Reloading...
WARNING:uvicorn.error:WatchFiles detected changes in 'copymove.py'. Reloading...
INFO:uvicorn.error:Shutting down
INFO:uvicorn.error:Waiting for application shutdown.
INFO:uvicorn.error:Application shutdown complete.
INFO:uvicorn.error:Application shutdown complete.
INFO:uvicorn.error:Finished server process [18168]
INFO:uvicorn.error:Finished server process [17084]
INFO:uvicorn.error:Started server process [13932]
INFO:uvicorn.error:Waiting for application startup.
INFO:uvicorn.error:Application startup complete.
INFO:uvicorn.error:Started server process [19500]
INFO:uvicorn.error:Waiting for application startup.
INFO:uvicorn.error:Application startup complete.
WARNING:uvicorn.error:WatchFiles detected changes in 'edge_detection.py'. Reloading...
WARNING:uvicorn.error:WatchFiles detected changes in 'edge_detection.py'. Reloading...
INFO:uvicorn.error:Shutting down
INFO:uvicorn.error:Waiting for application shutdown.
INFO:uvicorn.error:Waiting for application shutdown.
INFO:uvicorn.error:Application shutdown complete.
INFO:uvicorn.error:Application shutdown complete.
INFO:uvicorn.error:Finished server process [19500]
INFO:uvicorn.error:Finished server process [13932]
WARNING:uvicorn.error:WatchFiles detected changes in 'edge_detection.py'. Reloading...
WARNING:uvicorn.error:WatchFiles detected changes in 'edge_detection.py'. Reloading...
INFO:uvicorn.error:Started server process [26536]
INFO:uvicorn.error:Waiting for application startup.
INFO:uvicorn.error:Application startup complete.
INFO:uvicorn.error:Started server process [12900]
INFO:uvicorn.error:Waiting for application startup.
INFO:uvicorn.error:Application startup complete.
INFO:uvicorn.error:Shutting down
INFO:uvicorn.error:Finished server process [12900]
ERROR:uvicorn.error:Traceback (most recent call last):
  File "C:\Users\LynnCao\AppData\Local\Programs\Python\Python39\lib\asyncio\runners.py", line 44, in run
    return loop.run_until_complete(main)
  File "C:\Users\LynnCao\AppData\Local\Programs\Python\Python39\lib\asyncio\base_events.py", line 634, in run_until_complete
    self.run_forever()
  File "C:\Users\LynnCao\AppData\Local\Programs\Python\Python39\lib\asyncio\base_events.py", line 601, in run_forever
    self._run_once()
  File "C:\Users\LynnCao\AppData\Local\Programs\Python\Python39\lib\asyncio\base_events.py", line 1905, in _run_once
    handle._run()
  File "C:\Users\LynnCao\AppData\Local\Programs\Python\Python39\lib\asyncio\events.py", line 80, in _run
    self._context.run(self._callback, *self._args)
  File "C:\Temp\pythonProject\backend_api\myenv\lib\site-packages\uvicorn\server.py", line 71, in serve
    await self._serve(sockets)
  File "C:\Users\LynnCao\AppData\Local\Programs\Python\Python39\lib\contextlib.py", line 126, in __exit__
    next(self.gen)
  File "C:\Temp\pythonProject\backend_api\myenv\lib\site-packages\uvicorn\server.py", line 331, in capture_signals
    signal.raise_signal(captured_signal)
KeyboardInterrupt

During handling of the above exception, another exception occurred:

Traceback (most recent call last):
  File "C:\Temp\pythonProject\backend_api\myenv\lib\site-packages\starlette\routing.py", line 700, in lifespan
    await receive()
  File "C:\Temp\pythonProject\backend_api\myenv\lib\site-packages\uvicorn\lifespan\on.py", line 137, in receive
    return await self.receive_queue.get()
  File "C:\Users\LynnCao\AppData\Local\Programs\Python\Python39\lib\asyncio\queues.py", line 166, in get
    await getter
asyncio.exceptions.CancelledError

INFO:uvicorn.error:Will watch for changes in these directories: ['C:\\Temp\\pythonProject\\backend_api']
INFO:uvicorn.error:Uvicorn running on http://127.0.0.1:8000 (Press CTRL+C to quit)
INFO:uvicorn.error:Started reloader process [22024] using WatchFiles
INFO:uvicorn.error:Started server process [22000]
INFO:uvicorn.error:Waiting for application startup.
INFO:uvicorn.error:Application startup complete.
INFO:uvicorn.error:Shutting down
INFO:uvicorn.error:Waiting for application shutdown.
INFO:uvicorn.error:Application shutdown complete.
INFO:uvicorn.error:Finished server process [22000]
INFO:uvicorn.error:Stopping reloader process [22024]
INFO:uvicorn.error:Will watch for changes in these directories: ['C:\\Temp\\pythonProject\\backend_api']
INFO:uvicorn.error:Uvicorn running on http://127.0.0.1:8000 (Press CTRL+C to quit)
INFO:uvicorn.error:Started reloader process [18712] using WatchFiles
INFO:uvicorn.error:Started server process [2032]
INFO:uvicorn.error:Waiting for application startup.
INFO:uvicorn.error:Application startup complete.
INFO:uvicorn.error:Will watch for changes in these directories: ['C:\\Temp\\pythonProject\\backend_api']
INFO:uvicorn.error:Uvicorn running on http://127.0.0.1:8000 (Press CTRL+C to quit)
INFO:uvicorn.error:Started reloader process [6572] using WatchFiles
INFO:uvicorn.error:Started server process [2092]
INFO:uvicorn.error:Waiting for application startup.
INFO:uvicorn.error:Application startup complete.
INFO:uvicorn.error:Shutting down
INFO:uvicorn.error:Waiting for application shutdown.
INFO:uvicorn.error:Application shutdown complete.
INFO:uvicorn.error:Finished server process [2092]
INFO:uvicorn.error:Stopping reloader process [6572]
INFO:uvicorn.error:Will watch for changes in these directories: ['C:\\Temp\\pythonProject\\backend_api']
INFO:uvicorn.error:Uvicorn running on http://127.0.0.1:8000 (Press CTRL+C to quit)
INFO:uvicorn.error:Started reloader process [5632] using WatchFiles
INFO:uvicorn.error:Started server process [29584]
INFO:uvicorn.error:Waiting for application startup.
INFO:uvicorn.error:Application startup complete.
INFO:uvicorn.error:Shutting down
INFO:uvicorn.error:Waiting for application shutdown.
INFO:uvicorn.error:Application shutdown complete.
INFO:uvicorn.error:Finished server process [29584]
INFO:uvicorn.error:Stopping reloader process [5632]
INFO:uvicorn.error:Will watch for changes in these directories: ['C:\\Temp\\pythonProject\\backend_api']
INFO:uvicorn.error:Uvicorn running on http://127.0.0.1:8000 (Press CTRL+C to quit)
INFO:uvicorn.error:Started reloader process [3272] using WatchFiles
INFO:uvicorn.error:Started server process [19448]
INFO:uvicorn.error:Waiting for application startup.
INFO:uvicorn.error:Application startup complete.
INFO:uvicorn.error:Shutting down
INFO:uvicorn.error:Waiting for application shutdown.
INFO:uvicorn.error:Application shutdown complete.
INFO:uvicorn.error:Finished server process [19448]
INFO:uvicorn.error:Stopping reloader process [3272]
INFO:uvicorn.error:Will watch for changes in these directories: ['C:\\Temp\\pythonProject\\backend_api']
INFO:uvicorn.error:Uvicorn running on http://127.0.0.1:8000 (Press CTRL+C to quit)
INFO:uvicorn.error:Started reloader process [9556] using WatchFiles
INFO:uvicorn.error:Started server process [9592]
INFO:uvicorn.error:Waiting for application startup.
INFO:uvicorn.error:Application startup complete.
INFO:uvicorn.error:Shutting down
INFO:uvicorn.error:Finished server process [9592]
ERROR:uvicorn.error:Traceback (most recent call last):
  File "C:\Users\LynnCao\AppData\Local\Programs\Python\Python39\lib\asyncio\runners.py", line 44, in run
    return loop.run_until_complete(main)
  File "C:\Users\LynnCao\AppData\Local\Programs\Python\Python39\lib\asyncio\base_events.py", line 634, in run_until_complete
    self.run_forever()
  File "C:\Users\LynnCao\AppData\Local\Programs\Python\Python39\lib\asyncio\base_events.py", line 601, in run_forever
    self._run_once()
  File "C:\Users\LynnCao\AppData\Local\Programs\Python\Python39\lib\asyncio\base_events.py", line 1905, in _run_once
    handle._run()
  File "C:\Users\LynnCao\AppData\Local\Programs\Python\Python39\lib\asyncio\events.py", line 80, in _run
    self._context.run(self._callback, *self._args)
  File "C:\Temp\pythonProject\backend_api\myenv\lib\site-packages\uvicorn\server.py", line 71, in serve
    await self._serve(sockets)
  File "C:\Users\LynnCao\AppData\Local\Programs\Python\Python39\lib\contextlib.py", line 126, in __exit__
    next(self.gen)
  File "C:\Temp\pythonProject\backend_api\myenv\lib\site-packages\uvicorn\server.py", line 331, in capture_signals
    signal.raise_signal(captured_signal)
KeyboardInterrupt

During handling of the above exception, another exception occurred:

Traceback (most recent call last):
  File "C:\Temp\pythonProject\backend_api\myenv\lib\site-packages\starlette\routing.py", line 700, in lifespan
    await receive()
  File "C:\Temp\pythonProject\backend_api\myenv\lib\site-packages\uvicorn\lifespan\on.py", line 137, in receive
    return await self.receive_queue.get()
  File "C:\Users\LynnCao\AppData\Local\Programs\Python\Python39\lib\asyncio\queues.py", line 166, in get
    await getter
asyncio.exceptions.CancelledError

INFO:uvicorn.error:Stopping reloader process [9556]
INFO:uvicorn.error:Will watch for changes in these directories: ['C:\\Temp\\pythonProject\\backend_api']
INFO:uvicorn.error:Uvicorn running on http://127.0.0.1:8000 (Press CTRL+C to quit)
INFO:uvicorn.error:Started reloader process [22636] using WatchFiles
INFO:uvicorn.error:Started server process [6044]
INFO:uvicorn.error:Waiting for application startup.
INFO:uvicorn.error:Application startup complete.
WARNING:uvicorn.error:WatchFiles detected changes in 'main.py'. Reloading...
INFO:uvicorn.error:Shutting down
INFO:uvicorn.error:Waiting for application shutdown.
INFO:uvicorn.error:Application shutdown complete.
INFO:uvicorn.error:Finished server process [6044]
INFO:uvicorn.error:Stopping reloader process [22636]
INFO:uvicorn.error:Will watch for changes in these directories: ['C:\\Temp\\pythonProject\\backend_api']
INFO:uvicorn.error:Uvicorn running on http://127.0.0.1:8000 (Press CTRL+C to quit)
INFO:uvicorn.error:Started reloader process [5056] using WatchFiles
INFO:uvicorn.error:Started server process [10708]
INFO:uvicorn.error:Waiting for application startup.
INFO:uvicorn.error:Application startup complete.
WARNING:uvicorn.error:WatchFiles detected changes in 'main.py'. Reloading...
INFO:uvicorn.error:Shutting down
INFO:uvicorn.error:Waiting for application shutdown.
INFO:uvicorn.error:Application shutdown complete.
INFO:uvicorn.error:Finished server process [10708]
INFO:uvicorn.error:Started server process [22024]
INFO:uvicorn.error:Waiting for application startup.
INFO:uvicorn.error:Application startup complete.
ERROR:uvicorn.error:Traceback (most recent call last):
  File "C:\Users\LynnCao\AppData\Local\Programs\Python\Python39\lib\asyncio\runners.py", line 44, in run
    return loop.run_until_complete(main)
  File "C:\Users\LynnCao\AppData\Local\Programs\Python\Python39\lib\asyncio\base_events.py", line 634, in run_until_complete
    self.run_forever()
  File "C:\Users\LynnCao\AppData\Local\Programs\Python\Python39\lib\asyncio\base_events.py", line 601, in run_forever
    self._run_once()
  File "C:\Users\LynnCao\AppData\Local\Programs\Python\Python39\lib\asyncio\base_events.py", line 1905, in _run_once
    handle._run()
  File "C:\Users\LynnCao\AppData\Local\Programs\Python\Python39\lib\asyncio\events.py", line 80, in _run
    self._context.run(self._callback, *self._args)
  File "C:\Temp\pythonProject\backend_api\myenv\lib\site-packages\uvicorn\server.py", line 71, in serve
    await self._serve(sockets)
  File "C:\Users\LynnCao\AppData\Local\Programs\Python\Python39\lib\contextlib.py", line 126, in __exit__
    next(self.gen)
  File "C:\Temp\pythonProject\backend_api\myenv\lib\site-packages\uvicorn\server.py", line 331, in capture_signals
    signal.raise_signal(captured_signal)
KeyboardInterrupt

During handling of the above exception, another exception occurred:

Traceback (most recent call last):
  File "C:\Temp\pythonProject\backend_api\myenv\lib\site-packages\starlette\routing.py", line 700, in lifespan
    await receive()
  File "C:\Temp\pythonProject\backend_api\myenv\lib\site-packages\uvicorn\lifespan\on.py", line 137, in receive
    return await self.receive_queue.get()
  File "C:\Users\LynnCao\AppData\Local\Programs\Python\Python39\lib\asyncio\queues.py", line 166, in get
    await getter
asyncio.exceptions.CancelledError

INFO:uvicorn.error:Stopping reloader process [5056]
INFO:uvicorn.error:Will watch for changes in these directories: ['C:\\Temp\\pythonProject\\backend_api']
INFO:uvicorn.error:Uvicorn running on http://127.0.0.1:8000 (Press CTRL+C to quit)
INFO:uvicorn.error:Started reloader process [25912] using WatchFiles
INFO:uvicorn.error:Started server process [14500]
INFO:uvicorn.error:Waiting for application startup.
INFO:uvicorn.error:Application startup complete.
WARNING:uvicorn.error:WatchFiles detected changes in 'main.py'. Reloading...
INFO:uvicorn.error:Shutting down
INFO:uvicorn.error:Waiting for application shutdown.
INFO:uvicorn.error:Application shutdown complete.
INFO:uvicorn.error:Finished server process [14500]
WARNING:uvicorn.error:WatchFiles detected changes in 'main.py'. Reloading...
INFO:uvicorn.error:Started server process [23624]
INFO:uvicorn.error:Waiting for application startup.
INFO:uvicorn.error:Application startup complete.
WARNING:uvicorn.error:WatchFiles detected changes in 'main.py'. Reloading...
INFO:uvicorn.error:Shutting down
INFO:uvicorn.error:Waiting for application shutdown.
INFO:uvicorn.error:Application shutdown complete.
INFO:uvicorn.error:Finished server process [23624]
WARNING:uvicorn.error:WatchFiles detected changes in 'main.py'. Reloading...
INFO:uvicorn.error:Stopping reloader process [25912]
INFO:uvicorn.error:Will watch for changes in these directories: ['C:\\Temp\\pythonProject\\backend_api']
INFO:uvicorn.error:Uvicorn running on http://127.0.0.1:8000 (Press CTRL+C to quit)
INFO:uvicorn.error:Started reloader process [11252] using WatchFiles
INFO:uvicorn.error:Started server process [29012]
INFO:uvicorn.error:Waiting for application startup.
INFO:uvicorn.error:Application startup complete.
INFO:uvicorn.error:Shutting down
INFO:uvicorn.error:Waiting for application shutdown.
INFO:uvicorn.error:Application shutdown complete.
INFO:uvicorn.error:Finished server process [29012]
INFO:uvicorn.error:Stopping reloader process [11252]
INFO:uvicorn.error:Will watch for changes in these directories: ['C:\\Temp\\pythonProject\\backend_api']
INFO:uvicorn.error:Uvicorn running on http://127.0.0.1:8000 (Press CTRL+C to quit)
INFO:uvicorn.error:Started reloader process [24188] using WatchFiles
INFO:uvicorn.error:Started server process [884]
INFO:uvicorn.error:Waiting for application startup.
INFO:uvicorn.error:Application startup complete.
WARNING:uvicorn.error:WatchFiles detected changes in 'error_level.py'. Reloading...
INFO:uvicorn.error:Shutting down
INFO:uvicorn.error:Waiting for application shutdown.
INFO:uvicorn.error:Application shutdown complete.
INFO:uvicorn.error:Finished server process [884]
WARNING:uvicorn.error:WatchFiles detected changes in 'error_level.py'. Reloading...
INFO:uvicorn.error:Started server process [2168]
INFO:uvicorn.error:Waiting for application startup.
INFO:uvicorn.error:Application startup complete.
WARNING:uvicorn.error:Invalid HTTP request received.
WARNING:uvicorn.error:Invalid HTTP request received.
INFO:uvicorn.error:Shutting down
INFO:uvicorn.error:Waiting for application shutdown.
INFO:uvicorn.error:Application shutdown complete.
INFO:uvicorn.error:Finished server process [2168]
INFO:uvicorn.error:Stopping reloader process [24188]
INFO:uvicorn.error:Will watch for changes in these directories: ['C:\\Temp\\pythonProject\\backend_api']
INFO:uvicorn.error:Uvicorn running on http://127.0.0.1:8000 (Press CTRL+C to quit)
INFO:uvicorn.error:Started reloader process [27844] using WatchFiles
INFO:uvicorn.error:Started server process [26848]
INFO:uvicorn.error:Waiting for application startup.
INFO:uvicorn.error:Application startup complete.
INFO:uvicorn.error:Shutting down
INFO:uvicorn.error:Finished server process [26848]
INFO:uvicorn.error:ASGI 'lifespan' protocol appears unsupported.
INFO:uvicorn.error:Stopping reloader process [27844]
INFO:uvicorn.error:Will watch for changes in these directories: ['C:\\Temp\\pythonProject\\backend_api']
INFO:uvicorn.error:Uvicorn running on http://127.0.0.1:8000 (Press CTRL+C to quit)
INFO:uvicorn.error:Started reloader process [1176] using WatchFiles
INFO:uvicorn.error:Started server process [2980]
INFO:uvicorn.error:Waiting for application startup.
INFO:uvicorn.error:Application startup complete.
INFO:uvicorn.error:Shutting down
INFO:uvicorn.error:Waiting for application shutdown.
INFO:uvicorn.error:Application shutdown complete.
INFO:uvicorn.error:Finished server process [2980]
INFO:uvicorn.error:Stopping reloader process [1176]
INFO:uvicorn.error:Will watch for changes in these directories: ['C:\\Temp\\pythonProject\\backend_api']
INFO:uvicorn.error:Uvicorn running on http://127.0.0.1:8000 (Press CTRL+C to quit)
INFO:uvicorn.error:Started reloader process [31840] using WatchFiles
INFO:uvicorn.error:Started server process [17324]
INFO:uvicorn.error:Waiting for application startup.
INFO:uvicorn.error:Application startup complete.
INFO:uvicorn.error:Shutting down
INFO:uvicorn.error:Finished server process [17324]
ERROR:uvicorn.error:Traceback (most recent call last):
  File "C:\Users\LynnCao\AppData\Local\Programs\Python\Python39\lib\asyncio\runners.py", line 44, in run
    return loop.run_until_complete(main)
  File "C:\Users\LynnCao\AppData\Local\Programs\Python\Python39\lib\asyncio\base_events.py", line 634, in run_until_complete
    self.run_forever()
  File "C:\Users\LynnCao\AppData\Local\Programs\Python\Python39\lib\asyncio\base_events.py", line 601, in run_forever
    self._run_once()
  File "C:\Users\LynnCao\AppData\Local\Programs\Python\Python39\lib\asyncio\base_events.py", line 1905, in _run_once
    handle._run()
  File "C:\Users\LynnCao\AppData\Local\Programs\Python\Python39\lib\asyncio\events.py", line 80, in _run
    self._context.run(self._callback, *self._args)
  File "C:\Temp\pythonProject\backend_api\myenv\lib\site-packages\uvicorn\server.py", line 71, in serve
    await self._serve(sockets)
  File "C:\Users\LynnCao\AppData\Local\Programs\Python\Python39\lib\contextlib.py", line 126, in __exit__
    next(self.gen)
  File "C:\Temp\pythonProject\backend_api\myenv\lib\site-packages\uvicorn\server.py", line 331, in capture_signals
    signal.raise_signal(captured_signal)
KeyboardInterrupt

During handling of the above exception, another exception occurred:

Traceback (most recent call last):
  File "C:\Temp\pythonProject\backend_api\myenv\lib\site-packages\starlette\routing.py", line 700, in lifespan
    await receive()
  File "C:\Temp\pythonProject\backend_api\myenv\lib\site-packages\uvicorn\lifespan\on.py", line 137, in receive
    return await self.receive_queue.get()
  File "C:\Users\LynnCao\AppData\Local\Programs\Python\Python39\lib\asyncio\queues.py", line 166, in get
    await getter
asyncio.exceptions.CancelledError

INFO:uvicorn.error:Stopping reloader process [31840]
INFO:uvicorn.error:Will watch for changes in these directories: ['C:\\Temp\\pythonProject\\backend_api']
INFO:uvicorn.error:Uvicorn running on http://127.0.0.1:8000 (Press CTRL+C to quit)
INFO:uvicorn.error:Started reloader process [11008] using WatchFiles
INFO:uvicorn.error:Started server process [21824]
INFO:uvicorn.error:Waiting for application startup.
INFO:uvicorn.error:Application startup complete.
INFO:uvicorn.error:Shutting down
INFO:uvicorn.error:Waiting for application shutdown.
INFO:uvicorn.error:Application shutdown complete.
INFO:uvicorn.error:Finished server process [21824]
INFO:uvicorn.error:Stopping reloader process [11008]
INFO:uvicorn.error:Will watch for changes in these directories: ['C:\\Temp\\pythonProject\\backend_api']
INFO:uvicorn.error:Uvicorn running on http://127.0.0.1:8000 (Press CTRL+C to quit)
INFO:uvicorn.error:Started reloader process [11128] using WatchFiles
INFO:uvicorn.error:Started server process [3832]
INFO:uvicorn.error:Waiting for application startup.
INFO:uvicorn.error:Application startup complete.
WARNING:uvicorn.error:WatchFiles detected changes in 'combined_analysis.py'. Reloading...
INFO:uvicorn.error:Shutting down
INFO:uvicorn.error:Waiting for application shutdown.
INFO:uvicorn.error:Application shutdown complete.
INFO:uvicorn.error:Finished server process [3832]
WARNING:uvicorn.error:WatchFiles detected changes in 'main.py'. Reloading...
WARNING:uvicorn.error:WatchFiles detected changes in 'combined_analysis.py'. Reloading...
INFO:uvicorn.error:Started server process [22076]
INFO:uvicorn.error:Waiting for application startup.
INFO:uvicorn.error:Application startup complete.
WARNING:uvicorn.error:WatchFiles detected changes in 'combined_analysis.py'. Reloading...
INFO:uvicorn.error:Shutting down
INFO:uvicorn.error:Waiting for application shutdown.
INFO:uvicorn.error:Application shutdown complete.
INFO:uvicorn.error:Finished server process [22076]
INFO:uvicorn.error:Started server process [24740]
INFO:uvicorn.error:Waiting for application startup.
INFO:uvicorn.error:Application startup complete.
WARNING:uvicorn.error:WatchFiles detected changes in 'detect_AI_new.py'. Reloading...
INFO:uvicorn.error:Shutting down
INFO:uvicorn.error:Waiting for application shutdown.
INFO:uvicorn.error:Application shutdown complete.
INFO:uvicorn.error:Finished server process [24740]
WARNING:uvicorn.error:WatchFiles detected changes in 'detect_AI_new.py'. Reloading...
INFO:uvicorn.error:Started server process [6368]
INFO:uvicorn.error:Waiting for application startup.
INFO:uvicorn.error:Application startup complete.
WARNING:uvicorn.error:WatchFiles detected changes in 'detect_AI_new.py'. Reloading...
INFO:uvicorn.error:Shutting down
INFO:uvicorn.error:Waiting for application shutdown.
INFO:uvicorn.error:Application shutdown complete.
INFO:uvicorn.error:Finished server process [6368]
WARNING:uvicorn.error:WatchFiles detected changes in 'detect_AI_new.py'. Reloading...
INFO:uvicorn.error:Started server process [3420]
INFO:uvicorn.error:Waiting for application startup.
INFO:uvicorn.error:Application startup complete.
WARNING:uvicorn.error:WatchFiles detected changes in 'combined_analysis.py'. Reloading...
INFO:uvicorn.error:Shutting down
INFO:uvicorn.error:Waiting for application shutdown.
INFO:uvicorn.error:Application shutdown complete.
INFO:uvicorn.error:Finished server process [3420]
INFO:uvicorn.error:Started server process [18756]
INFO:uvicorn.error:Waiting for application startup.
INFO:uvicorn.error:Application startup complete.
WARNING:uvicorn.error:WatchFiles detected changes in 'main.py'. Reloading...
INFO:uvicorn.error:Shutting down
INFO:uvicorn.error:Waiting for application shutdown.
INFO:uvicorn.error:Application shutdown complete.
INFO:uvicorn.error:Finished server process [18756]
INFO:uvicorn.error:Started server process [11724]
INFO:uvicorn.error:Waiting for application startup.
INFO:uvicorn.error:Application startup complete.
ERROR:uvicorn.error:Traceback (most recent call last):
  File "C:\Users\LynnCao\AppData\Local\Programs\Python\Python39\lib\asyncio\runners.py", line 44, in run
    return loop.run_until_complete(main)
  File "C:\Users\LynnCao\AppData\Local\Programs\Python\Python39\lib\asyncio\base_events.py", line 634, in run_until_complete
    self.run_forever()
  File "C:\Users\LynnCao\AppData\Local\Programs\Python\Python39\lib\asyncio\base_events.py", line 601, in run_forever
    self._run_once()
  File "C:\Users\LynnCao\AppData\Local\Programs\Python\Python39\lib\asyncio\base_events.py", line 1905, in _run_once
    handle._run()
  File "C:\Users\LynnCao\AppData\Local\Programs\Python\Python39\lib\asyncio\events.py", line 80, in _run
    self._context.run(self._callback, *self._args)
  File "C:\Temp\pythonProject\backend_api\myenv\lib\site-packages\uvicorn\server.py", line 71, in serve
    await self._serve(sockets)
  File "C:\Users\LynnCao\AppData\Local\Programs\Python\Python39\lib\contextlib.py", line 126, in __exit__
    next(self.gen)
  File "C:\Temp\pythonProject\backend_api\myenv\lib\site-packages\uvicorn\server.py", line 331, in capture_signals
    signal.raise_signal(captured_signal)
KeyboardInterrupt

During handling of the above exception, another exception occurred:

Traceback (most recent call last):
  File "C:\Temp\pythonProject\backend_api\myenv\lib\site-packages\starlette\routing.py", line 700, in lifespan
    await receive()
  File "C:\Temp\pythonProject\backend_api\myenv\lib\site-packages\uvicorn\lifespan\on.py", line 137, in receive
    return await self.receive_queue.get()
  File "C:\Users\LynnCao\AppData\Local\Programs\Python\Python39\lib\asyncio\queues.py", line 166, in get
    await getter
asyncio.exceptions.CancelledError

WARNING:uvicorn.error:WatchFiles detected changes in 'main.py'. Reloading...
WARNING:uvicorn.error:WatchFiles detected changes in 'main.py'. Reloading...
WARNING:uvicorn.error:WatchFiles detected changes in 'main.py'. Reloading...
WARNING:uvicorn.error:WatchFiles detected changes in 'main.py'. Reloading...
INFO:uvicorn.error:Started server process [11788]
INFO:uvicorn.error:Waiting for application startup.
INFO:uvicorn.error:Application startup complete.
INFO:uvicorn.error:Shutting down
INFO:uvicorn.error:Waiting for application shutdown.
INFO:uvicorn.error:Application shutdown complete.
INFO:uvicorn.error:Finished server process [11788]
INFO:uvicorn.error:Will watch for changes in these directories: ['C:\\Temp\\pythonProject\\backend_api']
INFO:uvicorn.error:Uvicorn running on http://127.0.0.1:8000 (Press CTRL+C to quit)
INFO:uvicorn.error:Started reloader process [6636] using WatchFiles
INFO:uvicorn.error:Started server process [14300]
INFO:uvicorn.error:Waiting for application startup.
INFO:uvicorn.error:Application startup complete.
WARNING:uvicorn.error:WatchFiles detected changes in 'main.py'. Reloading...
INFO:uvicorn.error:Shutting down
INFO:uvicorn.error:Waiting for application shutdown.
INFO:uvicorn.error:Application shutdown complete.
INFO:uvicorn.error:Finished server process [14300]
INFO:uvicorn.error:Started server process [25596]
INFO:uvicorn.error:Waiting for application startup.
INFO:uvicorn.error:Application startup complete.
WARNING:uvicorn.error:WatchFiles detected changes in 'main.py'. Reloading...
INFO:uvicorn.error:Shutting down
INFO:uvicorn.error:Waiting for application shutdown.
INFO:uvicorn.error:Application shutdown complete.
INFO:uvicorn.error:Finished server process [25596]
INFO:uvicorn.error:Started server process [16436]
INFO:uvicorn.error:Waiting for application startup.
INFO:uvicorn.error:Application startup complete.
INFO:uvicorn.error:Will watch for changes in these directories: ['F:\\FDDT-20251109T055126Z-1-001\\FDDT\\gfdd-python-1.0-main']
INFO:uvicorn.error:Uvicorn running on http://127.0.0.1:8000 (Press CTRL+C to quit)
INFO:uvicorn.error:Started reloader process [14692] using WatchFiles
INFO:uvicorn.error:Started server process [9932]
INFO:uvicorn.error:Waiting for application startup.
ERROR:uvicorn.error:Traceback (most recent call last):
  File "f:\fddt-20251109t055126z-1-001\fddt\backenv\lib\site-packages\starlette\routing.py", line 693, in lifespan
    async with self.lifespan_context(app) as maybe_state:
  File "f:\fddt-20251109t055126z-1-001\fddt\backenv\lib\site-packages\starlette\routing.py", line 569, in __aenter__
    await self._router.startup()
  File "f:\fddt-20251109t055126z-1-001\fddt\backenv\lib\site-packages\starlette\routing.py", line 670, in startup
    await handler()
  File "F:\FDDT-20251109T055126Z-1-001\FDDT\gfdd-python-1.0-main\main.py", line 95, in startup
    app.state.pool = await asyncpg.create_pool(DATABASE_URL)
  File "f:\fddt-20251109t055126z-1-001\fddt\backenv\lib\site-packages\asyncpg\pool.py", line 409, in _async__init__
    await self._initialize()
  File "f:\fddt-20251109t055126z-1-001\fddt\backenv\lib\site-packages\asyncpg\pool.py", line 437, in _initialize
    await first_ch.connect()
  File "f:\fddt-20251109t055126z-1-001\fddt\backenv\lib\site-packages\asyncpg\pool.py", line 129, in connect
    self._con = await self._pool._get_new_connection()
  File "f:\fddt-20251109t055126z-1-001\fddt\backenv\lib\site-packages\asyncpg\pool.py", line 507, in _get_new_connection
    con = await connection.connect(
  File "f:\fddt-20251109t055126z-1-001\fddt\backenv\lib\site-packages\asyncpg\connection.py", line 2092, in connect
    return await connect_utils._connect(
  File "f:\fddt-20251109t055126z-1-001\fddt\backenv\lib\site-packages\asyncpg\connect_utils.py", line 895, in _connect
    raise last_error
  File "f:\fddt-20251109t055126z-1-001\fddt\backenv\lib\site-packages\asyncpg\connect_utils.py", line 881, in _connect
    return await _connect_addr(
  File "f:\fddt-20251109t055126z-1-001\fddt\backenv\lib\site-packages\asyncpg\connect_utils.py", line 773, in _connect_addr
    return await __connect_addr(params, timeout, True, *args)
  File "f:\fddt-20251109t055126z-1-001\fddt\backenv\lib\site-packages\asyncpg\connect_utils.py", line 825, in __connect_addr
    tr, pr = await compat.wait_for(connector, timeout=timeout)
  File "f:\fddt-20251109t055126z-1-001\fddt\backenv\lib\site-packages\asyncpg\compat.py", line 56, in wait_for
    return await asyncio.wait_for(fut, timeout)
  File "D:\Python39\lib\asyncio\tasks.py", line 476, in wait_for
    return fut.result()
  File "f:\fddt-20251109t055126z-1-001\fddt\backenv\lib\site-packages\asyncpg\connect_utils.py", line 684, in _create_ssl_connection
    tr, pr = await loop.create_connection(
  File "D:\Python39\lib\asyncio\base_events.py", line 1064, in create_connection
    raise OSError('Multiple exceptions: {}'.format(
OSError: Multiple exceptions: [Errno 10060] Connect call failed ('64:ff9b::10a2:4756', 5432, 0, 0), [Errno 10060] Connect call failed ('16.162.71.86', 5432)

ERROR:uvicorn.error:Application startup failed. Exiting.
INFO:uvicorn.error:Will watch for changes in these directories: ['F:\\FDDT-20251109T055126Z-1-001\\FDDT\\gfdd-python-1.0-main']
INFO:uvicorn.error:Uvicorn running on http://127.0.0.1:8000 (Press CTRL+C to quit)
INFO:uvicorn.error:Started reloader process [10824] using WatchFiles
INFO:uvicorn.error:Started server process [9460]
INFO:uvicorn.error:Waiting for application startup.
ERROR:uvicorn.error:Traceback (most recent call last):
  File "f:\fddt-20251109t055126z-1-001\fddt\backenv\lib\site-packages\starlette\routing.py", line 693, in lifespan
    async with self.lifespan_context(app) as maybe_state:
  File "f:\fddt-20251109t055126z-1-001\fddt\backenv\lib\site-packages\starlette\routing.py", line 569, in __aenter__
    await self._router.startup()
  File "f:\fddt-20251109t055126z-1-001\fddt\backenv\lib\site-packages\starlette\routing.py", line 670, in startup
    await handler()
  File "F:\FDDT-20251109T055126Z-1-001\FDDT\gfdd-python-1.0-main\main.py", line 95, in startup
    app.state.pool = await asyncpg.create_pool(DATABASE_URL)
  File "f:\fddt-20251109t055126z-1-001\fddt\backenv\lib\site-packages\asyncpg\pool.py", line 409, in _async__init__
    await self._initialize()
  File "f:\fddt-20251109t055126z-1-001\fddt\backenv\lib\site-packages\asyncpg\pool.py", line 437, in _initialize
    await first_ch.connect()
  File "f:\fddt-20251109t055126z-1-001\fddt\backenv\lib\site-packages\asyncpg\pool.py", line 129, in connect
    self._con = await self._pool._get_new_connection()
  File "f:\fddt-20251109t055126z-1-001\fddt\backenv\lib\site-packages\asyncpg\pool.py", line 507, in _get_new_connection
    con = await connection.connect(
  File "f:\fddt-20251109t055126z-1-001\fddt\backenv\lib\site-packages\asyncpg\connection.py", line 2092, in connect
    return await connect_utils._connect(
  File "f:\fddt-20251109t055126z-1-001\fddt\backenv\lib\site-packages\asyncpg\connect_utils.py", line 895, in _connect
    raise last_error
  File "f:\fddt-20251109t055126z-1-001\fddt\backenv\lib\site-packages\asyncpg\connect_utils.py", line 881, in _connect
    return await _connect_addr(
  File "f:\fddt-20251109t055126z-1-001\fddt\backenv\lib\site-packages\asyncpg\connect_utils.py", line 773, in _connect_addr
    return await __connect_addr(params, timeout, True, *args)
  File "f:\fddt-20251109t055126z-1-001\fddt\backenv\lib\site-packages\asyncpg\connect_utils.py", line 825, in __connect_addr
    tr, pr = await compat.wait_for(connector, timeout=timeout)
  File "f:\fddt-20251109t055126z-1-001\fddt\backenv\lib\site-packages\asyncpg\compat.py", line 56, in wait_for
    return await asyncio.wait_for(fut, timeout)
  File "D:\Python39\lib\asyncio\tasks.py", line 476, in wait_for
    return fut.result()
  File "f:\fddt-20251109t055126z-1-001\fddt\backenv\lib\site-packages\asyncpg\connect_utils.py", line 684, in _create_ssl_connection
    tr, pr = await loop.create_connection(
  File "D:\Python39\lib\asyncio\base_events.py", line 1064, in create_connection
    raise OSError('Multiple exceptions: {}'.format(
OSError: Multiple exceptions: [Errno 10061] Connect call failed ('::1', 5432, 0, 0), [Errno 10061] Connect call failed ('127.0.0.1', 5432)

ERROR:uvicorn.error:Application startup failed. Exiting.
INFO:uvicorn.error:Stopping reloader process [10824]
INFO:uvicorn.error:Will watch for changes in these directories: ['F:\\FDDT-20251109T055126Z-1-001\\FDDT\\gfdd-python-1.0-main']
INFO:uvicorn.error:Uvicorn running on http://127.0.0.1:8000 (Press CTRL+C to quit)
INFO:uvicorn.error:Started reloader process [1004] using WatchFiles
INFO:uvicorn.error:Started server process [13264]
INFO:uvicorn.error:Waiting for application startup.
ERROR:uvicorn.error:Traceback (most recent call last):
  File "f:\fddt-20251109t055126z-1-001\fddt\backenv\lib\site-packages\starlette\routing.py", line 693, in lifespan
    async with self.lifespan_context(app) as maybe_state:
  File "f:\fddt-20251109t055126z-1-001\fddt\backenv\lib\site-packages\starlette\routing.py", line 569, in __aenter__
    await self._router.startup()
  File "f:\fddt-20251109t055126z-1-001\fddt\backenv\lib\site-packages\starlette\routing.py", line 670, in startup
    await handler()
  File "F:\FDDT-20251109T055126Z-1-001\FDDT\gfdd-python-1.0-main\main.py", line 95, in startup
    app.state.pool = await asyncpg.create_pool(DATABASE_URL)
  File "f:\fddt-20251109t055126z-1-001\fddt\backenv\lib\site-packages\asyncpg\pool.py", line 409, in _async__init__
    await self._initialize()
  File "f:\fddt-20251109t055126z-1-001\fddt\backenv\lib\site-packages\asyncpg\pool.py", line 437, in _initialize
    await first_ch.connect()
  File "f:\fddt-20251109t055126z-1-001\fddt\backenv\lib\site-packages\asyncpg\pool.py", line 129, in connect
    self._con = await self._pool._get_new_connection()
  File "f:\fddt-20251109t055126z-1-001\fddt\backenv\lib\site-packages\asyncpg\pool.py", line 507, in _get_new_connection
    con = await connection.connect(
  File "f:\fddt-20251109t055126z-1-001\fddt\backenv\lib\site-packages\asyncpg\connection.py", line 2092, in connect
    return await connect_utils._connect(
  File "f:\fddt-20251109t055126z-1-001\fddt\backenv\lib\site-packages\asyncpg\connect_utils.py", line 895, in _connect
    raise last_error
  File "f:\fddt-20251109t055126z-1-001\fddt\backenv\lib\site-packages\asyncpg\connect_utils.py", line 881, in _connect
    return await _connect_addr(
  File "f:\fddt-20251109t055126z-1-001\fddt\backenv\lib\site-packages\asyncpg\connect_utils.py", line 773, in _connect_addr
    return await __connect_addr(params, timeout, True, *args)
  File "f:\fddt-20251109t055126z-1-001\fddt\backenv\lib\site-packages\asyncpg\connect_utils.py", line 825, in __connect_addr
    tr, pr = await compat.wait_for(connector, timeout=timeout)
  File "f:\fddt-20251109t055126z-1-001\fddt\backenv\lib\site-packages\asyncpg\compat.py", line 56, in wait_for
    return await asyncio.wait_for(fut, timeout)
  File "D:\Python39\lib\asyncio\tasks.py", line 476, in wait_for
    return fut.result()
  File "f:\fddt-20251109t055126z-1-001\fddt\backenv\lib\site-packages\asyncpg\connect_utils.py", line 684, in _create_ssl_connection
    tr, pr = await loop.create_connection(
  File "D:\Python39\lib\asyncio\base_events.py", line 1064, in create_connection
    raise OSError('Multiple exceptions: {}'.format(
OSError: Multiple exceptions: [Errno 10061] Connect call failed ('::1', 5432, 0, 0), [Errno 10061] Connect call failed ('127.0.0.1', 5432)

ERROR:uvicorn.error:Application startup failed. Exiting.
WARNING:uvicorn.error:WatchFiles detected changes in 'main.py'. Reloading...
INFO:uvicorn.error:Started server process [14844]
INFO:uvicorn.error:Waiting for application startup.
ERROR:uvicorn.error:Traceback (most recent call last):
  File "f:\fddt-20251109t055126z-1-001\fddt\backenv\lib\site-packages\starlette\routing.py", line 693, in lifespan
    async with self.lifespan_context(app) as maybe_state:
  File "f:\fddt-20251109t055126z-1-001\fddt\backenv\lib\site-packages\starlette\routing.py", line 569, in __aenter__
    await self._router.startup()
  File "f:\fddt-20251109t055126z-1-001\fddt\backenv\lib\site-packages\starlette\routing.py", line 670, in startup
    await handler()
  File "F:\FDDT-20251109T055126Z-1-001\FDDT\gfdd-python-1.0-main\main.py", line 95, in startup
    app.state.pool = await asyncpg.create_pool(DATABASE_URL)
  File "f:\fddt-20251109t055126z-1-001\fddt\backenv\lib\site-packages\asyncpg\pool.py", line 409, in _async__init__
    await self._initialize()
  File "f:\fddt-20251109t055126z-1-001\fddt\backenv\lib\site-packages\asyncpg\pool.py", line 437, in _initialize
    await first_ch.connect()
  File "f:\fddt-20251109t055126z-1-001\fddt\backenv\lib\site-packages\asyncpg\pool.py", line 129, in connect
    self._con = await self._pool._get_new_connection()
  File "f:\fddt-20251109t055126z-1-001\fddt\backenv\lib\site-packages\asyncpg\pool.py", line 507, in _get_new_connection
    con = await connection.connect(
  File "f:\fddt-20251109t055126z-1-001\fddt\backenv\lib\site-packages\asyncpg\connection.py", line 2092, in connect
    return await connect_utils._connect(
  File "f:\fddt-20251109t055126z-1-001\fddt\backenv\lib\site-packages\asyncpg\connect_utils.py", line 881, in _connect
    return await _connect_addr(
  File "f:\fddt-20251109t055126z-1-001\fddt\backenv\lib\site-packages\asyncpg\connect_utils.py", line 773, in _connect_addr
    return await __connect_addr(params, timeout, True, *args)
  File "f:\fddt-20251109t055126z-1-001\fddt\backenv\lib\site-packages\asyncpg\connect_utils.py", line 831, in __connect_addr
    await compat.wait_for(connected, timeout=timeout)
  File "f:\fddt-20251109t055126z-1-001\fddt\backenv\lib\site-packages\asyncpg\compat.py", line 56, in wait_for
    return await asyncio.wait_for(fut, timeout)
  File "D:\Python39\lib\asyncio\tasks.py", line 476, in wait_for
    return fut.result()
asyncpg.exceptions.InvalidPasswordError: password authentication failed for user "prostgres"

ERROR:uvicorn.error:Application startup failed. Exiting.
WARNING:uvicorn.error:WatchFiles detected changes in 'main.py'. Reloading...
INFO:uvicorn.error:Started server process [14620]
INFO:uvicorn.error:Waiting for application startup.
ERROR:uvicorn.error:Traceback (most recent call last):
  File "f:\fddt-20251109t055126z-1-001\fddt\backenv\lib\site-packages\starlette\routing.py", line 693, in lifespan
    async with self.lifespan_context(app) as maybe_state:
  File "f:\fddt-20251109t055126z-1-001\fddt\backenv\lib\site-packages\starlette\routing.py", line 569, in __aenter__
    await self._router.startup()
  File "f:\fddt-20251109t055126z-1-001\fddt\backenv\lib\site-packages\starlette\routing.py", line 670, in startup
    await handler()
  File "F:\FDDT-20251109T055126Z-1-001\FDDT\gfdd-python-1.0-main\main.py", line 96, in startup
    app.state.pool = await asyncpg.create_pool(DATABASE_URL)
  File "f:\fddt-20251109t055126z-1-001\fddt\backenv\lib\site-packages\asyncpg\pool.py", line 409, in _async__init__
    await self._initialize()
  File "f:\fddt-20251109t055126z-1-001\fddt\backenv\lib\site-packages\asyncpg\pool.py", line 437, in _initialize
    await first_ch.connect()
  File "f:\fddt-20251109t055126z-1-001\fddt\backenv\lib\site-packages\asyncpg\pool.py", line 129, in connect
    self._con = await self._pool._get_new_connection()
  File "f:\fddt-20251109t055126z-1-001\fddt\backenv\lib\site-packages\asyncpg\pool.py", line 507, in _get_new_connection
    con = await connection.connect(
  File "f:\fddt-20251109t055126z-1-001\fddt\backenv\lib\site-packages\asyncpg\connection.py", line 2092, in connect
    return await connect_utils._connect(
  File "f:\fddt-20251109t055126z-1-001\fddt\backenv\lib\site-packages\asyncpg\connect_utils.py", line 881, in _connect
    return await _connect_addr(
  File "f:\fddt-20251109t055126z-1-001\fddt\backenv\lib\site-packages\asyncpg\connect_utils.py", line 773, in _connect_addr
    return await __connect_addr(params, timeout, True, *args)
  File "f:\fddt-20251109t055126z-1-001\fddt\backenv\lib\site-packages\asyncpg\connect_utils.py", line 831, in __connect_addr
    await compat.wait_for(connected, timeout=timeout)
  File "f:\fddt-20251109t055126z-1-001\fddt\backenv\lib\site-packages\asyncpg\compat.py", line 56, in wait_for
    return await asyncio.wait_for(fut, timeout)
  File "D:\Python39\lib\asyncio\tasks.py", line 476, in wait_for
    return fut.result()
asyncpg.exceptions.InvalidPasswordError: password authentication failed for user "prostgres"

ERROR:uvicorn.error:Application startup failed. Exiting.
WARNING:uvicorn.error:WatchFiles detected changes in 'main.py'. Reloading...
INFO:uvicorn.error:Started server process [10576]
INFO:uvicorn.error:Waiting for application startup.
ERROR:uvicorn.error:Traceback (most recent call last):
  File "f:\fddt-20251109t055126z-1-001\fddt\backenv\lib\site-packages\starlette\routing.py", line 693, in lifespan
    async with self.lifespan_context(app) as maybe_state:
  File "f:\fddt-20251109t055126z-1-001\fddt\backenv\lib\site-packages\starlette\routing.py", line 569, in __aenter__
    await self._router.startup()
  File "f:\fddt-20251109t055126z-1-001\fddt\backenv\lib\site-packages\starlette\routing.py", line 670, in startup
    await handler()
  File "F:\FDDT-20251109T055126Z-1-001\FDDT\gfdd-python-1.0-main\main.py", line 96, in startup
    app.state.pool = await asyncpg.create_pool(DATABASE_URL)
  File "f:\fddt-20251109t055126z-1-001\fddt\backenv\lib\site-packages\asyncpg\pool.py", line 409, in _async__init__
    await self._initialize()
  File "f:\fddt-20251109t055126z-1-001\fddt\backenv\lib\site-packages\asyncpg\pool.py", line 437, in _initialize
    await first_ch.connect()
  File "f:\fddt-20251109t055126z-1-001\fddt\backenv\lib\site-packages\asyncpg\pool.py", line 129, in connect
    self._con = await self._pool._get_new_connection()
  File "f:\fddt-20251109t055126z-1-001\fddt\backenv\lib\site-packages\asyncpg\pool.py", line 507, in _get_new_connection
    con = await connection.connect(
  File "f:\fddt-20251109t055126z-1-001\fddt\backenv\lib\site-packages\asyncpg\connection.py", line 2092, in connect
    return await connect_utils._connect(
  File "f:\fddt-20251109t055126z-1-001\fddt\backenv\lib\site-packages\asyncpg\connect_utils.py", line 881, in _connect
    return await _connect_addr(
  File "f:\fddt-20251109t055126z-1-001\fddt\backenv\lib\site-packages\asyncpg\connect_utils.py", line 773, in _connect_addr
    return await __connect_addr(params, timeout, True, *args)
  File "f:\fddt-20251109t055126z-1-001\fddt\backenv\lib\site-packages\asyncpg\connect_utils.py", line 831, in __connect_addr
    await compat.wait_for(connected, timeout=timeout)
  File "f:\fddt-20251109t055126z-1-001\fddt\backenv\lib\site-packages\asyncpg\compat.py", line 56, in wait_for
    return await asyncio.wait_for(fut, timeout)
  File "D:\Python39\lib\asyncio\tasks.py", line 476, in wait_for
    return fut.result()
asyncpg.exceptions.InvalidPasswordError: password authentication failed for user "prostgres"

ERROR:uvicorn.error:Application startup failed. Exiting.
WARNING:uvicorn.error:WatchFiles detected changes in 'main.py'. Reloading...
INFO:uvicorn.error:Started server process [12004]
INFO:uvicorn.error:Waiting for application startup.
ERROR:uvicorn.error:Traceback (most recent call last):
  File "f:\fddt-20251109t055126z-1-001\fddt\backenv\lib\site-packages\starlette\routing.py", line 693, in lifespan
    async with self.lifespan_context(app) as maybe_state:
  File "f:\fddt-20251109t055126z-1-001\fddt\backenv\lib\site-packages\starlette\routing.py", line 569, in __aenter__
    await self._router.startup()
  File "f:\fddt-20251109t055126z-1-001\fddt\backenv\lib\site-packages\starlette\routing.py", line 670, in startup
    await handler()
  File "F:\FDDT-20251109T055126Z-1-001\FDDT\gfdd-python-1.0-main\main.py", line 96, in startup
    app.state.pool = await asyncpg.create_pool(DATABASE_URL)
  File "f:\fddt-20251109t055126z-1-001\fddt\backenv\lib\site-packages\asyncpg\pool.py", line 409, in _async__init__
    await self._initialize()
  File "f:\fddt-20251109t055126z-1-001\fddt\backenv\lib\site-packages\asyncpg\pool.py", line 437, in _initialize
    await first_ch.connect()
  File "f:\fddt-20251109t055126z-1-001\fddt\backenv\lib\site-packages\asyncpg\pool.py", line 129, in connect
    self._con = await self._pool._get_new_connection()
  File "f:\fddt-20251109t055126z-1-001\fddt\backenv\lib\site-packages\asyncpg\pool.py", line 507, in _get_new_connection
    con = await connection.connect(
  File "f:\fddt-20251109t055126z-1-001\fddt\backenv\lib\site-packages\asyncpg\connection.py", line 2092, in connect
    return await connect_utils._connect(
  File "f:\fddt-20251109t055126z-1-001\fddt\backenv\lib\site-packages\asyncpg\connect_utils.py", line 881, in _connect
    return await _connect_addr(
  File "f:\fddt-20251109t055126z-1-001\fddt\backenv\lib\site-packages\asyncpg\connect_utils.py", line 773, in _connect_addr
    return await __connect_addr(params, timeout, True, *args)
  File "f:\fddt-20251109t055126z-1-001\fddt\backenv\lib\site-packages\asyncpg\connect_utils.py", line 831, in __connect_addr
    await compat.wait_for(connected, timeout=timeout)
  File "f:\fddt-20251109t055126z-1-001\fddt\backenv\lib\site-packages\asyncpg\compat.py", line 56, in wait_for
    return await asyncio.wait_for(fut, timeout)
  File "D:\Python39\lib\asyncio\tasks.py", line 476, in wait_for
    return fut.result()
asyncpg.exceptions.InvalidPasswordError: password authentication failed for user "prostgres"

ERROR:uvicorn.error:Application startup failed. Exiting.
WARNING:uvicorn.error:WatchFiles detected changes in 'main.py'. Reloading...
INFO:uvicorn.error:Started server process [13540]
INFO:uvicorn.error:Waiting for application startup.
ERROR:uvicorn.error:Traceback (most recent call last):
  File "f:\fddt-20251109t055126z-1-001\fddt\backenv\lib\site-packages\starlette\routing.py", line 693, in lifespan
    async with self.lifespan_context(app) as maybe_state:
  File "f:\fddt-20251109t055126z-1-001\fddt\backenv\lib\site-packages\starlette\routing.py", line 569, in __aenter__
    await self._router.startup()
  File "f:\fddt-20251109t055126z-1-001\fddt\backenv\lib\site-packages\starlette\routing.py", line 670, in startup
    await handler()
  File "F:\FDDT-20251109T055126Z-1-001\FDDT\gfdd-python-1.0-main\main.py", line 96, in startup
    app.state.pool = await asyncpg.create_pool(DATABASE_URL)
  File "f:\fddt-20251109t055126z-1-001\fddt\backenv\lib\site-packages\asyncpg\pool.py", line 409, in _async__init__
    await self._initialize()
  File "f:\fddt-20251109t055126z-1-001\fddt\backenv\lib\site-packages\asyncpg\pool.py", line 437, in _initialize
    await first_ch.connect()
  File "f:\fddt-20251109t055126z-1-001\fddt\backenv\lib\site-packages\asyncpg\pool.py", line 129, in connect
    self._con = await self._pool._get_new_connection()
  File "f:\fddt-20251109t055126z-1-001\fddt\backenv\lib\site-packages\asyncpg\pool.py", line 507, in _get_new_connection
    con = await connection.connect(
  File "f:\fddt-20251109t055126z-1-001\fddt\backenv\lib\site-packages\asyncpg\connection.py", line 2092, in connect
    return await connect_utils._connect(
  File "f:\fddt-20251109t055126z-1-001\fddt\backenv\lib\site-packages\asyncpg\connect_utils.py", line 881, in _connect
    return await _connect_addr(
  File "f:\fddt-20251109t055126z-1-001\fddt\backenv\lib\site-packages\asyncpg\connect_utils.py", line 773, in _connect_addr
    return await __connect_addr(params, timeout, True, *args)
  File "f:\fddt-20251109t055126z-1-001\fddt\backenv\lib\site-packages\asyncpg\connect_utils.py", line 831, in __connect_addr
    await compat.wait_for(connected, timeout=timeout)
  File "f:\fddt-20251109t055126z-1-001\fddt\backenv\lib\site-packages\asyncpg\compat.py", line 56, in wait_for
    return await asyncio.wait_for(fut, timeout)
  File "D:\Python39\lib\asyncio\tasks.py", line 476, in wait_for
    return fut.result()
asyncpg.exceptions.InvalidAuthorizationSpecificationError: role "user1" is not permitted to log in

ERROR:uvicorn.error:Application startup failed. Exiting.
INFO:uvicorn.error:Will watch for changes in these directories: ['F:\\FDDT-20251109T055126Z-1-001\\FDDT\\gfdd-python-1.0-main']
INFO:uvicorn.error:Uvicorn running on http://127.0.0.1:8000 (Press CTRL+C to quit)
INFO:uvicorn.error:Started reloader process [12376] using WatchFiles
INFO:uvicorn.error:Started server process [7128]
INFO:uvicorn.error:Waiting for application startup.
ERROR:uvicorn.error:Traceback (most recent call last):
  File "f:\fddt-20251109t055126z-1-001\fddt\backenv\lib\site-packages\starlette\routing.py", line 693, in lifespan
    async with self.lifespan_context(app) as maybe_state:
  File "f:\fddt-20251109t055126z-1-001\fddt\backenv\lib\site-packages\starlette\routing.py", line 569, in __aenter__
    await self._router.startup()
  File "f:\fddt-20251109t055126z-1-001\fddt\backenv\lib\site-packages\starlette\routing.py", line 670, in startup
    await handler()
  File "F:\FDDT-20251109T055126Z-1-001\FDDT\gfdd-python-1.0-main\main.py", line 96, in startup
    app.state.pool = await asyncpg.create_pool(DATABASE_URL)
  File "f:\fddt-20251109t055126z-1-001\fddt\backenv\lib\site-packages\asyncpg\pool.py", line 409, in _async__init__
    await self._initialize()
  File "f:\fddt-20251109t055126z-1-001\fddt\backenv\lib\site-packages\asyncpg\pool.py", line 437, in _initialize
    await first_ch.connect()
  File "f:\fddt-20251109t055126z-1-001\fddt\backenv\lib\site-packages\asyncpg\pool.py", line 129, in connect
    self._con = await self._pool._get_new_connection()
  File "f:\fddt-20251109t055126z-1-001\fddt\backenv\lib\site-packages\asyncpg\pool.py", line 507, in _get_new_connection
    con = await connection.connect(
  File "f:\fddt-20251109t055126z-1-001\fddt\backenv\lib\site-packages\asyncpg\connection.py", line 2092, in connect
    return await connect_utils._connect(
  File "f:\fddt-20251109t055126z-1-001\fddt\backenv\lib\site-packages\asyncpg\connect_utils.py", line 881, in _connect
    return await _connect_addr(
  File "f:\fddt-20251109t055126z-1-001\fddt\backenv\lib\site-packages\asyncpg\connect_utils.py", line 773, in _connect_addr
    return await __connect_addr(params, timeout, True, *args)
  File "f:\fddt-20251109t055126z-1-001\fddt\backenv\lib\site-packages\asyncpg\connect_utils.py", line 831, in __connect_addr
    await compat.wait_for(connected, timeout=timeout)
  File "f:\fddt-20251109t055126z-1-001\fddt\backenv\lib\site-packages\asyncpg\compat.py", line 56, in wait_for
    return await asyncio.wait_for(fut, timeout)
  File "D:\Python39\lib\asyncio\tasks.py", line 476, in wait_for
    return fut.result()
asyncpg.exceptions.InvalidCatalogNameError: database "FraudDB" does not exist

ERROR:uvicorn.error:Application startup failed. Exiting.
INFO:uvicorn.error:Stopping reloader process [12376]
INFO:uvicorn.error:Will watch for changes in these directories: ['F:\\FDDT-20251109T055126Z-1-001\\FDDT\\gfdd-python-1.0-main']
INFO:uvicorn.error:Uvicorn running on http://127.0.0.1:8000 (Press CTRL+C to quit)
INFO:uvicorn.error:Started reloader process [8536] using WatchFiles
INFO:uvicorn.error:Started server process [3788]
INFO:uvicorn.error:Waiting for application startup.
ERROR:uvicorn.error:Traceback (most recent call last):
  File "f:\fddt-20251109t055126z-1-001\fddt\backenv\lib\site-packages\starlette\routing.py", line 693, in lifespan
    async with self.lifespan_context(app) as maybe_state:
  File "f:\fddt-20251109t055126z-1-001\fddt\backenv\lib\site-packages\starlette\routing.py", line 569, in __aenter__
    await self._router.startup()
  File "f:\fddt-20251109t055126z-1-001\fddt\backenv\lib\site-packages\starlette\routing.py", line 670, in startup
    await handler()
  File "F:\FDDT-20251109T055126Z-1-001\FDDT\gfdd-python-1.0-main\main.py", line 96, in startup
    app.state.pool = await asyncpg.create_pool(DATABASE_URL)
  File "f:\fddt-20251109t055126z-1-001\fddt\backenv\lib\site-packages\asyncpg\pool.py", line 409, in _async__init__
    await self._initialize()
  File "f:\fddt-20251109t055126z-1-001\fddt\backenv\lib\site-packages\asyncpg\pool.py", line 437, in _initialize
    await first_ch.connect()
  File "f:\fddt-20251109t055126z-1-001\fddt\backenv\lib\site-packages\asyncpg\pool.py", line 129, in connect
    self._con = await self._pool._get_new_connection()
  File "f:\fddt-20251109t055126z-1-001\fddt\backenv\lib\site-packages\asyncpg\pool.py", line 507, in _get_new_connection
    con = await connection.connect(
  File "f:\fddt-20251109t055126z-1-001\fddt\backenv\lib\site-packages\asyncpg\connection.py", line 2092, in connect
    return await connect_utils._connect(
  File "f:\fddt-20251109t055126z-1-001\fddt\backenv\lib\site-packages\asyncpg\connect_utils.py", line 881, in _connect
    return await _connect_addr(
  File "f:\fddt-20251109t055126z-1-001\fddt\backenv\lib\site-packages\asyncpg\connect_utils.py", line 773, in _connect_addr
    return await __connect_addr(params, timeout, True, *args)
  File "f:\fddt-20251109t055126z-1-001\fddt\backenv\lib\site-packages\asyncpg\connect_utils.py", line 831, in __connect_addr
    await compat.wait_for(connected, timeout=timeout)
  File "f:\fddt-20251109t055126z-1-001\fddt\backenv\lib\site-packages\asyncpg\compat.py", line 56, in wait_for
    return await asyncio.wait_for(fut, timeout)
  File "D:\Python39\lib\asyncio\tasks.py", line 476, in wait_for
    return fut.result()
asyncpg.exceptions.InvalidCatalogNameError: database "FraudDB" does not exist

ERROR:uvicorn.error:Application startup failed. Exiting.
WARNING:uvicorn.error:WatchFiles detected changes in 'main.py'. Reloading...
INFO:uvicorn.error:Started server process [12428]
INFO:uvicorn.error:Waiting for application startup.
INFO:uvicorn.error:Application startup complete.
INFO:uvicorn.error:Will watch for changes in these directories: ['F:\\FDDT-20251109T055126Z-1-001\\FDDT\\gfdd-python-1.0-main']
INFO:uvicorn.error:Uvicorn running on http://127.0.0.1:8000 (Press CTRL+C to quit)
INFO:uvicorn.error:Started reloader process [11392] using WatchFiles
INFO:uvicorn.error:Started server process [440]
INFO:uvicorn.error:Waiting for application startup.
INFO:uvicorn.error:Application startup complete.
ERROR:uvicorn.error:Exception in ASGI application
Traceback (most recent call last):
  File "f:\fddt-20251109t055126z-1-001\fddt\backenv\lib\site-packages\uvicorn\protocols\http\httptools_impl.py", line 409, in run_asgi
    result = await app(  # type: ignore[func-returns-value]
  File "f:\fddt-20251109t055126z-1-001\fddt\backenv\lib\site-packages\uvicorn\middleware\proxy_headers.py", line 60, in __call__
    return await self.app(scope, receive, send)
  File "f:\fddt-20251109t055126z-1-001\fddt\backenv\lib\site-packages\fastapi\applications.py", line 1054, in __call__
    await super().__call__(scope, receive, send)
  File "f:\fddt-20251109t055126z-1-001\fddt\backenv\lib\site-packages\starlette\applications.py", line 113, in __call__
    await self.middleware_stack(scope, receive, send)
  File "f:\fddt-20251109t055126z-1-001\fddt\backenv\lib\site-packages\starlette\middleware\errors.py", line 187, in __call__
    raise exc
  File "f:\fddt-20251109t055126z-1-001\fddt\backenv\lib\site-packages\starlette\middleware\errors.py", line 165, in __call__
    await self.app(scope, receive, _send)
  File "f:\fddt-20251109t055126z-1-001\fddt\backenv\lib\site-packages\starlette\middleware\cors.py", line 93, in __call__
    await self.simple_response(scope, receive, send, request_headers=headers)
  File "f:\fddt-20251109t055126z-1-001\fddt\backenv\lib\site-packages\starlette\middleware\cors.py", line 144, in simple_response
    await self.app(scope, receive, send)
  File "f:\fddt-20251109t055126z-1-001\fddt\backenv\lib\site-packages\starlette\middleware\exceptions.py", line 62, in __call__
    await wrap_app_handling_exceptions(self.app, conn)(scope, receive, send)
  File "f:\fddt-20251109t055126z-1-001\fddt\backenv\lib\site-packages\starlette\_exception_handler.py", line 62, in wrapped_app
    raise exc
  File "f:\fddt-20251109t055126z-1-001\fddt\backenv\lib\site-packages\starlette\_exception_handler.py", line 51, in wrapped_app
    await app(scope, receive, sender)
  File "f:\fddt-20251109t055126z-1-001\fddt\backenv\lib\site-packages\starlette\routing.py", line 715, in __call__
    await self.middleware_stack(scope, receive, send)
  File "f:\fddt-20251109t055126z-1-001\fddt\backenv\lib\site-packages\starlette\routing.py", line 735, in app
    await route.handle(scope, receive, send)
  File "f:\fddt-20251109t055126z-1-001\fddt\backenv\lib\site-packages\starlette\routing.py", line 288, in handle
    await self.app(scope, receive, send)
  File "f:\fddt-20251109t055126z-1-001\fddt\backenv\lib\site-packages\starlette\routing.py", line 76, in app
    await wrap_app_handling_exceptions(app, request)(scope, receive, send)
  File "f:\fddt-20251109t055126z-1-001\fddt\backenv\lib\site-packages\starlette\_exception_handler.py", line 62, in wrapped_app
    raise exc
  File "f:\fddt-20251109t055126z-1-001\fddt\backenv\lib\site-packages\starlette\_exception_handler.py", line 51, in wrapped_app
    await app(scope, receive, sender)
  File "f:\fddt-20251109t055126z-1-001\fddt\backenv\lib\site-packages\starlette\routing.py", line 73, in app
    response = await f(request)
  File "f:\fddt-20251109t055126z-1-001\fddt\backenv\lib\site-packages\fastapi\routing.py", line 301, in app
    raw_response = await run_endpoint_function(
  File "f:\fddt-20251109t055126z-1-001\fddt\backenv\lib\site-packages\fastapi\routing.py", line 214, in run_endpoint_function
    return await run_in_threadpool(dependant.call, **values)
  File "f:\fddt-20251109t055126z-1-001\fddt\backenv\lib\site-packages\starlette\concurrency.py", line 39, in run_in_threadpool
    return await anyio.to_thread.run_sync(func, *args)
  File "f:\fddt-20251109t055126z-1-001\fddt\backenv\lib\site-packages\anyio\to_thread.py", line 56, in run_sync
    return await get_async_backend().run_sync_in_worker_thread(
  File "f:\fddt-20251109t055126z-1-001\fddt\backenv\lib\site-packages\anyio\_backends\_asyncio.py", line 2485, in run_sync_in_worker_thread
    return await future
  File "f:\fddt-20251109t055126z-1-001\fddt\backenv\lib\site-packages\anyio\_backends\_asyncio.py", line 976, in run
    result = context.run(func, *args)
  File "F:\FDDT-20251109T055126Z-1-001\FDDT\gfdd-python-1.0-main\main.py", line 242, in register
    return register_user(db, username, email, password, role)
  File "F:\FDDT-20251109T055126Z-1-001\FDDT\gfdd-python-1.0-main\auth.py", line 54, in register_user
    hashed_password = hash_password(password)
  File "F:\FDDT-20251109T055126Z-1-001\FDDT\gfdd-python-1.0-main\auth.py", line 17, in hash_password
    print(pwd_context.hash(password))
  File "f:\fddt-20251109t055126z-1-001\fddt\backenv\lib\site-packages\passlib\context.py", line 2258, in hash
    return record.hash(secret, **kwds)
  File "f:\fddt-20251109t055126z-1-001\fddt\backenv\lib\site-packages\passlib\utils\handlers.py", line 779, in hash
    self.checksum = self._calc_checksum(secret)
  File "f:\fddt-20251109t055126z-1-001\fddt\backenv\lib\site-packages\passlib\handlers\bcrypt.py", line 591, in _calc_checksum
    self._stub_requires_backend()
  File "f:\fddt-20251109t055126z-1-001\fddt\backenv\lib\site-packages\passlib\utils\handlers.py", line 2254, in _stub_requires_backend
    cls.set_backend()
  File "f:\fddt-20251109t055126z-1-001\fddt\backenv\lib\site-packages\passlib\utils\handlers.py", line 2156, in set_backend
    return owner.set_backend(name, dryrun=dryrun)
  File "f:\fddt-20251109t055126z-1-001\fddt\backenv\lib\site-packages\passlib\utils\handlers.py", line 2176, in set_backend
    raise default_error
passlib.exc.MissingBackendError: bcrypt: no backends available -- recommend you install one (e.g. 'pip install bcrypt')
INFO:uvicorn.error:Shutting down
INFO:uvicorn.error:Waiting for application shutdown.
INFO:uvicorn.error:Application shutdown complete.
INFO:uvicorn.error:Finished server process [440]
INFO:uvicorn.error:Stopping reloader process [11392]
INFO:uvicorn.error:Will watch for changes in these directories: ['F:\\FDDT-20251109T055126Z-1-001\\FDDT\\gfdd-python-1.0-main']
INFO:uvicorn.error:Uvicorn running on http://127.0.0.1:8000 (Press CTRL+C to quit)
INFO:uvicorn.error:Started reloader process [14232] using WatchFiles
INFO:uvicorn.error:Started server process [1384]
INFO:uvicorn.error:Waiting for application startup.
INFO:uvicorn.error:Application startup complete.
ERROR:uvicorn.error:Exception in ASGI application
Traceback (most recent call last):
  File "f:\fddt-20251109t055126z-1-001\fddt\backenv\lib\site-packages\uvicorn\protocols\http\httptools_impl.py", line 409, in run_asgi
    result = await app(  # type: ignore[func-returns-value]
  File "f:\fddt-20251109t055126z-1-001\fddt\backenv\lib\site-packages\uvicorn\middleware\proxy_headers.py", line 60, in __call__
    return await self.app(scope, receive, send)
  File "f:\fddt-20251109t055126z-1-001\fddt\backenv\lib\site-packages\fastapi\applications.py", line 1054, in __call__
    await super().__call__(scope, receive, send)
  File "f:\fddt-20251109t055126z-1-001\fddt\backenv\lib\site-packages\starlette\applications.py", line 113, in __call__
    await self.middleware_stack(scope, receive, send)
  File "f:\fddt-20251109t055126z-1-001\fddt\backenv\lib\site-packages\starlette\middleware\errors.py", line 187, in __call__
    raise exc
  File "f:\fddt-20251109t055126z-1-001\fddt\backenv\lib\site-packages\starlette\middleware\errors.py", line 165, in __call__
    await self.app(scope, receive, _send)
  File "f:\fddt-20251109t055126z-1-001\fddt\backenv\lib\site-packages\starlette\middleware\cors.py", line 93, in __call__
    await self.simple_response(scope, receive, send, request_headers=headers)
  File "f:\fddt-20251109t055126z-1-001\fddt\backenv\lib\site-packages\starlette\middleware\cors.py", line 144, in simple_response
    await self.app(scope, receive, send)
  File "f:\fddt-20251109t055126z-1-001\fddt\backenv\lib\site-packages\starlette\middleware\exceptions.py", line 62, in __call__
    await wrap_app_handling_exceptions(self.app, conn)(scope, receive, send)
  File "f:\fddt-20251109t055126z-1-001\fddt\backenv\lib\site-packages\starlette\_exception_handler.py", line 62, in wrapped_app
    raise exc
  File "f:\fddt-20251109t055126z-1-001\fddt\backenv\lib\site-packages\starlette\_exception_handler.py", line 51, in wrapped_app
    await app(scope, receive, sender)
  File "f:\fddt-20251109t055126z-1-001\fddt\backenv\lib\site-packages\starlette\routing.py", line 715, in __call__
    await self.middleware_stack(scope, receive, send)
  File "f:\fddt-20251109t055126z-1-001\fddt\backenv\lib\site-packages\starlette\routing.py", line 735, in app
    await route.handle(scope, receive, send)
  File "f:\fddt-20251109t055126z-1-001\fddt\backenv\lib\site-packages\starlette\routing.py", line 288, in handle
    await self.app(scope, receive, send)
  File "f:\fddt-20251109t055126z-1-001\fddt\backenv\lib\site-packages\starlette\routing.py", line 76, in app
    await wrap_app_handling_exceptions(app, request)(scope, receive, send)
  File "f:\fddt-20251109t055126z-1-001\fddt\backenv\lib\site-packages\starlette\_exception_handler.py", line 62, in wrapped_app
    raise exc
  File "f:\fddt-20251109t055126z-1-001\fddt\backenv\lib\site-packages\starlette\_exception_handler.py", line 51, in wrapped_app
    await app(scope, receive, sender)
  File "f:\fddt-20251109t055126z-1-001\fddt\backenv\lib\site-packages\starlette\routing.py", line 73, in app
    response = await f(request)
  File "f:\fddt-20251109t055126z-1-001\fddt\backenv\lib\site-packages\fastapi\routing.py", line 301, in app
    raw_response = await run_endpoint_function(
  File "f:\fddt-20251109t055126z-1-001\fddt\backenv\lib\site-packages\fastapi\routing.py", line 214, in run_endpoint_function
    return await run_in_threadpool(dependant.call, **values)
  File "f:\fddt-20251109t055126z-1-001\fddt\backenv\lib\site-packages\starlette\concurrency.py", line 39, in run_in_threadpool
    return await anyio.to_thread.run_sync(func, *args)
  File "f:\fddt-20251109t055126z-1-001\fddt\backenv\lib\site-packages\anyio\to_thread.py", line 56, in run_sync
    return await get_async_backend().run_sync_in_worker_thread(
  File "f:\fddt-20251109t055126z-1-001\fddt\backenv\lib\site-packages\anyio\_backends\_asyncio.py", line 2485, in run_sync_in_worker_thread
    return await future
  File "f:\fddt-20251109t055126z-1-001\fddt\backenv\lib\site-packages\anyio\_backends\_asyncio.py", line 976, in run
    result = context.run(func, *args)
  File "F:\FDDT-20251109T055126Z-1-001\FDDT\gfdd-python-1.0-main\main.py", line 242, in register
    return register_user(db, username, email, password, role)
  File "F:\FDDT-20251109T055126Z-1-001\FDDT\gfdd-python-1.0-main\auth.py", line 54, in register_user
    hashed_password = hash_password(password)
  File "F:\FDDT-20251109T055126Z-1-001\FDDT\gfdd-python-1.0-main\auth.py", line 17, in hash_password
    print(pwd_context.hash(password))
  File "f:\fddt-20251109t055126z-1-001\fddt\backenv\lib\site-packages\passlib\context.py", line 2258, in hash
    return record.hash(secret, **kwds)
  File "f:\fddt-20251109t055126z-1-001\fddt\backenv\lib\site-packages\passlib\utils\handlers.py", line 779, in hash
    self.checksum = self._calc_checksum(secret)
  File "f:\fddt-20251109t055126z-1-001\fddt\backenv\lib\site-packages\passlib\handlers\bcrypt.py", line 591, in _calc_checksum
    self._stub_requires_backend()
  File "f:\fddt-20251109t055126z-1-001\fddt\backenv\lib\site-packages\passlib\utils\handlers.py", line 2254, in _stub_requires_backend
    cls.set_backend()
  File "f:\fddt-20251109t055126z-1-001\fddt\backenv\lib\site-packages\passlib\utils\handlers.py", line 2156, in set_backend
    return owner.set_backend(name, dryrun=dryrun)
  File "f:\fddt-20251109t055126z-1-001\fddt\backenv\lib\site-packages\passlib\utils\handlers.py", line 2176, in set_backend
    raise default_error
passlib.exc.MissingBackendError: bcrypt: no backends available -- recommend you install one (e.g. 'pip install bcrypt')
WARNING:uvicorn.error:WatchFiles detected changes in 'auth.py'. Reloading...
INFO:uvicorn.error:Shutting down
INFO:uvicorn.error:Waiting for application shutdown.
INFO:uvicorn.error:Application shutdown complete.
INFO:uvicorn.error:Finished server process [1384]
INFO:uvicorn.error:Started server process [8672]
INFO:uvicorn.error:Waiting for application startup.
INFO:uvicorn.error:Application startup complete.
ERROR:uvicorn.error:Exception in ASGI application
Traceback (most recent call last):
  File "f:\fddt-20251109t055126z-1-001\fddt\backenv\lib\site-packages\uvicorn\protocols\http\httptools_impl.py", line 409, in run_asgi
    result = await app(  # type: ignore[func-returns-value]
  File "f:\fddt-20251109t055126z-1-001\fddt\backenv\lib\site-packages\uvicorn\middleware\proxy_headers.py", line 60, in __call__
    return await self.app(scope, receive, send)
  File "f:\fddt-20251109t055126z-1-001\fddt\backenv\lib\site-packages\fastapi\applications.py", line 1054, in __call__
    await super().__call__(scope, receive, send)
  File "f:\fddt-20251109t055126z-1-001\fddt\backenv\lib\site-packages\starlette\applications.py", line 113, in __call__
    await self.middleware_stack(scope, receive, send)
  File "f:\fddt-20251109t055126z-1-001\fddt\backenv\lib\site-packages\starlette\middleware\errors.py", line 187, in __call__
    raise exc
  File "f:\fddt-20251109t055126z-1-001\fddt\backenv\lib\site-packages\starlette\middleware\errors.py", line 165, in __call__
    await self.app(scope, receive, _send)
  File "f:\fddt-20251109t055126z-1-001\fddt\backenv\lib\site-packages\starlette\middleware\cors.py", line 93, in __call__
    await self.simple_response(scope, receive, send, request_headers=headers)
  File "f:\fddt-20251109t055126z-1-001\fddt\backenv\lib\site-packages\starlette\middleware\cors.py", line 144, in simple_response
    await self.app(scope, receive, send)
  File "f:\fddt-20251109t055126z-1-001\fddt\backenv\lib\site-packages\starlette\middleware\exceptions.py", line 62, in __call__
    await wrap_app_handling_exceptions(self.app, conn)(scope, receive, send)
  File "f:\fddt-20251109t055126z-1-001\fddt\backenv\lib\site-packages\starlette\_exception_handler.py", line 62, in wrapped_app
    raise exc
  File "f:\fddt-20251109t055126z-1-001\fddt\backenv\lib\site-packages\starlette\_exception_handler.py", line 51, in wrapped_app
    await app(scope, receive, sender)
  File "f:\fddt-20251109t055126z-1-001\fddt\backenv\lib\site-packages\starlette\routing.py", line 715, in __call__
    await self.middleware_stack(scope, receive, send)
  File "f:\fddt-20251109t055126z-1-001\fddt\backenv\lib\site-packages\starlette\routing.py", line 735, in app
    await route.handle(scope, receive, send)
  File "f:\fddt-20251109t055126z-1-001\fddt\backenv\lib\site-packages\starlette\routing.py", line 288, in handle
    await self.app(scope, receive, send)
  File "f:\fddt-20251109t055126z-1-001\fddt\backenv\lib\site-packages\starlette\routing.py", line 76, in app
    await wrap_app_handling_exceptions(app, request)(scope, receive, send)
  File "f:\fddt-20251109t055126z-1-001\fddt\backenv\lib\site-packages\starlette\_exception_handler.py", line 62, in wrapped_app
    raise exc
  File "f:\fddt-20251109t055126z-1-001\fddt\backenv\lib\site-packages\starlette\_exception_handler.py", line 51, in wrapped_app
    await app(scope, receive, sender)
  File "f:\fddt-20251109t055126z-1-001\fddt\backenv\lib\site-packages\starlette\routing.py", line 73, in app
    response = await f(request)
  File "f:\fddt-20251109t055126z-1-001\fddt\backenv\lib\site-packages\fastapi\routing.py", line 301, in app
    raw_response = await run_endpoint_function(
  File "f:\fddt-20251109t055126z-1-001\fddt\backenv\lib\site-packages\fastapi\routing.py", line 214, in run_endpoint_function
    return await run_in_threadpool(dependant.call, **values)
  File "f:\fddt-20251109t055126z-1-001\fddt\backenv\lib\site-packages\starlette\concurrency.py", line 39, in run_in_threadpool
    return await anyio.to_thread.run_sync(func, *args)
  File "f:\fddt-20251109t055126z-1-001\fddt\backenv\lib\site-packages\anyio\to_thread.py", line 56, in run_sync
    return await get_async_backend().run_sync_in_worker_thread(
  File "f:\fddt-20251109t055126z-1-001\fddt\backenv\lib\site-packages\anyio\_backends\_asyncio.py", line 2485, in run_sync_in_worker_thread
    return await future
  File "f:\fddt-20251109t055126z-1-001\fddt\backenv\lib\site-packages\anyio\_backends\_asyncio.py", line 976, in run
    result = context.run(func, *args)
  File "F:\FDDT-20251109T055126Z-1-001\FDDT\gfdd-python-1.0-main\main.py", line 273, in login
    access_token = create_access_token(data={"sub": user.email, "role": user.role})
  File "F:\FDDT-20251109T055126Z-1-001\FDDT\gfdd-python-1.0-main\auth.py", line 29, in create_access_token
    encoded_jwt = jwt.encode(to_encode, SECRET_KEY, algorithm=ALGORITHM)
NameError: name 'jwt' is not defined
WARNING:uvicorn.error:WatchFiles detected changes in 'auth.py'. Reloading...
INFO:uvicorn.error:Shutting down
INFO:uvicorn.error:Waiting for application shutdown.
INFO:uvicorn.error:Application shutdown complete.
INFO:uvicorn.error:Finished server process [8672]
INFO:uvicorn.error:Started server process [1400]
INFO:uvicorn.error:Waiting for application startup.
INFO:uvicorn.error:Application startup complete.
INFO:uvicorn.error:Will watch for changes in these directories: ['F:\\FDDT-20251109T055126Z-1-001\\FDDT\\gfdd-python-1.0-main']
INFO:uvicorn.error:Uvicorn running on http://127.0.0.1:8000 (Press CTRL+C to quit)
INFO:uvicorn.error:Started reloader process [6632] using WatchFiles
INFO:uvicorn.error:Started server process [17600]
INFO:uvicorn.error:Waiting for application startup.
INFO:uvicorn.error:Application startup complete.
ERROR:uvicorn.error:Exception in ASGI application
Traceback (most recent call last):
  File "f:\fddt-20251109t055126z-1-001\fddt\backenv\lib\site-packages\uvicorn\protocols\http\httptools_impl.py", line 409, in run_asgi
    result = await app(  # type: ignore[func-returns-value]
  File "f:\fddt-20251109t055126z-1-001\fddt\backenv\lib\site-packages\uvicorn\middleware\proxy_headers.py", line 60, in __call__
    return await self.app(scope, receive, send)
  File "f:\fddt-20251109t055126z-1-001\fddt\backenv\lib\site-packages\fastapi\applications.py", line 1054, in __call__
    await super().__call__(scope, receive, send)
  File "f:\fddt-20251109t055126z-1-001\fddt\backenv\lib\site-packages\starlette\applications.py", line 113, in __call__
    await self.middleware_stack(scope, receive, send)
  File "f:\fddt-20251109t055126z-1-001\fddt\backenv\lib\site-packages\starlette\middleware\errors.py", line 187, in __call__
    raise exc
  File "f:\fddt-20251109t055126z-1-001\fddt\backenv\lib\site-packages\starlette\middleware\errors.py", line 165, in __call__
    await self.app(scope, receive, _send)
  File "f:\fddt-20251109t055126z-1-001\fddt\backenv\lib\site-packages\starlette\middleware\cors.py", line 93, in __call__
    await self.simple_response(scope, receive, send, request_headers=headers)
  File "f:\fddt-20251109t055126z-1-001\fddt\backenv\lib\site-packages\starlette\middleware\cors.py", line 144, in simple_response
    await self.app(scope, receive, send)
  File "f:\fddt-20251109t055126z-1-001\fddt\backenv\lib\site-packages\starlette\middleware\exceptions.py", line 62, in __call__
    await wrap_app_handling_exceptions(self.app, conn)(scope, receive, send)
  File "f:\fddt-20251109t055126z-1-001\fddt\backenv\lib\site-packages\starlette\_exception_handler.py", line 62, in wrapped_app
    raise exc
  File "f:\fddt-20251109t055126z-1-001\fddt\backenv\lib\site-packages\starlette\_exception_handler.py", line 51, in wrapped_app
    await app(scope, receive, sender)
  File "f:\fddt-20251109t055126z-1-001\fddt\backenv\lib\site-packages\starlette\routing.py", line 715, in __call__
    await self.middleware_stack(scope, receive, send)
  File "f:\fddt-20251109t055126z-1-001\fddt\backenv\lib\site-packages\starlette\routing.py", line 735, in app
    await route.handle(scope, receive, send)
  File "f:\fddt-20251109t055126z-1-001\fddt\backenv\lib\site-packages\starlette\routing.py", line 288, in handle
    await self.app(scope, receive, send)
  File "f:\fddt-20251109t055126z-1-001\fddt\backenv\lib\site-packages\starlette\routing.py", line 76, in app
    await wrap_app_handling_exceptions(app, request)(scope, receive, send)
  File "f:\fddt-20251109t055126z-1-001\fddt\backenv\lib\site-packages\starlette\_exception_handler.py", line 62, in wrapped_app
    raise exc
  File "f:\fddt-20251109t055126z-1-001\fddt\backenv\lib\site-packages\starlette\_exception_handler.py", line 51, in wrapped_app
    await app(scope, receive, sender)
  File "f:\fddt-20251109t055126z-1-001\fddt\backenv\lib\site-packages\starlette\routing.py", line 73, in app
    response = await f(request)
  File "f:\fddt-20251109t055126z-1-001\fddt\backenv\lib\site-packages\fastapi\routing.py", line 301, in app
    raw_response = await run_endpoint_function(
  File "f:\fddt-20251109t055126z-1-001\fddt\backenv\lib\site-packages\fastapi\routing.py", line 212, in run_endpoint_function
    return await dependant.call(**values)
  File "F:\FDDT-20251109T055126Z-1-001\FDDT\gfdd-python-1.0-main\main.py", line 760, in detect_images
    await monitor.update_module_stats(
  File "F:\FDDT-20251109T055126Z-1-001\FDDT\gfdd-python-1.0-main\module_monitor.py", line 68, in update_module_stats
    return await _execute(conn)
  File "F:\FDDT-20251109T055126Z-1-001\FDDT\gfdd-python-1.0-main\module_monitor.py", line 24, in _execute
    module = await connection.fetchrow(
  File "f:\fddt-20251109t055126z-1-001\fddt\backenv\lib\site-packages\asyncpg\connection.py", line 678, in fetchrow
    data = await self._execute(
  File "f:\fddt-20251109t055126z-1-001\fddt\backenv\lib\site-packages\asyncpg\connection.py", line 1658, in _execute
    result, _ = await self.__execute(
  File "f:\fddt-20251109t055126z-1-001\fddt\backenv\lib\site-packages\asyncpg\connection.py", line 1683, in __execute
    return await self._do_execute(
  File "f:\fddt-20251109t055126z-1-001\fddt\backenv\lib\site-packages\asyncpg\connection.py", line 1710, in _do_execute
    stmt = await self._get_statement(
  File "f:\fddt-20251109t055126z-1-001\fddt\backenv\lib\site-packages\asyncpg\connection.py", line 397, in _get_statement
    statement = await self._protocol.prepare(
  File "asyncpg\protocol\protocol.pyx", line 168, in prepare
asyncpg.exceptions.UndefinedTableError: relation "module_monitor" does not exist
ERROR:uvicorn.error:Exception in ASGI application
Traceback (most recent call last):
  File "f:\fddt-20251109t055126z-1-001\fddt\backenv\lib\site-packages\uvicorn\protocols\http\httptools_impl.py", line 409, in run_asgi
    result = await app(  # type: ignore[func-returns-value]
  File "f:\fddt-20251109t055126z-1-001\fddt\backenv\lib\site-packages\uvicorn\middleware\proxy_headers.py", line 60, in __call__
    return await self.app(scope, receive, send)
  File "f:\fddt-20251109t055126z-1-001\fddt\backenv\lib\site-packages\fastapi\applications.py", line 1054, in __call__
    await super().__call__(scope, receive, send)
  File "f:\fddt-20251109t055126z-1-001\fddt\backenv\lib\site-packages\starlette\applications.py", line 113, in __call__
    await self.middleware_stack(scope, receive, send)
  File "f:\fddt-20251109t055126z-1-001\fddt\backenv\lib\site-packages\starlette\middleware\errors.py", line 187, in __call__
    raise exc
  File "f:\fddt-20251109t055126z-1-001\fddt\backenv\lib\site-packages\starlette\middleware\errors.py", line 165, in __call__
    await self.app(scope, receive, _send)
  File "f:\fddt-20251109t055126z-1-001\fddt\backenv\lib\site-packages\starlette\middleware\cors.py", line 93, in __call__
    await self.simple_response(scope, receive, send, request_headers=headers)
  File "f:\fddt-20251109t055126z-1-001\fddt\backenv\lib\site-packages\starlette\middleware\cors.py", line 144, in simple_response
    await self.app(scope, receive, send)
  File "f:\fddt-20251109t055126z-1-001\fddt\backenv\lib\site-packages\starlette\middleware\exceptions.py", line 62, in __call__
    await wrap_app_handling_exceptions(self.app, conn)(scope, receive, send)
  File "f:\fddt-20251109t055126z-1-001\fddt\backenv\lib\site-packages\starlette\_exception_handler.py", line 62, in wrapped_app
    raise exc
  File "f:\fddt-20251109t055126z-1-001\fddt\backenv\lib\site-packages\starlette\_exception_handler.py", line 51, in wrapped_app
    await app(scope, receive, sender)
  File "f:\fddt-20251109t055126z-1-001\fddt\backenv\lib\site-packages\starlette\routing.py", line 715, in __call__
    await self.middleware_stack(scope, receive, send)
  File "f:\fddt-20251109t055126z-1-001\fddt\backenv\lib\site-packages\starlette\routing.py", line 735, in app
    await route.handle(scope, receive, send)
  File "f:\fddt-20251109t055126z-1-001\fddt\backenv\lib\site-packages\starlette\routing.py", line 288, in handle
    await self.app(scope, receive, send)
  File "f:\fddt-20251109t055126z-1-001\fddt\backenv\lib\site-packages\starlette\routing.py", line 76, in app
    await wrap_app_handling_exceptions(app, request)(scope, receive, send)
  File "f:\fddt-20251109t055126z-1-001\fddt\backenv\lib\site-packages\starlette\_exception_handler.py", line 62, in wrapped_app
    raise exc
  File "f:\fddt-20251109t055126z-1-001\fddt\backenv\lib\site-packages\starlette\_exception_handler.py", line 51, in wrapped_app
    await app(scope, receive, sender)
  File "f:\fddt-20251109t055126z-1-001\fddt\backenv\lib\site-packages\starlette\routing.py", line 73, in app
    response = await f(request)
  File "f:\fddt-20251109t055126z-1-001\fddt\backenv\lib\site-packages\fastapi\routing.py", line 301, in app
    raw_response = await run_endpoint_function(
  File "f:\fddt-20251109t055126z-1-001\fddt\backenv\lib\site-packages\fastapi\routing.py", line 212, in run_endpoint_function
    return await dependant.call(**values)
  File "F:\FDDT-20251109T055126Z-1-001\FDDT\gfdd-python-1.0-main\main.py", line 760, in detect_images
    await monitor.update_module_stats(
  File "F:\FDDT-20251109T055126Z-1-001\FDDT\gfdd-python-1.0-main\module_monitor.py", line 68, in update_module_stats
    return await _execute(conn)
  File "F:\FDDT-20251109T055126Z-1-001\FDDT\gfdd-python-1.0-main\module_monitor.py", line 24, in _execute
    module = await connection.fetchrow(
  File "f:\fddt-20251109t055126z-1-001\fddt\backenv\lib\site-packages\asyncpg\connection.py", line 678, in fetchrow
    data = await self._execute(
  File "f:\fddt-20251109t055126z-1-001\fddt\backenv\lib\site-packages\asyncpg\connection.py", line 1658, in _execute
    result, _ = await self.__execute(
  File "f:\fddt-20251109t055126z-1-001\fddt\backenv\lib\site-packages\asyncpg\connection.py", line 1683, in __execute
    return await self._do_execute(
  File "f:\fddt-20251109t055126z-1-001\fddt\backenv\lib\site-packages\asyncpg\connection.py", line 1710, in _do_execute
    stmt = await self._get_statement(
  File "f:\fddt-20251109t055126z-1-001\fddt\backenv\lib\site-packages\asyncpg\connection.py", line 397, in _get_statement
    statement = await self._protocol.prepare(
  File "asyncpg\protocol\protocol.pyx", line 168, in prepare
asyncpg.exceptions.UndefinedTableError: relation "module_monitor" does not exist
INFO:uvicorn.error:Shutting down
INFO:uvicorn.error:Waiting for application shutdown.
INFO:uvicorn.error:Application shutdown complete.
INFO:uvicorn.error:Finished server process [17600]
INFO:uvicorn.error:Stopping reloader process [6632]
INFO:uvicorn.error:Will watch for changes in these directories: ['F:\\FDDT-20251109T055126Z-1-001\\FDDT\\gfdd-python-1.0-main']
INFO:uvicorn.error:Uvicorn running on http://127.0.0.1:8000 (Press CTRL+C to quit)
INFO:uvicorn.error:Started reloader process [14136] using WatchFiles
INFO:uvicorn.error:Started server process [8280]
INFO:uvicorn.error:Waiting for application startup.
INFO:uvicorn.error:Application startup complete.
ERROR:uvicorn.error:Exception in ASGI application
Traceback (most recent call last):
  File "f:\fddt-20251109t055126z-1-001\fddt\backenv\lib\site-packages\uvicorn\protocols\http\httptools_impl.py", line 409, in run_asgi
    result = await app(  # type: ignore[func-returns-value]
  File "f:\fddt-20251109t055126z-1-001\fddt\backenv\lib\site-packages\uvicorn\middleware\proxy_headers.py", line 60, in __call__
    return await self.app(scope, receive, send)
  File "f:\fddt-20251109t055126z-1-001\fddt\backenv\lib\site-packages\fastapi\applications.py", line 1054, in __call__
    await super().__call__(scope, receive, send)
  File "f:\fddt-20251109t055126z-1-001\fddt\backenv\lib\site-packages\starlette\applications.py", line 113, in __call__
    await self.middleware_stack(scope, receive, send)
  File "f:\fddt-20251109t055126z-1-001\fddt\backenv\lib\site-packages\starlette\middleware\errors.py", line 187, in __call__
    raise exc
  File "f:\fddt-20251109t055126z-1-001\fddt\backenv\lib\site-packages\starlette\middleware\errors.py", line 165, in __call__
    await self.app(scope, receive, _send)
  File "f:\fddt-20251109t055126z-1-001\fddt\backenv\lib\site-packages\starlette\middleware\cors.py", line 93, in __call__
    await self.simple_response(scope, receive, send, request_headers=headers)
  File "f:\fddt-20251109t055126z-1-001\fddt\backenv\lib\site-packages\starlette\middleware\cors.py", line 144, in simple_response
    await self.app(scope, receive, send)
  File "f:\fddt-20251109t055126z-1-001\fddt\backenv\lib\site-packages\starlette\middleware\exceptions.py", line 62, in __call__
    await wrap_app_handling_exceptions(self.app, conn)(scope, receive, send)
  File "f:\fddt-20251109t055126z-1-001\fddt\backenv\lib\site-packages\starlette\_exception_handler.py", line 62, in wrapped_app
    raise exc
  File "f:\fddt-20251109t055126z-1-001\fddt\backenv\lib\site-packages\starlette\_exception_handler.py", line 51, in wrapped_app
    await app(scope, receive, sender)
  File "f:\fddt-20251109t055126z-1-001\fddt\backenv\lib\site-packages\starlette\routing.py", line 715, in __call__
    await self.middleware_stack(scope, receive, send)
  File "f:\fddt-20251109t055126z-1-001\fddt\backenv\lib\site-packages\starlette\routing.py", line 735, in app
    await route.handle(scope, receive, send)
  File "f:\fddt-20251109t055126z-1-001\fddt\backenv\lib\site-packages\starlette\routing.py", line 288, in handle
    await self.app(scope, receive, send)
  File "f:\fddt-20251109t055126z-1-001\fddt\backenv\lib\site-packages\starlette\routing.py", line 76, in app
    await wrap_app_handling_exceptions(app, request)(scope, receive, send)
  File "f:\fddt-20251109t055126z-1-001\fddt\backenv\lib\site-packages\starlette\_exception_handler.py", line 62, in wrapped_app
    raise exc
  File "f:\fddt-20251109t055126z-1-001\fddt\backenv\lib\site-packages\starlette\_exception_handler.py", line 51, in wrapped_app
    await app(scope, receive, sender)
  File "f:\fddt-20251109t055126z-1-001\fddt\backenv\lib\site-packages\starlette\routing.py", line 73, in app
    response = await f(request)
  File "f:\fddt-20251109t055126z-1-001\fddt\backenv\lib\site-packages\fastapi\routing.py", line 327, in app
    content = await serialize_response(
  File "f:\fddt-20251109t055126z-1-001\fddt\backenv\lib\site-packages\fastapi\routing.py", line 176, in serialize_response
    raise ResponseValidationError(
fastapi.exceptions.ResponseValidationError: 1 validation errors:
  {'type': 'datetime_type', 'loc': ('response', 0, 'updated_time'), 'msg': 'Input should be a valid datetime', 'input': None}

INFO:uvicorn.error:Shutting down
INFO:uvicorn.error:Waiting for application shutdown.
INFO:uvicorn.error:Application shutdown complete.
INFO:uvicorn.error:Finished server process [8280]
INFO:uvicorn.error:Stopping reloader process [14136]
INFO:uvicorn.error:Will watch for changes in these directories: ['F:\\FDDT-20251109T055126Z-1-001\\FDDT\\gfdd-python-1.0-main']
INFO:uvicorn.error:Uvicorn running on http://127.0.0.1:8000 (Press CTRL+C to quit)
INFO:uvicorn.error:Started reloader process [15924] using WatchFiles
INFO:uvicorn.error:Started server process [12612]
INFO:uvicorn.error:Waiting for application startup.
INFO:uvicorn.error:Application startup complete.
ERROR:main:File test2.png processing failed: 500: Error in file: [WinError 2] The system cannot find the file specified
Traceback (most recent call last):
  File "F:\FDDT-20251109T055126Z-1-001\FDDT\gfdd-python-1.0-main\combined_analysis.py", line 668, in cal_combined_analysis_no_async
    exif_result = extract_exif(filepath,filename)
  File "F:\FDDT-20251109T055126Z-1-001\FDDT\gfdd-python-1.0-main\combined_analysis.py", line 1060, in extract_exif
    with exiftool.ExifTool(exiftool_exe()) as et:
  File "F:\FDDT-20251109T055126Z-1-001\FDDT\gfdd-python-1.0-main\pyexiftool\exiftool.py", line 140, in __enter__
    self.start()
  File "F:\FDDT-20251109T055126Z-1-001\FDDT\gfdd-python-1.0-main\pyexiftool\exiftool.py", line 118, in start
    self._process = subprocess.Popen(
  File "D:\Python39\lib\subprocess.py", line 947, in __init__
    self._execute_child(args, executable, preexec_fn, close_fds,
  File "D:\Python39\lib\subprocess.py", line 1416, in _execute_child
    hp, ht, pid, tid = _winapi.CreateProcess(executable, args,
FileNotFoundError: [WinError 2] The system cannot find the file specified

During handling of the above exception, another exception occurred:

Traceback (most recent call last):
  File "F:\FDDT-20251109T055126Z-1-001\FDDT\gfdd-python-1.0-main\main.py", line 2697, in run_enhanced_analysis
    analysis_result = await asyncio.to_thread(
  File "D:\Python39\lib\asyncio\threads.py", line 25, in to_thread
    return await loop.run_in_executor(None, func_call)
  File "D:\Python39\lib\concurrent\futures\thread.py", line 52, in run
    result = self.fn(*self.args, **self.kwargs)
  File "F:\FDDT-20251109T055126Z-1-001\FDDT\gfdd-python-1.0-main\combined_analysis.py", line 821, in cal_combined_analysis_no_async
    raise HTTPException(status_code = 500, detail = f"Error in file: {str(e)}")
fastapi.exceptions.HTTPException: 500: Error in file: [WinError 2] The system cannot find the file specified

ERROR:main:File test1.png processing failed: 500: Error in file: [WinError 2] The system cannot find the file specified
Traceback (most recent call last):
  File "F:\FDDT-20251109T055126Z-1-001\FDDT\gfdd-python-1.0-main\combined_analysis.py", line 668, in cal_combined_analysis_no_async
    exif_result = extract_exif(filepath,filename)
  File "F:\FDDT-20251109T055126Z-1-001\FDDT\gfdd-python-1.0-main\combined_analysis.py", line 1060, in extract_exif
    with exiftool.ExifTool(exiftool_exe()) as et:
  File "F:\FDDT-20251109T055126Z-1-001\FDDT\gfdd-python-1.0-main\pyexiftool\exiftool.py", line 140, in __enter__
    self.start()
  File "F:\FDDT-20251109T055126Z-1-001\FDDT\gfdd-python-1.0-main\pyexiftool\exiftool.py", line 118, in start
    self._process = subprocess.Popen(
  File "D:\Python39\lib\subprocess.py", line 947, in __init__
    self._execute_child(args, executable, preexec_fn, close_fds,
  File "D:\Python39\lib\subprocess.py", line 1416, in _execute_child
    hp, ht, pid, tid = _winapi.CreateProcess(executable, args,
FileNotFoundError: [WinError 2] The system cannot find the file specified

During handling of the above exception, another exception occurred:

Traceback (most recent call last):
  File "F:\FDDT-20251109T055126Z-1-001\FDDT\gfdd-python-1.0-main\main.py", line 2697, in run_enhanced_analysis
    analysis_result = await asyncio.to_thread(
  File "D:\Python39\lib\asyncio\threads.py", line 25, in to_thread
    return await loop.run_in_executor(None, func_call)
  File "D:\Python39\lib\concurrent\futures\thread.py", line 52, in run
    result = self.fn(*self.args, **self.kwargs)
  File "F:\FDDT-20251109T055126Z-1-001\FDDT\gfdd-python-1.0-main\combined_analysis.py", line 821, in cal_combined_analysis_no_async
    raise HTTPException(status_code = 500, detail = f"Error in file: {str(e)}")
fastapi.exceptions.HTTPException: 500: Error in file: [WinError 2] The system cannot find the file specified

ERROR:main:File sample4.png processing failed: 500: Error in file: [WinError 2] The system cannot find the file specified
Traceback (most recent call last):
  File "F:\FDDT-20251109T055126Z-1-001\FDDT\gfdd-python-1.0-main\combined_analysis.py", line 668, in cal_combined_analysis_no_async
    exif_result = extract_exif(filepath,filename)
  File "F:\FDDT-20251109T055126Z-1-001\FDDT\gfdd-python-1.0-main\combined_analysis.py", line 1060, in extract_exif
    with exiftool.ExifTool(exiftool_exe()) as et:
  File "F:\FDDT-20251109T055126Z-1-001\FDDT\gfdd-python-1.0-main\pyexiftool\exiftool.py", line 140, in __enter__
    self.start()
  File "F:\FDDT-20251109T055126Z-1-001\FDDT\gfdd-python-1.0-main\pyexiftool\exiftool.py", line 118, in start
    self._process = subprocess.Popen(
  File "D:\Python39\lib\subprocess.py", line 947, in __init__
    self._execute_child(args, executable, preexec_fn, close_fds,
  File "D:\Python39\lib\subprocess.py", line 1416, in _execute_child
    hp, ht, pid, tid = _winapi.CreateProcess(executable, args,
FileNotFoundError: [WinError 2] The system cannot find the file specified

During handling of the above exception, another exception occurred:

Traceback (most recent call last):
  File "F:\FDDT-20251109T055126Z-1-001\FDDT\gfdd-python-1.0-main\main.py", line 2697, in run_enhanced_analysis
    analysis_result = await asyncio.to_thread(
  File "D:\Python39\lib\asyncio\threads.py", line 25, in to_thread
    return await loop.run_in_executor(None, func_call)
  File "D:\Python39\lib\concurrent\futures\thread.py", line 52, in run
    result = self.fn(*self.args, **self.kwargs)
  File "F:\FDDT-20251109T055126Z-1-001\FDDT\gfdd-python-1.0-main\combined_analysis.py", line 821, in cal_combined_analysis_no_async
    raise HTTPException(status_code = 500, detail = f"Error in file: {str(e)}")
fastapi.exceptions.HTTPException: 500: Error in file: [WinError 2] The system cannot find the file specified

ERROR:main:File sample3.jpg processing failed: 500: Error in file: [WinError 2] The system cannot find the file specified
Traceback (most recent call last):
  File "F:\FDDT-20251109T055126Z-1-001\FDDT\gfdd-python-1.0-main\combined_analysis.py", line 668, in cal_combined_analysis_no_async
    exif_result = extract_exif(filepath,filename)
  File "F:\FDDT-20251109T055126Z-1-001\FDDT\gfdd-python-1.0-main\combined_analysis.py", line 1060, in extract_exif
    with exiftool.ExifTool(exiftool_exe()) as et:
  File "F:\FDDT-20251109T055126Z-1-001\FDDT\gfdd-python-1.0-main\pyexiftool\exiftool.py", line 140, in __enter__
    self.start()
  File "F:\FDDT-20251109T055126Z-1-001\FDDT\gfdd-python-1.0-main\pyexiftool\exiftool.py", line 118, in start
    self._process = subprocess.Popen(
  File "D:\Python39\lib\subprocess.py", line 947, in __init__
    self._execute_child(args, executable, preexec_fn, close_fds,
  File "D:\Python39\lib\subprocess.py", line 1416, in _execute_child
    hp, ht, pid, tid = _winapi.CreateProcess(executable, args,
FileNotFoundError: [WinError 2] The system cannot find the file specified

During handling of the above exception, another exception occurred:

Traceback (most recent call last):
  File "F:\FDDT-20251109T055126Z-1-001\FDDT\gfdd-python-1.0-main\main.py", line 2697, in run_enhanced_analysis
    analysis_result = await asyncio.to_thread(
  File "D:\Python39\lib\asyncio\threads.py", line 25, in to_thread
    return await loop.run_in_executor(None, func_call)
  File "D:\Python39\lib\concurrent\futures\thread.py", line 52, in run
    result = self.fn(*self.args, **self.kwargs)
  File "F:\FDDT-20251109T055126Z-1-001\FDDT\gfdd-python-1.0-main\combined_analysis.py", line 821, in cal_combined_analysis_no_async
    raise HTTPException(status_code = 500, detail = f"Error in file: {str(e)}")
fastapi.exceptions.HTTPException: 500: Error in file: [WinError 2] The system cannot find the file specified

ERROR:main:File sample2.png processing failed: 500: Error in file: [WinError 2] The system cannot find the file specified
Traceback (most recent call last):
  File "F:\FDDT-20251109T055126Z-1-001\FDDT\gfdd-python-1.0-main\combined_analysis.py", line 668, in cal_combined_analysis_no_async
    exif_result = extract_exif(filepath,filename)
  File "F:\FDDT-20251109T055126Z-1-001\FDDT\gfdd-python-1.0-main\combined_analysis.py", line 1060, in extract_exif
    with exiftool.ExifTool(exiftool_exe()) as et:
  File "F:\FDDT-20251109T055126Z-1-001\FDDT\gfdd-python-1.0-main\pyexiftool\exiftool.py", line 140, in __enter__
    self.start()
  File "F:\FDDT-20251109T055126Z-1-001\FDDT\gfdd-python-1.0-main\pyexiftool\exiftool.py", line 118, in start
    self._process = subprocess.Popen(
  File "D:\Python39\lib\subprocess.py", line 947, in __init__
    self._execute_child(args, executable, preexec_fn, close_fds,
  File "D:\Python39\lib\subprocess.py", line 1416, in _execute_child
    hp, ht, pid, tid = _winapi.CreateProcess(executable, args,
FileNotFoundError: [WinError 2] The system cannot find the file specified

During handling of the above exception, another exception occurred:

Traceback (most recent call last):
  File "F:\FDDT-20251109T055126Z-1-001\FDDT\gfdd-python-1.0-main\main.py", line 2697, in run_enhanced_analysis
    analysis_result = await asyncio.to_thread(
  File "D:\Python39\lib\asyncio\threads.py", line 25, in to_thread
    return await loop.run_in_executor(None, func_call)
  File "D:\Python39\lib\concurrent\futures\thread.py", line 52, in run
    result = self.fn(*self.args, **self.kwargs)
  File "F:\FDDT-20251109T055126Z-1-001\FDDT\gfdd-python-1.0-main\combined_analysis.py", line 821, in cal_combined_analysis_no_async
    raise HTTPException(status_code = 500, detail = f"Error in file: {str(e)}")
fastapi.exceptions.HTTPException: 500: Error in file: [WinError 2] The system cannot find the file specified

ERROR:main:File sample1.png processing failed: 500: Error in file: [WinError 2] The system cannot find the file specified
Traceback (most recent call last):
  File "F:\FDDT-20251109T055126Z-1-001\FDDT\gfdd-python-1.0-main\combined_analysis.py", line 668, in cal_combined_analysis_no_async
    exif_result = extract_exif(filepath,filename)
  File "F:\FDDT-20251109T055126Z-1-001\FDDT\gfdd-python-1.0-main\combined_analysis.py", line 1060, in extract_exif
    with exiftool.ExifTool(exiftool_exe()) as et:
  File "F:\FDDT-20251109T055126Z-1-001\FDDT\gfdd-python-1.0-main\pyexiftool\exiftool.py", line 140, in __enter__
    self.start()
  File "F:\FDDT-20251109T055126Z-1-001\FDDT\gfdd-python-1.0-main\pyexiftool\exiftool.py", line 118, in start
    self._process = subprocess.Popen(
  File "D:\Python39\lib\subprocess.py", line 947, in __init__
    self._execute_child(args, executable, preexec_fn, close_fds,
  File "D:\Python39\lib\subprocess.py", line 1416, in _execute_child
    hp, ht, pid, tid = _winapi.CreateProcess(executable, args,
FileNotFoundError: [WinError 2] The system cannot find the file specified

During handling of the above exception, another exception occurred:

Traceback (most recent call last):
  File "F:\FDDT-20251109T055126Z-1-001\FDDT\gfdd-python-1.0-main\main.py", line 2697, in run_enhanced_analysis
    analysis_result = await asyncio.to_thread(
  File "D:\Python39\lib\asyncio\threads.py", line 25, in to_thread
    return await loop.run_in_executor(None, func_call)
  File "D:\Python39\lib\concurrent\futures\thread.py", line 52, in run
    result = self.fn(*self.args, **self.kwargs)
  File "F:\FDDT-20251109T055126Z-1-001\FDDT\gfdd-python-1.0-main\combined_analysis.py", line 821, in cal_combined_analysis_no_async
    raise HTTPException(status_code = 500, detail = f"Error in file: {str(e)}")
fastapi.exceptions.HTTPException: 500: Error in file: [WinError 2] The system cannot find the file specified

ERROR:main:File face2.pdf processing failed: 500: Error in file: [WinError 2] The system cannot find the file specified
Traceback (most recent call last):
  File "F:\FDDT-20251109T055126Z-1-001\FDDT\gfdd-python-1.0-main\combined_analysis.py", line 546, in cal_combined_analysis_no_async
    exif_result = extract_exif(output_path, _filename)
  File "F:\FDDT-20251109T055126Z-1-001\FDDT\gfdd-python-1.0-main\combined_analysis.py", line 1060, in extract_exif
    with exiftool.ExifTool(exiftool_exe()) as et:
  File "F:\FDDT-20251109T055126Z-1-001\FDDT\gfdd-python-1.0-main\pyexiftool\exiftool.py", line 140, in __enter__
    self.start()
  File "F:\FDDT-20251109T055126Z-1-001\FDDT\gfdd-python-1.0-main\pyexiftool\exiftool.py", line 118, in start
    self._process = subprocess.Popen(
  File "D:\Python39\lib\subprocess.py", line 947, in __init__
    self._execute_child(args, executable, preexec_fn, close_fds,
  File "D:\Python39\lib\subprocess.py", line 1416, in _execute_child
    hp, ht, pid, tid = _winapi.CreateProcess(executable, args,
FileNotFoundError: [WinError 2] The system cannot find the file specified

During handling of the above exception, another exception occurred:

Traceback (most recent call last):
  File "F:\FDDT-20251109T055126Z-1-001\FDDT\gfdd-python-1.0-main\main.py", line 2697, in run_enhanced_analysis
    analysis_result = await asyncio.to_thread(
  File "D:\Python39\lib\asyncio\threads.py", line 25, in to_thread
    return await loop.run_in_executor(None, func_call)
  File "D:\Python39\lib\concurrent\futures\thread.py", line 52, in run
    result = self.fn(*self.args, **self.kwargs)
  File "F:\FDDT-20251109T055126Z-1-001\FDDT\gfdd-python-1.0-main\combined_analysis.py", line 821, in cal_combined_analysis_no_async
    raise HTTPException(status_code = 500, detail = f"Error in file: {str(e)}")
fastapi.exceptions.HTTPException: 500: Error in file: [WinError 2] The system cannot find the file specified

ERROR:main:File face1.pdf processing failed: 500: Error in file: [WinError 2] The system cannot find the file specified
Traceback (most recent call last):
  File "F:\FDDT-20251109T055126Z-1-001\FDDT\gfdd-python-1.0-main\combined_analysis.py", line 546, in cal_combined_analysis_no_async
    exif_result = extract_exif(output_path, _filename)
  File "F:\FDDT-20251109T055126Z-1-001\FDDT\gfdd-python-1.0-main\combined_analysis.py", line 1060, in extract_exif
    with exiftool.ExifTool(exiftool_exe()) as et:
  File "F:\FDDT-20251109T055126Z-1-001\FDDT\gfdd-python-1.0-main\pyexiftool\exiftool.py", line 140, in __enter__
    self.start()
  File "F:\FDDT-20251109T055126Z-1-001\FDDT\gfdd-python-1.0-main\pyexiftool\exiftool.py", line 118, in start
    self._process = subprocess.Popen(
  File "D:\Python39\lib\subprocess.py", line 947, in __init__
    self._execute_child(args, executable, preexec_fn, close_fds,
  File "D:\Python39\lib\subprocess.py", line 1416, in _execute_child
    hp, ht, pid, tid = _winapi.CreateProcess(executable, args,
FileNotFoundError: [WinError 2] The system cannot find the file specified

During handling of the above exception, another exception occurred:

Traceback (most recent call last):
  File "F:\FDDT-20251109T055126Z-1-001\FDDT\gfdd-python-1.0-main\main.py", line 2697, in run_enhanced_analysis
    analysis_result = await asyncio.to_thread(
  File "D:\Python39\lib\asyncio\threads.py", line 25, in to_thread
    return await loop.run_in_executor(None, func_call)
  File "D:\Python39\lib\concurrent\futures\thread.py", line 52, in run
    result = self.fn(*self.args, **self.kwargs)
  File "F:\FDDT-20251109T055126Z-1-001\FDDT\gfdd-python-1.0-main\combined_analysis.py", line 821, in cal_combined_analysis_no_async
    raise HTTPException(status_code = 500, detail = f"Error in file: {str(e)}")
fastapi.exceptions.HTTPException: 500: Error in file: [WinError 2] The system cannot find the file specified

ERROR:main:File Aadhaar.pdf processing failed: 500: Error in file: [WinError 2] The system cannot find the file specified
Traceback (most recent call last):
  File "F:\FDDT-20251109T055126Z-1-001\FDDT\gfdd-python-1.0-main\combined_analysis.py", line 546, in cal_combined_analysis_no_async
    exif_result = extract_exif(output_path, _filename)
  File "F:\FDDT-20251109T055126Z-1-001\FDDT\gfdd-python-1.0-main\combined_analysis.py", line 1060, in extract_exif
    with exiftool.ExifTool(exiftool_exe()) as et:
  File "F:\FDDT-20251109T055126Z-1-001\FDDT\gfdd-python-1.0-main\pyexiftool\exiftool.py", line 140, in __enter__
    self.start()
  File "F:\FDDT-20251109T055126Z-1-001\FDDT\gfdd-python-1.0-main\pyexiftool\exiftool.py", line 118, in start
    self._process = subprocess.Popen(
  File "D:\Python39\lib\subprocess.py", line 947, in __init__
    self._execute_child(args, executable, preexec_fn, close_fds,
  File "D:\Python39\lib\subprocess.py", line 1416, in _execute_child
    hp, ht, pid, tid = _winapi.CreateProcess(executable, args,
FileNotFoundError: [WinError 2] The system cannot find the file specified

During handling of the above exception, another exception occurred:

Traceback (most recent call last):
  File "F:\FDDT-20251109T055126Z-1-001\FDDT\gfdd-python-1.0-main\main.py", line 2697, in run_enhanced_analysis
    analysis_result = await asyncio.to_thread(
  File "D:\Python39\lib\asyncio\threads.py", line 25, in to_thread
    return await loop.run_in_executor(None, func_call)
  File "D:\Python39\lib\concurrent\futures\thread.py", line 52, in run
    result = self.fn(*self.args, **self.kwargs)
  File "F:\FDDT-20251109T055126Z-1-001\FDDT\gfdd-python-1.0-main\combined_analysis.py", line 821, in cal_combined_analysis_no_async
    raise HTTPException(status_code = 500, detail = f"Error in file: {str(e)}")
fastapi.exceptions.HTTPException: 500: Error in file: [WinError 2] The system cannot find the file specified

WARNING:uvicorn.error:WatchFiles detected changes in 'combined_analysis.py'. Reloading...
INFO:uvicorn.error:Shutting down
INFO:uvicorn.error:Waiting for application shutdown.
INFO:uvicorn.error:Application shutdown complete.
INFO:uvicorn.error:Finished server process [12612]
INFO:uvicorn.error:Started server process [19520]
INFO:uvicorn.error:Waiting for application startup.
INFO:uvicorn.error:Application startup complete.
WARNING:uvicorn.error:WatchFiles detected changes in 'combined_analysis.py'. Reloading...
INFO:uvicorn.error:Shutting down
INFO:uvicorn.error:Waiting for application shutdown.
INFO:uvicorn.error:Application shutdown complete.
INFO:uvicorn.error:Finished server process [19520]
INFO:uvicorn.error:Started server process [1832]
INFO:uvicorn.error:Waiting for application startup.
INFO:uvicorn.error:Application startup complete.
WARNING:uvicorn.error:WatchFiles detected changes in 'main.py'. Reloading...
INFO:uvicorn.error:Shutting down
INFO:uvicorn.error:Waiting for application shutdown.
INFO:uvicorn.error:Application shutdown complete.
INFO:uvicorn.error:Finished server process [1832]
INFO:uvicorn.error:Started server process [17792]
INFO:uvicorn.error:Waiting for application startup.
INFO:uvicorn.error:Application startup complete.
WARNING:uvicorn.error:WatchFiles detected changes in 'combined_analysis.py'. Reloading...
INFO:uvicorn.error:Shutting down
INFO:uvicorn.error:Waiting for application shutdown.
INFO:uvicorn.error:Application shutdown complete.
INFO:uvicorn.error:Finished server process [17792]
INFO:uvicorn.error:Started server process [9280]
INFO:uvicorn.error:Waiting for application startup.
INFO:uvicorn.error:Application startup complete.
WARNING:uvicorn.error:WatchFiles detected changes in 'combined_analysis.py'. Reloading...
INFO:uvicorn.error:Shutting down
INFO:uvicorn.error:Waiting for application shutdown.
INFO:uvicorn.error:Application shutdown complete.
INFO:uvicorn.error:Finished server process [9280]
INFO:uvicorn.error:Started server process [20772]
INFO:uvicorn.error:Waiting for application startup.
INFO:uvicorn.error:Application startup complete.
WARNING:uvicorn.error:WatchFiles detected changes in 'combined_analysis.py'. Reloading...
INFO:uvicorn.error:Shutting down
INFO:uvicorn.error:Waiting for application shutdown.
INFO:uvicorn.error:Application shutdown complete.
INFO:uvicorn.error:Finished server process [20772]
INFO:uvicorn.error:Started server process [13180]
INFO:uvicorn.error:Waiting for application startup.
INFO:uvicorn.error:Application startup complete.
ERROR:uvicorn.error:Exception in ASGI application
Traceback (most recent call last):
  File "f:\fddt-20251109t055126z-1-001\fddt\backenv\lib\site-packages\uvicorn\protocols\http\httptools_impl.py", line 409, in run_asgi
    result = await app(  # type: ignore[func-returns-value]
  File "f:\fddt-20251109t055126z-1-001\fddt\backenv\lib\site-packages\uvicorn\middleware\proxy_headers.py", line 60, in __call__
    return await self.app(scope, receive, send)
  File "f:\fddt-20251109t055126z-1-001\fddt\backenv\lib\site-packages\fastapi\applications.py", line 1054, in __call__
    await super().__call__(scope, receive, send)
  File "f:\fddt-20251109t055126z-1-001\fddt\backenv\lib\site-packages\starlette\applications.py", line 113, in __call__
    await self.middleware_stack(scope, receive, send)
  File "f:\fddt-20251109t055126z-1-001\fddt\backenv\lib\site-packages\starlette\middleware\errors.py", line 187, in __call__
    raise exc
  File "f:\fddt-20251109t055126z-1-001\fddt\backenv\lib\site-packages\starlette\middleware\errors.py", line 165, in __call__
    await self.app(scope, receive, _send)
  File "f:\fddt-20251109t055126z-1-001\fddt\backenv\lib\site-packages\starlette\middleware\cors.py", line 93, in __call__
    await self.simple_response(scope, receive, send, request_headers=headers)
  File "f:\fddt-20251109t055126z-1-001\fddt\backenv\lib\site-packages\starlette\middleware\cors.py", line 144, in simple_response
    await self.app(scope, receive, send)
  File "f:\fddt-20251109t055126z-1-001\fddt\backenv\lib\site-packages\starlette\middleware\exceptions.py", line 62, in __call__
    await wrap_app_handling_exceptions(self.app, conn)(scope, receive, send)
  File "f:\fddt-20251109t055126z-1-001\fddt\backenv\lib\site-packages\starlette\_exception_handler.py", line 62, in wrapped_app
    raise exc
  File "f:\fddt-20251109t055126z-1-001\fddt\backenv\lib\site-packages\starlette\_exception_handler.py", line 51, in wrapped_app
    await app(scope, receive, sender)
  File "f:\fddt-20251109t055126z-1-001\fddt\backenv\lib\site-packages\starlette\routing.py", line 715, in __call__
    await self.middleware_stack(scope, receive, send)
  File "f:\fddt-20251109t055126z-1-001\fddt\backenv\lib\site-packages\starlette\routing.py", line 735, in app
    await route.handle(scope, receive, send)
  File "f:\fddt-20251109t055126z-1-001\fddt\backenv\lib\site-packages\starlette\routing.py", line 288, in handle
    await self.app(scope, receive, send)
  File "f:\fddt-20251109t055126z-1-001\fddt\backenv\lib\site-packages\starlette\routing.py", line 76, in app
    await wrap_app_handling_exceptions(app, request)(scope, receive, send)
  File "f:\fddt-20251109t055126z-1-001\fddt\backenv\lib\site-packages\starlette\_exception_handler.py", line 62, in wrapped_app
    raise exc
  File "f:\fddt-20251109t055126z-1-001\fddt\backenv\lib\site-packages\starlette\_exception_handler.py", line 51, in wrapped_app
    await app(scope, receive, sender)
  File "f:\fddt-20251109t055126z-1-001\fddt\backenv\lib\site-packages\starlette\routing.py", line 73, in app
    response = await f(request)
  File "f:\fddt-20251109t055126z-1-001\fddt\backenv\lib\site-packages\fastapi\routing.py", line 327, in app
    content = await serialize_response(
  File "f:\fddt-20251109t055126z-1-001\fddt\backenv\lib\site-packages\fastapi\routing.py", line 176, in serialize_response
    raise ResponseValidationError(
fastapi.exceptions.ResponseValidationError: 1 validation errors:
  {'type': 'datetime_type', 'loc': ('response', 6, 'updated_time'), 'msg': 'Input should be a valid datetime', 'input': None}

ERROR:uvicorn.error:Exception in ASGI application
Traceback (most recent call last):
  File "f:\fddt-20251109t055126z-1-001\fddt\backenv\lib\site-packages\uvicorn\protocols\http\httptools_impl.py", line 409, in run_asgi
    result = await app(  # type: ignore[func-returns-value]
  File "f:\fddt-20251109t055126z-1-001\fddt\backenv\lib\site-packages\uvicorn\middleware\proxy_headers.py", line 60, in __call__
    return await self.app(scope, receive, send)
  File "f:\fddt-20251109t055126z-1-001\fddt\backenv\lib\site-packages\fastapi\applications.py", line 1054, in __call__
    await super().__call__(scope, receive, send)
  File "f:\fddt-20251109t055126z-1-001\fddt\backenv\lib\site-packages\starlette\applications.py", line 113, in __call__
    await self.middleware_stack(scope, receive, send)
  File "f:\fddt-20251109t055126z-1-001\fddt\backenv\lib\site-packages\starlette\middleware\errors.py", line 187, in __call__
    raise exc
  File "f:\fddt-20251109t055126z-1-001\fddt\backenv\lib\site-packages\starlette\middleware\errors.py", line 165, in __call__
    await self.app(scope, receive, _send)
  File "f:\fddt-20251109t055126z-1-001\fddt\backenv\lib\site-packages\starlette\middleware\cors.py", line 93, in __call__
    await self.simple_response(scope, receive, send, request_headers=headers)
  File "f:\fddt-20251109t055126z-1-001\fddt\backenv\lib\site-packages\starlette\middleware\cors.py", line 144, in simple_response
    await self.app(scope, receive, send)
  File "f:\fddt-20251109t055126z-1-001\fddt\backenv\lib\site-packages\starlette\middleware\exceptions.py", line 62, in __call__
    await wrap_app_handling_exceptions(self.app, conn)(scope, receive, send)
  File "f:\fddt-20251109t055126z-1-001\fddt\backenv\lib\site-packages\starlette\_exception_handler.py", line 62, in wrapped_app
    raise exc
  File "f:\fddt-20251109t055126z-1-001\fddt\backenv\lib\site-packages\starlette\_exception_handler.py", line 51, in wrapped_app
    await app(scope, receive, sender)
  File "f:\fddt-20251109t055126z-1-001\fddt\backenv\lib\site-packages\starlette\routing.py", line 715, in __call__
    await self.middleware_stack(scope, receive, send)
  File "f:\fddt-20251109t055126z-1-001\fddt\backenv\lib\site-packages\starlette\routing.py", line 735, in app
    await route.handle(scope, receive, send)
  File "f:\fddt-20251109t055126z-1-001\fddt\backenv\lib\site-packages\starlette\routing.py", line 288, in handle
    await self.app(scope, receive, send)
  File "f:\fddt-20251109t055126z-1-001\fddt\backenv\lib\site-packages\starlette\routing.py", line 76, in app
    await wrap_app_handling_exceptions(app, request)(scope, receive, send)
  File "f:\fddt-20251109t055126z-1-001\fddt\backenv\lib\site-packages\starlette\_exception_handler.py", line 62, in wrapped_app
    raise exc
  File "f:\fddt-20251109t055126z-1-001\fddt\backenv\lib\site-packages\starlette\_exception_handler.py", line 51, in wrapped_app
    await app(scope, receive, sender)
  File "f:\fddt-20251109t055126z-1-001\fddt\backenv\lib\site-packages\starlette\routing.py", line 73, in app
    response = await f(request)
  File "f:\fddt-20251109t055126z-1-001\fddt\backenv\lib\site-packages\fastapi\routing.py", line 327, in app
    content = await serialize_response(
  File "f:\fddt-20251109t055126z-1-001\fddt\backenv\lib\site-packages\fastapi\routing.py", line 176, in serialize_response
    raise ResponseValidationError(
fastapi.exceptions.ResponseValidationError: 1 validation errors:
  {'type': 'datetime_type', 'loc': ('response', 6, 'updated_time'), 'msg': 'Input should be a valid datetime', 'input': None}

ERROR:uvicorn.error:Exception in ASGI application
Traceback (most recent call last):
  File "F:\FDDT-20251109T055126Z-1-001\FDDT\gfdd-python-1.0-main\main.py", line 2100, in combined_analysis
    with open(file_path, "wb") as f:
FileNotFoundError: [Errno 2] No such file or directory: 'temp_images\\sample3.jpg'

During handling of the above exception, another exception occurred:

Traceback (most recent call last):
  File "F:\FDDT-20251109T055126Z-1-001\FDDT\gfdd-python-1.0-main\main.py", line 2347, in combined_analysis
    raise HTTPException(status_code=500, detail=str(e))
fastapi.exceptions.HTTPException: 500: [Errno 2] No such file or directory: 'temp_images\\sample3.jpg'

During handling of the above exception, another exception occurred:

Traceback (most recent call last):
  File "f:\fddt-20251109t055126z-1-001\fddt\backenv\lib\site-packages\uvicorn\protocols\http\httptools_impl.py", line 409, in run_asgi
    result = await app(  # type: ignore[func-returns-value]
  File "f:\fddt-20251109t055126z-1-001\fddt\backenv\lib\site-packages\uvicorn\middleware\proxy_headers.py", line 60, in __call__
    return await self.app(scope, receive, send)
  File "f:\fddt-20251109t055126z-1-001\fddt\backenv\lib\site-packages\fastapi\applications.py", line 1054, in __call__
    await super().__call__(scope, receive, send)
  File "f:\fddt-20251109t055126z-1-001\fddt\backenv\lib\site-packages\starlette\applications.py", line 113, in __call__
    await self.middleware_stack(scope, receive, send)
  File "f:\fddt-20251109t055126z-1-001\fddt\backenv\lib\site-packages\starlette\middleware\errors.py", line 187, in __call__
    raise exc
  File "f:\fddt-20251109t055126z-1-001\fddt\backenv\lib\site-packages\starlette\middleware\errors.py", line 165, in __call__
    await self.app(scope, receive, _send)
  File "f:\fddt-20251109t055126z-1-001\fddt\backenv\lib\site-packages\starlette\middleware\cors.py", line 93, in __call__
    await self.simple_response(scope, receive, send, request_headers=headers)
  File "f:\fddt-20251109t055126z-1-001\fddt\backenv\lib\site-packages\starlette\middleware\cors.py", line 144, in simple_response
    await self.app(scope, receive, send)
  File "f:\fddt-20251109t055126z-1-001\fddt\backenv\lib\site-packages\starlette\middleware\exceptions.py", line 62, in __call__
    await wrap_app_handling_exceptions(self.app, conn)(scope, receive, send)
  File "f:\fddt-20251109t055126z-1-001\fddt\backenv\lib\site-packages\starlette\_exception_handler.py", line 62, in wrapped_app
    raise exc
  File "f:\fddt-20251109t055126z-1-001\fddt\backenv\lib\site-packages\starlette\_exception_handler.py", line 51, in wrapped_app
    await app(scope, receive, sender)
  File "f:\fddt-20251109t055126z-1-001\fddt\backenv\lib\site-packages\starlette\routing.py", line 715, in __call__
    await self.middleware_stack(scope, receive, send)
  File "f:\fddt-20251109t055126z-1-001\fddt\backenv\lib\site-packages\starlette\routing.py", line 735, in app
    await route.handle(scope, receive, send)
  File "f:\fddt-20251109t055126z-1-001\fddt\backenv\lib\site-packages\starlette\routing.py", line 288, in handle
    await self.app(scope, receive, send)
  File "f:\fddt-20251109t055126z-1-001\fddt\backenv\lib\site-packages\starlette\routing.py", line 76, in app
    await wrap_app_handling_exceptions(app, request)(scope, receive, send)
  File "f:\fddt-20251109t055126z-1-001\fddt\backenv\lib\site-packages\starlette\_exception_handler.py", line 62, in wrapped_app
    raise exc
  File "f:\fddt-20251109t055126z-1-001\fddt\backenv\lib\site-packages\starlette\_exception_handler.py", line 51, in wrapped_app
    await app(scope, receive, sender)
  File "f:\fddt-20251109t055126z-1-001\fddt\backenv\lib\site-packages\starlette\routing.py", line 73, in app
    response = await f(request)
  File "f:\fddt-20251109t055126z-1-001\fddt\backenv\lib\site-packages\fastapi\routing.py", line 301, in app
    raw_response = await run_endpoint_function(
  File "f:\fddt-20251109t055126z-1-001\fddt\backenv\lib\site-packages\fastapi\routing.py", line 212, in run_endpoint_function
    return await dependant.call(**values)
  File "F:\FDDT-20251109T055126Z-1-001\FDDT\gfdd-python-1.0-main\main.py", line 2349, in combined_analysis
    shutil.rmtree(temp_dir)
  File "D:\Python39\lib\shutil.py", line 737, in rmtree
    return _rmtree_unsafe(path, onerror)
  File "D:\Python39\lib\shutil.py", line 596, in _rmtree_unsafe
    onerror(os.scandir, path, sys.exc_info())
  File "D:\Python39\lib\shutil.py", line 593, in _rmtree_unsafe
    with os.scandir(path) as scandir_it:
FileNotFoundError: [WinError 3] The system cannot find the path specified: 'temp_images'
ERROR:uvicorn.error:Exception in ASGI application
Traceback (most recent call last):
  File "F:\FDDT-20251109T055126Z-1-001\FDDT\gfdd-python-1.0-main\main.py", line 2100, in combined_analysis
    with open(file_path, "wb") as f:
FileNotFoundError: [Errno 2] No such file or directory: 'temp_images\\sample3.jpg'

During handling of the above exception, another exception occurred:

Traceback (most recent call last):
  File "F:\FDDT-20251109T055126Z-1-001\FDDT\gfdd-python-1.0-main\main.py", line 2347, in combined_analysis
    raise HTTPException(status_code=500, detail=str(e))
fastapi.exceptions.HTTPException: 500: [Errno 2] No such file or directory: 'temp_images\\sample3.jpg'

During handling of the above exception, another exception occurred:

Traceback (most recent call last):
  File "f:\fddt-20251109t055126z-1-001\fddt\backenv\lib\site-packages\uvicorn\protocols\http\httptools_impl.py", line 409, in run_asgi
    result = await app(  # type: ignore[func-returns-value]
  File "f:\fddt-20251109t055126z-1-001\fddt\backenv\lib\site-packages\uvicorn\middleware\proxy_headers.py", line 60, in __call__
    return await self.app(scope, receive, send)
  File "f:\fddt-20251109t055126z-1-001\fddt\backenv\lib\site-packages\fastapi\applications.py", line 1054, in __call__
    await super().__call__(scope, receive, send)
  File "f:\fddt-20251109t055126z-1-001\fddt\backenv\lib\site-packages\starlette\applications.py", line 113, in __call__
    await self.middleware_stack(scope, receive, send)
  File "f:\fddt-20251109t055126z-1-001\fddt\backenv\lib\site-packages\starlette\middleware\errors.py", line 187, in __call__
    raise exc
  File "f:\fddt-20251109t055126z-1-001\fddt\backenv\lib\site-packages\starlette\middleware\errors.py", line 165, in __call__
    await self.app(scope, receive, _send)
  File "f:\fddt-20251109t055126z-1-001\fddt\backenv\lib\site-packages\starlette\middleware\cors.py", line 93, in __call__
    await self.simple_response(scope, receive, send, request_headers=headers)
  File "f:\fddt-20251109t055126z-1-001\fddt\backenv\lib\site-packages\starlette\middleware\cors.py", line 144, in simple_response
    await self.app(scope, receive, send)
  File "f:\fddt-20251109t055126z-1-001\fddt\backenv\lib\site-packages\starlette\middleware\exceptions.py", line 62, in __call__
    await wrap_app_handling_exceptions(self.app, conn)(scope, receive, send)
  File "f:\fddt-20251109t055126z-1-001\fddt\backenv\lib\site-packages\starlette\_exception_handler.py", line 62, in wrapped_app
    raise exc
  File "f:\fddt-20251109t055126z-1-001\fddt\backenv\lib\site-packages\starlette\_exception_handler.py", line 51, in wrapped_app
    await app(scope, receive, sender)
  File "f:\fddt-20251109t055126z-1-001\fddt\backenv\lib\site-packages\starlette\routing.py", line 715, in __call__
    await self.middleware_stack(scope, receive, send)
  File "f:\fddt-20251109t055126z-1-001\fddt\backenv\lib\site-packages\starlette\routing.py", line 735, in app
    await route.handle(scope, receive, send)
  File "f:\fddt-20251109t055126z-1-001\fddt\backenv\lib\site-packages\starlette\routing.py", line 288, in handle
    await self.app(scope, receive, send)
  File "f:\fddt-20251109t055126z-1-001\fddt\backenv\lib\site-packages\starlette\routing.py", line 76, in app
    await wrap_app_handling_exceptions(app, request)(scope, receive, send)
  File "f:\fddt-20251109t055126z-1-001\fddt\backenv\lib\site-packages\starlette\_exception_handler.py", line 62, in wrapped_app
    raise exc
  File "f:\fddt-20251109t055126z-1-001\fddt\backenv\lib\site-packages\starlette\_exception_handler.py", line 51, in wrapped_app
    await app(scope, receive, sender)
  File "f:\fddt-20251109t055126z-1-001\fddt\backenv\lib\site-packages\starlette\routing.py", line 73, in app
    response = await f(request)
  File "f:\fddt-20251109t055126z-1-001\fddt\backenv\lib\site-packages\fastapi\routing.py", line 301, in app
    raw_response = await run_endpoint_function(
  File "f:\fddt-20251109t055126z-1-001\fddt\backenv\lib\site-packages\fastapi\routing.py", line 212, in run_endpoint_function
    return await dependant.call(**values)
  File "F:\FDDT-20251109T055126Z-1-001\FDDT\gfdd-python-1.0-main\main.py", line 2349, in combined_analysis
    shutil.rmtree(temp_dir)
  File "D:\Python39\lib\shutil.py", line 737, in rmtree
    return _rmtree_unsafe(path, onerror)
  File "D:\Python39\lib\shutil.py", line 596, in _rmtree_unsafe
    onerror(os.scandir, path, sys.exc_info())
  File "D:\Python39\lib\shutil.py", line 593, in _rmtree_unsafe
    with os.scandir(path) as scandir_it:
FileNotFoundError: [WinError 3] The system cannot find the path specified: 'temp_images'
INFO:uvicorn.error:Shutting down
INFO:uvicorn.error:Waiting for application shutdown.
INFO:uvicorn.error:Application shutdown complete.
INFO:uvicorn.error:Finished server process [13180]
INFO:uvicorn.error:Stopping reloader process [15924]
INFO:uvicorn.error:Will watch for changes in these directories: ['F:\\FDDT-20251109T055126Z-1-001\\FDDT\\gfdd-python-1.0-main']
INFO:uvicorn.error:Uvicorn running on http://127.0.0.1:8000 (Press CTRL+C to quit)
INFO:uvicorn.error:Started reloader process [14064] using WatchFiles
INFO:uvicorn.error:Started server process [2656]
INFO:uvicorn.error:Waiting for application startup.
INFO:uvicorn.error:Application startup complete.
ERROR:uvicorn.error:Exception in ASGI application
Traceback (most recent call last):
  File "F:\FDDT-20251109T055126Z-1-001\FDDT\gfdd-python-1.0-main\main.py", line 2100, in combined_analysis
    with open(file_path, "wb") as f:
FileNotFoundError: [Errno 2] No such file or directory: 'temp_images\\sample2.png'

During handling of the above exception, another exception occurred:

Traceback (most recent call last):
  File "F:\FDDT-20251109T055126Z-1-001\FDDT\gfdd-python-1.0-main\main.py", line 2347, in combined_analysis
    raise HTTPException(status_code=500, detail=str(e))
fastapi.exceptions.HTTPException: 500: [Errno 2] No such file or directory: 'temp_images\\sample2.png'

During handling of the above exception, another exception occurred:

Traceback (most recent call last):
  File "f:\fddt-20251109t055126z-1-001\fddt\backenv\lib\site-packages\uvicorn\protocols\http\httptools_impl.py", line 409, in run_asgi
    result = await app(  # type: ignore[func-returns-value]
  File "f:\fddt-20251109t055126z-1-001\fddt\backenv\lib\site-packages\uvicorn\middleware\proxy_headers.py", line 60, in __call__
    return await self.app(scope, receive, send)
  File "f:\fddt-20251109t055126z-1-001\fddt\backenv\lib\site-packages\fastapi\applications.py", line 1054, in __call__
    await super().__call__(scope, receive, send)
  File "f:\fddt-20251109t055126z-1-001\fddt\backenv\lib\site-packages\starlette\applications.py", line 113, in __call__
    await self.middleware_stack(scope, receive, send)
  File "f:\fddt-20251109t055126z-1-001\fddt\backenv\lib\site-packages\starlette\middleware\errors.py", line 187, in __call__
    raise exc
  File "f:\fddt-20251109t055126z-1-001\fddt\backenv\lib\site-packages\starlette\middleware\errors.py", line 165, in __call__
    await self.app(scope, receive, _send)
  File "f:\fddt-20251109t055126z-1-001\fddt\backenv\lib\site-packages\starlette\middleware\cors.py", line 93, in __call__
    await self.simple_response(scope, receive, send, request_headers=headers)
  File "f:\fddt-20251109t055126z-1-001\fddt\backenv\lib\site-packages\starlette\middleware\cors.py", line 144, in simple_response
    await self.app(scope, receive, send)
  File "f:\fddt-20251109t055126z-1-001\fddt\backenv\lib\site-packages\starlette\middleware\exceptions.py", line 62, in __call__
    await wrap_app_handling_exceptions(self.app, conn)(scope, receive, send)
  File "f:\fddt-20251109t055126z-1-001\fddt\backenv\lib\site-packages\starlette\_exception_handler.py", line 62, in wrapped_app
    raise exc
  File "f:\fddt-20251109t055126z-1-001\fddt\backenv\lib\site-packages\starlette\_exception_handler.py", line 51, in wrapped_app
    await app(scope, receive, sender)
  File "f:\fddt-20251109t055126z-1-001\fddt\backenv\lib\site-packages\starlette\routing.py", line 715, in __call__
    await self.middleware_stack(scope, receive, send)
  File "f:\fddt-20251109t055126z-1-001\fddt\backenv\lib\site-packages\starlette\routing.py", line 735, in app
    await route.handle(scope, receive, send)
  File "f:\fddt-20251109t055126z-1-001\fddt\backenv\lib\site-packages\starlette\routing.py", line 288, in handle
    await self.app(scope, receive, send)
  File "f:\fddt-20251109t055126z-1-001\fddt\backenv\lib\site-packages\starlette\routing.py", line 76, in app
    await wrap_app_handling_exceptions(app, request)(scope, receive, send)
  File "f:\fddt-20251109t055126z-1-001\fddt\backenv\lib\site-packages\starlette\_exception_handler.py", line 62, in wrapped_app
    raise exc
  File "f:\fddt-20251109t055126z-1-001\fddt\backenv\lib\site-packages\starlette\_exception_handler.py", line 51, in wrapped_app
    await app(scope, receive, sender)
  File "f:\fddt-20251109t055126z-1-001\fddt\backenv\lib\site-packages\starlette\routing.py", line 73, in app
    response = await f(request)
  File "f:\fddt-20251109t055126z-1-001\fddt\backenv\lib\site-packages\fastapi\routing.py", line 301, in app
    raw_response = await run_endpoint_function(
  File "f:\fddt-20251109t055126z-1-001\fddt\backenv\lib\site-packages\fastapi\routing.py", line 212, in run_endpoint_function
    return await dependant.call(**values)
  File "F:\FDDT-20251109T055126Z-1-001\FDDT\gfdd-python-1.0-main\main.py", line 2349, in combined_analysis
    shutil.rmtree(temp_dir)
  File "D:\Python39\lib\shutil.py", line 737, in rmtree
    return _rmtree_unsafe(path, onerror)
  File "D:\Python39\lib\shutil.py", line 596, in _rmtree_unsafe
    onerror(os.scandir, path, sys.exc_info())
  File "D:\Python39\lib\shutil.py", line 593, in _rmtree_unsafe
    with os.scandir(path) as scandir_it:
FileNotFoundError: [WinError 3] The system cannot find the path specified: 'temp_images'
WARNING:uvicorn.error:WatchFiles detected changes in 'main.py'. Reloading...
INFO:uvicorn.error:Shutting down
INFO:uvicorn.error:Waiting for application shutdown.
INFO:uvicorn.error:Application shutdown complete.
INFO:uvicorn.error:Finished server process [2656]
WARNING:uvicorn.error:WatchFiles detected changes in 'main.py'. Reloading...
INFO:uvicorn.error:Started server process [17696]
INFO:uvicorn.error:Waiting for application startup.
INFO:uvicorn.error:Application startup complete.
WARNING:uvicorn.error:WatchFiles detected changes in 'main.py'. Reloading...
INFO:uvicorn.error:Shutting down
INFO:uvicorn.error:Waiting for application shutdown.
INFO:uvicorn.error:Application shutdown complete.
INFO:uvicorn.error:Finished server process [17696]
INFO:uvicorn.error:Started server process [14116]
INFO:uvicorn.error:Waiting for application startup.
INFO:uvicorn.error:Application startup complete.
ERROR:uvicorn.error:Exception in ASGI application
Traceback (most recent call last):
  File "f:\fddt-20251109t055126z-1-001\fddt\backenv\lib\site-packages\uvicorn\protocols\http\httptools_impl.py", line 409, in run_asgi
    result = await app(  # type: ignore[func-returns-value]
  File "f:\fddt-20251109t055126z-1-001\fddt\backenv\lib\site-packages\uvicorn\middleware\proxy_headers.py", line 60, in __call__
    return await self.app(scope, receive, send)
  File "f:\fddt-20251109t055126z-1-001\fddt\backenv\lib\site-packages\fastapi\applications.py", line 1054, in __call__
    await super().__call__(scope, receive, send)
  File "f:\fddt-20251109t055126z-1-001\fddt\backenv\lib\site-packages\starlette\applications.py", line 113, in __call__
    await self.middleware_stack(scope, receive, send)
  File "f:\fddt-20251109t055126z-1-001\fddt\backenv\lib\site-packages\starlette\middleware\errors.py", line 187, in __call__
    raise exc
  File "f:\fddt-20251109t055126z-1-001\fddt\backenv\lib\site-packages\starlette\middleware\errors.py", line 165, in __call__
    await self.app(scope, receive, _send)
  File "f:\fddt-20251109t055126z-1-001\fddt\backenv\lib\site-packages\starlette\middleware\cors.py", line 85, in __call__
    await self.app(scope, receive, send)
  File "f:\fddt-20251109t055126z-1-001\fddt\backenv\lib\site-packages\starlette\middleware\exceptions.py", line 62, in __call__
    await wrap_app_handling_exceptions(self.app, conn)(scope, receive, send)
  File "f:\fddt-20251109t055126z-1-001\fddt\backenv\lib\site-packages\starlette\_exception_handler.py", line 62, in wrapped_app
    raise exc
  File "f:\fddt-20251109t055126z-1-001\fddt\backenv\lib\site-packages\starlette\_exception_handler.py", line 51, in wrapped_app
    await app(scope, receive, sender)
  File "f:\fddt-20251109t055126z-1-001\fddt\backenv\lib\site-packages\starlette\routing.py", line 715, in __call__
    await self.middleware_stack(scope, receive, send)
  File "f:\fddt-20251109t055126z-1-001\fddt\backenv\lib\site-packages\starlette\routing.py", line 735, in app
    await route.handle(scope, receive, send)
  File "f:\fddt-20251109t055126z-1-001\fddt\backenv\lib\site-packages\starlette\routing.py", line 288, in handle
    await self.app(scope, receive, send)
  File "f:\fddt-20251109t055126z-1-001\fddt\backenv\lib\site-packages\starlette\routing.py", line 76, in app
    await wrap_app_handling_exceptions(app, request)(scope, receive, send)
  File "f:\fddt-20251109t055126z-1-001\fddt\backenv\lib\site-packages\starlette\_exception_handler.py", line 62, in wrapped_app
    raise exc
  File "f:\fddt-20251109t055126z-1-001\fddt\backenv\lib\site-packages\starlette\_exception_handler.py", line 51, in wrapped_app
    await app(scope, receive, sender)
  File "f:\fddt-20251109t055126z-1-001\fddt\backenv\lib\site-packages\starlette\routing.py", line 73, in app
    response = await f(request)
  File "f:\fddt-20251109t055126z-1-001\fddt\backenv\lib\site-packages\fastapi\routing.py", line 327, in app
    content = await serialize_response(
  File "f:\fddt-20251109t055126z-1-001\fddt\backenv\lib\site-packages\fastapi\routing.py", line 176, in serialize_response
    raise ResponseValidationError(
fastapi.exceptions.ResponseValidationError: 1 validation errors:
  {'type': 'datetime_type', 'loc': ('response', 6, 'updated_time'), 'msg': 'Input should be a valid datetime', 'input': None}

ERROR:main:Internal Server Error in EXIF/PDF extraction: [WinError 2] The system cannot find the file specified
Traceback (most recent call last):
  File "F:\FDDT-20251109T055126Z-1-001\FDDT\gfdd-python-1.0-main\main.py", line 489, in exif_api
    exif_result = extract_exif(filepaths,session_id=str(uuid.uuid4()))
  File "F:\FDDT-20251109T055126Z-1-001\FDDT\gfdd-python-1.0-main\exif_api.py", line 48, in extract_exif
    with exiftool.ExifTool(exiftool_exe()) as et:
  File "F:\FDDT-20251109T055126Z-1-001\FDDT\gfdd-python-1.0-main\pyexiftool\exiftool.py", line 140, in __enter__
    self.start()
  File "F:\FDDT-20251109T055126Z-1-001\FDDT\gfdd-python-1.0-main\pyexiftool\exiftool.py", line 118, in start
    self._process = subprocess.Popen(
  File "D:\Python39\lib\subprocess.py", line 947, in __init__
    self._execute_child(args, executable, preexec_fn, close_fds,
  File "D:\Python39\lib\subprocess.py", line 1416, in _execute_child
    hp, ht, pid, tid = _winapi.CreateProcess(executable, args,
FileNotFoundError: [WinError 2] The system cannot find the file specified

ERROR:main:Internal Server Error in EXIF/PDF extraction: [WinError 2] The system cannot find the file specified
Traceback (most recent call last):
  File "F:\FDDT-20251109T055126Z-1-001\FDDT\gfdd-python-1.0-main\main.py", line 489, in exif_api
    exif_result = extract_exif(filepaths,session_id=str(uuid.uuid4()))
  File "F:\FDDT-20251109T055126Z-1-001\FDDT\gfdd-python-1.0-main\exif_api.py", line 48, in extract_exif
    with exiftool.ExifTool(exiftool_exe()) as et:
  File "F:\FDDT-20251109T055126Z-1-001\FDDT\gfdd-python-1.0-main\pyexiftool\exiftool.py", line 140, in __enter__
    self.start()
  File "F:\FDDT-20251109T055126Z-1-001\FDDT\gfdd-python-1.0-main\pyexiftool\exiftool.py", line 118, in start
    self._process = subprocess.Popen(
  File "D:\Python39\lib\subprocess.py", line 947, in __init__
    self._execute_child(args, executable, preexec_fn, close_fds,
  File "D:\Python39\lib\subprocess.py", line 1416, in _execute_child
    hp, ht, pid, tid = _winapi.CreateProcess(executable, args,
FileNotFoundError: [WinError 2] The system cannot find the file specified

ERROR:main:Internal Server Error in EXIF/PDF extraction: 'list' object has no attribute 'get'
Traceback (most recent call last):
  File "F:\FDDT-20251109T055126Z-1-001\FDDT\gfdd-python-1.0-main\main.py", line 502, in exif_api
    if not exif_result or not exif_result.get("results"):
AttributeError: 'list' object has no attribute 'get'

ERROR:main:File test2.png processing failed: 500: Error in file: division by zero
Traceback (most recent call last):
  File "F:\FDDT-20251109T055126Z-1-001\FDDT\gfdd-python-1.0-main\combined_analysis.py", line 691, in cal_combined_analysis_no_async
    triggered = {
  File "F:\FDDT-20251109T055126Z-1-001\FDDT\gfdd-python-1.0-main\combined_analysis.py", line 692, in <dictcomp>
    color: stats[mode][color] / total_pixels < thresholds[color]
ZeroDivisionError: division by zero

During handling of the above exception, another exception occurred:

Traceback (most recent call last):
  File "F:\FDDT-20251109T055126Z-1-001\FDDT\gfdd-python-1.0-main\main.py", line 2697, in run_enhanced_analysis
    analysis_result = await asyncio.to_thread(
  File "D:\Python39\lib\asyncio\threads.py", line 25, in to_thread
    return await loop.run_in_executor(None, func_call)
  File "D:\Python39\lib\concurrent\futures\thread.py", line 52, in run
    result = self.fn(*self.args, **self.kwargs)
  File "F:\FDDT-20251109T055126Z-1-001\FDDT\gfdd-python-1.0-main\combined_analysis.py", line 827, in cal_combined_analysis_no_async
    raise HTTPException(status_code = 500, detail = f"Error in file: {str(e)}")
fastapi.exceptions.HTTPException: 500: Error in file: division by zero

WARNING:uvicorn.error:WatchFiles detected changes in 'main.py'. Reloading...
INFO:uvicorn.error:Shutting down
INFO:uvicorn.error:Waiting for application shutdown.
INFO:uvicorn.error:Application shutdown complete.
INFO:uvicorn.error:Finished server process [14116]
WARNING:uvicorn.error:WatchFiles detected changes in 'main.py'. Reloading...
INFO:uvicorn.error:Started server process [15308]
INFO:uvicorn.error:Waiting for application startup.
INFO:uvicorn.error:Application startup complete.
ERROR:uvicorn.error:Traceback (most recent call last):
  File "f:\fddt-20251109t055126z-1-001\fddt\backenv\lib\site-packages\uvicorn\_compat.py", line 60, in asyncio_run
    return loop.run_until_complete(main)
  File "D:\Python39\lib\asyncio\base_events.py", line 629, in run_until_complete
    self.run_forever()
  File "D:\Python39\lib\asyncio\base_events.py", line 596, in run_forever
    self._run_once()
  File "D:\Python39\lib\asyncio\base_events.py", line 1890, in _run_once
    handle._run()
  File "D:\Python39\lib\asyncio\events.py", line 80, in _run
    self._context.run(self._callback, *self._args)
  File "f:\fddt-20251109t055126z-1-001\fddt\backenv\lib\site-packages\uvicorn\server.py", line 71, in serve
    await self._serve(sockets)
  File "D:\Python39\lib\contextlib.py", line 124, in __exit__
    next(self.gen)
  File "f:\fddt-20251109t055126z-1-001\fddt\backenv\lib\site-packages\uvicorn\server.py", line 331, in capture_signals
    signal.raise_signal(captured_signal)
KeyboardInterrupt

During handling of the above exception, another exception occurred:

Traceback (most recent call last):
  File "f:\fddt-20251109t055126z-1-001\fddt\backenv\lib\site-packages\starlette\routing.py", line 700, in lifespan
    await receive()
  File "f:\fddt-20251109t055126z-1-001\fddt\backenv\lib\site-packages\uvicorn\lifespan\on.py", line 137, in receive
    return await self.receive_queue.get()
  File "D:\Python39\lib\asyncio\queues.py", line 166, in get
    await getter
asyncio.exceptions.CancelledError

INFO:uvicorn.error:Started server process [21488]
INFO:uvicorn.error:Waiting for application startup.
INFO:uvicorn.error:Application startup complete.
WARNING:uvicorn.error:WatchFiles detected changes in 'main.py'. Reloading...
INFO:uvicorn.error:Shutting down
INFO:uvicorn.error:Waiting for application shutdown.
INFO:uvicorn.error:Application shutdown complete.
INFO:uvicorn.error:Finished server process [21488]
INFO:uvicorn.error:Started server process [16316]
INFO:uvicorn.error:Waiting for application startup.
INFO:uvicorn.error:Application startup complete.
INFO:uvicorn.error:Will watch for changes in these directories: ['F:\\FDDT-20251109T055126Z-1-001\\FDDT\\gfdd-python-1.0-main']
INFO:uvicorn.error:Uvicorn running on http://127.0.0.1:8000 (Press CTRL+C to quit)
INFO:uvicorn.error:Started reloader process [7184] using WatchFiles
INFO:uvicorn.error:Started server process [9908]
INFO:uvicorn.error:Waiting for application startup.
INFO:uvicorn.error:Application startup complete.
WARNING:uvicorn.error:WatchFiles detected changes in 'combined_analysis.py'. Reloading...
INFO:uvicorn.error:Shutting down
INFO:uvicorn.error:Waiting for application shutdown.
INFO:uvicorn.error:Application shutdown complete.
INFO:uvicorn.error:Finished server process [9908]
INFO:uvicorn.error:Started server process [11336]
INFO:uvicorn.error:Waiting for application startup.
INFO:uvicorn.error:Application startup complete.
ERROR:main:File uploaded.jfif processing failed: 500: Error in file: OpenCV(4.6.0) D:\a\opencv-python\opencv-python\opencv\modules\imgcodecs\src\loadsave.cpp:730: error: (-2:Unspecified error) could not find a writer for the specified extension in function 'cv::imwrite_'

Traceback (most recent call last):
  File "F:\FDDT-20251109T055126Z-1-001\FDDT\gfdd-python-1.0-main\combined_analysis.py", line 809, in cal_combined_analysis_no_async
    cv2.imwrite(save_path, result[mode])
cv2.error: OpenCV(4.6.0) D:\a\opencv-python\opencv-python\opencv\modules\imgcodecs\src\loadsave.cpp:730: error: (-2:Unspecified error) could not find a writer for the specified extension in function 'cv::imwrite_'


During handling of the above exception, another exception occurred:

Traceback (most recent call last):
  File "F:\FDDT-20251109T055126Z-1-001\FDDT\gfdd-python-1.0-main\main.py", line 2697, in run_enhanced_analysis
    analysis_result = await asyncio.to_thread(
  File "D:\Python39\lib\asyncio\threads.py", line 25, in to_thread
    return await loop.run_in_executor(None, func_call)
  File "D:\Python39\lib\concurrent\futures\thread.py", line 52, in run
    result = self.fn(*self.args, **self.kwargs)
  File "F:\FDDT-20251109T055126Z-1-001\FDDT\gfdd-python-1.0-main\combined_analysis.py", line 827, in cal_combined_analysis_no_async
    raise HTTPException(status_code = 500, detail = f"Error in file: {str(e)}")
fastapi.exceptions.HTTPException: 500: Error in file: OpenCV(4.6.0) D:\a\opencv-python\opencv-python\opencv\modules\imgcodecs\src\loadsave.cpp:730: error: (-2:Unspecified error) could not find a writer for the specified extension in function 'cv::imwrite_'


ERROR:main:File uploaded.jfif processing failed: 500: Error in file: OpenCV(4.6.0) D:\a\opencv-python\opencv-python\opencv\modules\imgcodecs\src\loadsave.cpp:730: error: (-2:Unspecified error) could not find a writer for the specified extension in function 'cv::imwrite_'

Traceback (most recent call last):
  File "F:\FDDT-20251109T055126Z-1-001\FDDT\gfdd-python-1.0-main\combined_analysis.py", line 809, in cal_combined_analysis_no_async
    cv2.imwrite(save_path, result[mode])
cv2.error: OpenCV(4.6.0) D:\a\opencv-python\opencv-python\opencv\modules\imgcodecs\src\loadsave.cpp:730: error: (-2:Unspecified error) could not find a writer for the specified extension in function 'cv::imwrite_'


During handling of the above exception, another exception occurred:

Traceback (most recent call last):
  File "F:\FDDT-20251109T055126Z-1-001\FDDT\gfdd-python-1.0-main\main.py", line 2697, in run_enhanced_analysis
    analysis_result = await asyncio.to_thread(
  File "D:\Python39\lib\asyncio\threads.py", line 25, in to_thread
    return await loop.run_in_executor(None, func_call)
  File "D:\Python39\lib\concurrent\futures\thread.py", line 52, in run
    result = self.fn(*self.args, **self.kwargs)
  File "F:\FDDT-20251109T055126Z-1-001\FDDT\gfdd-python-1.0-main\combined_analysis.py", line 827, in cal_combined_analysis_no_async
    raise HTTPException(status_code = 500, detail = f"Error in file: {str(e)}")
fastapi.exceptions.HTTPException: 500: Error in file: OpenCV(4.6.0) D:\a\opencv-python\opencv-python\opencv\modules\imgcodecs\src\loadsave.cpp:730: error: (-2:Unspecified error) could not find a writer for the specified extension in function 'cv::imwrite_'


ERROR:main:File uploaded.jfif processing failed: 500: Error in file: OpenCV(4.6.0) D:\a\opencv-python\opencv-python\opencv\modules\imgcodecs\src\loadsave.cpp:730: error: (-2:Unspecified error) could not find a writer for the specified extension in function 'cv::imwrite_'

Traceback (most recent call last):
  File "F:\FDDT-20251109T055126Z-1-001\FDDT\gfdd-python-1.0-main\combined_analysis.py", line 809, in cal_combined_analysis_no_async
    cv2.imwrite(save_path, result[mode])
cv2.error: OpenCV(4.6.0) D:\a\opencv-python\opencv-python\opencv\modules\imgcodecs\src\loadsave.cpp:730: error: (-2:Unspecified error) could not find a writer for the specified extension in function 'cv::imwrite_'


During handling of the above exception, another exception occurred:

Traceback (most recent call last):
  File "F:\FDDT-20251109T055126Z-1-001\FDDT\gfdd-python-1.0-main\main.py", line 2697, in run_enhanced_analysis
    analysis_result = await asyncio.to_thread(
  File "D:\Python39\lib\asyncio\threads.py", line 25, in to_thread
    return await loop.run_in_executor(None, func_call)
  File "D:\Python39\lib\concurrent\futures\thread.py", line 52, in run
    result = self.fn(*self.args, **self.kwargs)
  File "F:\FDDT-20251109T055126Z-1-001\FDDT\gfdd-python-1.0-main\combined_analysis.py", line 827, in cal_combined_analysis_no_async
    raise HTTPException(status_code = 500, detail = f"Error in file: {str(e)}")
fastapi.exceptions.HTTPException: 500: Error in file: OpenCV(4.6.0) D:\a\opencv-python\opencv-python\opencv\modules\imgcodecs\src\loadsave.cpp:730: error: (-2:Unspecified error) could not find a writer for the specified extension in function 'cv::imwrite_'


ERROR:main:File uploaded.jfif processing failed: 500: Error in file: OpenCV(4.6.0) D:\a\opencv-python\opencv-python\opencv\modules\imgcodecs\src\loadsave.cpp:730: error: (-2:Unspecified error) could not find a writer for the specified extension in function 'cv::imwrite_'

Traceback (most recent call last):
  File "F:\FDDT-20251109T055126Z-1-001\FDDT\gfdd-python-1.0-main\combined_analysis.py", line 809, in cal_combined_analysis_no_async
    cv2.imwrite(save_path, result[mode])
cv2.error: OpenCV(4.6.0) D:\a\opencv-python\opencv-python\opencv\modules\imgcodecs\src\loadsave.cpp:730: error: (-2:Unspecified error) could not find a writer for the specified extension in function 'cv::imwrite_'


During handling of the above exception, another exception occurred:

Traceback (most recent call last):
  File "F:\FDDT-20251109T055126Z-1-001\FDDT\gfdd-python-1.0-main\main.py", line 2697, in run_enhanced_analysis
    analysis_result = await asyncio.to_thread(
  File "D:\Python39\lib\asyncio\threads.py", line 25, in to_thread
    return await loop.run_in_executor(None, func_call)
  File "D:\Python39\lib\concurrent\futures\thread.py", line 52, in run
    result = self.fn(*self.args, **self.kwargs)
  File "F:\FDDT-20251109T055126Z-1-001\FDDT\gfdd-python-1.0-main\combined_analysis.py", line 827, in cal_combined_analysis_no_async
    raise HTTPException(status_code = 500, detail = f"Error in file: {str(e)}")
fastapi.exceptions.HTTPException: 500: Error in file: OpenCV(4.6.0) D:\a\opencv-python\opencv-python\opencv\modules\imgcodecs\src\loadsave.cpp:730: error: (-2:Unspecified error) could not find a writer for the specified extension in function 'cv::imwrite_'


WARNING:uvicorn.error:WatchFiles detected changes in 'main.py'. Reloading...
INFO:uvicorn.error:Shutting down
INFO:uvicorn.error:Waiting for application shutdown.
INFO:uvicorn.error:Application shutdown complete.
INFO:uvicorn.error:Finished server process [11336]
WARNING:uvicorn.error:WatchFiles detected changes in 'main.py'. Reloading...
INFO:uvicorn.error:Started server process [18116]
INFO:uvicorn.error:Waiting for application startup.
INFO:uvicorn.error:Application startup complete.
ERROR:uvicorn.error:Traceback (most recent call last):
  File "f:\fddt-20251109t055126z-1-001\fddt\backenv\lib\site-packages\uvicorn\_compat.py", line 60, in asyncio_run
    return loop.run_until_complete(main)
  File "D:\Python39\lib\asyncio\base_events.py", line 629, in run_until_complete
    self.run_forever()
  File "D:\Python39\lib\asyncio\base_events.py", line 596, in run_forever
    self._run_once()
  File "D:\Python39\lib\asyncio\base_events.py", line 1890, in _run_once
    handle._run()
  File "D:\Python39\lib\asyncio\events.py", line 80, in _run
    self._context.run(self._callback, *self._args)
  File "f:\fddt-20251109t055126z-1-001\fddt\backenv\lib\site-packages\uvicorn\server.py", line 71, in serve
    await self._serve(sockets)
  File "D:\Python39\lib\contextlib.py", line 124, in __exit__
    next(self.gen)
  File "f:\fddt-20251109t055126z-1-001\fddt\backenv\lib\site-packages\uvicorn\server.py", line 331, in capture_signals
    signal.raise_signal(captured_signal)
KeyboardInterrupt

During handling of the above exception, another exception occurred:

Traceback (most recent call last):
  File "f:\fddt-20251109t055126z-1-001\fddt\backenv\lib\site-packages\starlette\routing.py", line 700, in lifespan
    await receive()
  File "f:\fddt-20251109t055126z-1-001\fddt\backenv\lib\site-packages\uvicorn\lifespan\on.py", line 137, in receive
    return await self.receive_queue.get()
  File "D:\Python39\lib\asyncio\queues.py", line 166, in get
    await getter
asyncio.exceptions.CancelledError

WARNING:uvicorn.error:WatchFiles detected changes in 'main.py'. Reloading...
INFO:uvicorn.error:Started server process [9416]
INFO:uvicorn.error:Waiting for application startup.
INFO:uvicorn.error:Application startup complete.
ERROR:uvicorn.error:Traceback (most recent call last):
  File "f:\fddt-20251109t055126z-1-001\fddt\backenv\lib\site-packages\uvicorn\_compat.py", line 60, in asyncio_run
    return loop.run_until_complete(main)
  File "D:\Python39\lib\asyncio\base_events.py", line 629, in run_until_complete
    self.run_forever()
  File "D:\Python39\lib\asyncio\base_events.py", line 596, in run_forever
    self._run_once()
  File "D:\Python39\lib\asyncio\base_events.py", line 1890, in _run_once
    handle._run()
  File "D:\Python39\lib\asyncio\events.py", line 80, in _run
    self._context.run(self._callback, *self._args)
  File "f:\fddt-20251109t055126z-1-001\fddt\backenv\lib\site-packages\uvicorn\server.py", line 71, in serve
    await self._serve(sockets)
  File "D:\Python39\lib\contextlib.py", line 124, in __exit__
    next(self.gen)
  File "f:\fddt-20251109t055126z-1-001\fddt\backenv\lib\site-packages\uvicorn\server.py", line 331, in capture_signals
    signal.raise_signal(captured_signal)
KeyboardInterrupt

During handling of the above exception, another exception occurred:

Traceback (most recent call last):
  File "f:\fddt-20251109t055126z-1-001\fddt\backenv\lib\site-packages\starlette\routing.py", line 700, in lifespan
    await receive()
  File "f:\fddt-20251109t055126z-1-001\fddt\backenv\lib\site-packages\uvicorn\lifespan\on.py", line 137, in receive
    return await self.receive_queue.get()
  File "D:\Python39\lib\asyncio\queues.py", line 166, in get
    await getter
asyncio.exceptions.CancelledError

INFO:uvicorn.error:Started server process [14644]
INFO:uvicorn.error:Waiting for application startup.
INFO:uvicorn.error:Application startup complete.
ERROR:uvicorn.error:Exception in ASGI application
Traceback (most recent call last):
  File "f:\fddt-20251109t055126z-1-001\fddt\backenv\lib\site-packages\uvicorn\protocols\http\httptools_impl.py", line 409, in run_asgi
    result = await app(  # type: ignore[func-returns-value]
  File "f:\fddt-20251109t055126z-1-001\fddt\backenv\lib\site-packages\uvicorn\middleware\proxy_headers.py", line 60, in __call__
    return await self.app(scope, receive, send)
  File "f:\fddt-20251109t055126z-1-001\fddt\backenv\lib\site-packages\fastapi\applications.py", line 1054, in __call__
    await super().__call__(scope, receive, send)
  File "f:\fddt-20251109t055126z-1-001\fddt\backenv\lib\site-packages\starlette\applications.py", line 113, in __call__
    await self.middleware_stack(scope, receive, send)
  File "f:\fddt-20251109t055126z-1-001\fddt\backenv\lib\site-packages\starlette\middleware\errors.py", line 187, in __call__
    raise exc
  File "f:\fddt-20251109t055126z-1-001\fddt\backenv\lib\site-packages\starlette\middleware\errors.py", line 165, in __call__
    await self.app(scope, receive, _send)
  File "f:\fddt-20251109t055126z-1-001\fddt\backenv\lib\site-packages\starlette\middleware\cors.py", line 85, in __call__
    await self.app(scope, receive, send)
  File "f:\fddt-20251109t055126z-1-001\fddt\backenv\lib\site-packages\starlette\middleware\exceptions.py", line 62, in __call__
    await wrap_app_handling_exceptions(self.app, conn)(scope, receive, send)
  File "f:\fddt-20251109t055126z-1-001\fddt\backenv\lib\site-packages\starlette\_exception_handler.py", line 62, in wrapped_app
    raise exc
  File "f:\fddt-20251109t055126z-1-001\fddt\backenv\lib\site-packages\starlette\_exception_handler.py", line 51, in wrapped_app
    await app(scope, receive, sender)
  File "f:\fddt-20251109t055126z-1-001\fddt\backenv\lib\site-packages\starlette\routing.py", line 715, in __call__
    await self.middleware_stack(scope, receive, send)
  File "f:\fddt-20251109t055126z-1-001\fddt\backenv\lib\site-packages\starlette\routing.py", line 735, in app
    await route.handle(scope, receive, send)
  File "f:\fddt-20251109t055126z-1-001\fddt\backenv\lib\site-packages\starlette\routing.py", line 288, in handle
    await self.app(scope, receive, send)
  File "f:\fddt-20251109t055126z-1-001\fddt\backenv\lib\site-packages\starlette\routing.py", line 76, in app
    await wrap_app_handling_exceptions(app, request)(scope, receive, send)
  File "f:\fddt-20251109t055126z-1-001\fddt\backenv\lib\site-packages\starlette\_exception_handler.py", line 62, in wrapped_app
    raise exc
  File "f:\fddt-20251109t055126z-1-001\fddt\backenv\lib\site-packages\starlette\_exception_handler.py", line 51, in wrapped_app
    await app(scope, receive, sender)
  File "f:\fddt-20251109t055126z-1-001\fddt\backenv\lib\site-packages\starlette\routing.py", line 73, in app
    response = await f(request)
  File "f:\fddt-20251109t055126z-1-001\fddt\backenv\lib\site-packages\fastapi\routing.py", line 301, in app
    raw_response = await run_endpoint_function(
  File "f:\fddt-20251109t055126z-1-001\fddt\backenv\lib\site-packages\fastapi\routing.py", line 212, in run_endpoint_function
    return await dependant.call(**values)
  File "F:\FDDT-20251109T055126Z-1-001\FDDT\gfdd-python-1.0-main\main.py", line 629, in get_batch_results_detailed
    PageResultDetail(
  File "f:\fddt-20251109t055126z-1-001\fddt\backenv\lib\site-packages\pydantic\main.py", line 209, in __init__
    validated_self = self.__pydantic_validator__.validate_python(data, self_instance=self)
pydantic_core._pydantic_core.ValidationError: 1 validation error for PageResultDetail
analysis
  Input should be a valid dictionary [type=dict_type, input_value='{"component": "#1", "mod...otential_fraud": "yes"}', input_type=str]
    For further information visit https://errors.pydantic.dev/2.9/v/dict_type
ERROR:uvicorn.error:Exception in ASGI application
Traceback (most recent call last):
  File "f:\fddt-20251109t055126z-1-001\fddt\backenv\lib\site-packages\uvicorn\protocols\http\httptools_impl.py", line 409, in run_asgi
    result = await app(  # type: ignore[func-returns-value]
  File "f:\fddt-20251109t055126z-1-001\fddt\backenv\lib\site-packages\uvicorn\middleware\proxy_headers.py", line 60, in __call__
    return await self.app(scope, receive, send)
  File "f:\fddt-20251109t055126z-1-001\fddt\backenv\lib\site-packages\fastapi\applications.py", line 1054, in __call__
    await super().__call__(scope, receive, send)
  File "f:\fddt-20251109t055126z-1-001\fddt\backenv\lib\site-packages\starlette\applications.py", line 113, in __call__
    await self.middleware_stack(scope, receive, send)
  File "f:\fddt-20251109t055126z-1-001\fddt\backenv\lib\site-packages\starlette\middleware\errors.py", line 187, in __call__
    raise exc
  File "f:\fddt-20251109t055126z-1-001\fddt\backenv\lib\site-packages\starlette\middleware\errors.py", line 165, in __call__
    await self.app(scope, receive, _send)
  File "f:\fddt-20251109t055126z-1-001\fddt\backenv\lib\site-packages\starlette\middleware\cors.py", line 85, in __call__
    await self.app(scope, receive, send)
  File "f:\fddt-20251109t055126z-1-001\fddt\backenv\lib\site-packages\starlette\middleware\exceptions.py", line 62, in __call__
    await wrap_app_handling_exceptions(self.app, conn)(scope, receive, send)
  File "f:\fddt-20251109t055126z-1-001\fddt\backenv\lib\site-packages\starlette\_exception_handler.py", line 62, in wrapped_app
    raise exc
  File "f:\fddt-20251109t055126z-1-001\fddt\backenv\lib\site-packages\starlette\_exception_handler.py", line 51, in wrapped_app
    await app(scope, receive, sender)
  File "f:\fddt-20251109t055126z-1-001\fddt\backenv\lib\site-packages\starlette\routing.py", line 715, in __call__
    await self.middleware_stack(scope, receive, send)
  File "f:\fddt-20251109t055126z-1-001\fddt\backenv\lib\site-packages\starlette\routing.py", line 735, in app
    await route.handle(scope, receive, send)
  File "f:\fddt-20251109t055126z-1-001\fddt\backenv\lib\site-packages\starlette\routing.py", line 288, in handle
    await self.app(scope, receive, send)
  File "f:\fddt-20251109t055126z-1-001\fddt\backenv\lib\site-packages\starlette\routing.py", line 76, in app
    await wrap_app_handling_exceptions(app, request)(scope, receive, send)
  File "f:\fddt-20251109t055126z-1-001\fddt\backenv\lib\site-packages\starlette\_exception_handler.py", line 62, in wrapped_app
    raise exc
  File "f:\fddt-20251109t055126z-1-001\fddt\backenv\lib\site-packages\starlette\_exception_handler.py", line 51, in wrapped_app
    await app(scope, receive, sender)
  File "f:\fddt-20251109t055126z-1-001\fddt\backenv\lib\site-packages\starlette\routing.py", line 73, in app
    response = await f(request)
  File "f:\fddt-20251109t055126z-1-001\fddt\backenv\lib\site-packages\fastapi\routing.py", line 301, in app
    raw_response = await run_endpoint_function(
  File "f:\fddt-20251109t055126z-1-001\fddt\backenv\lib\site-packages\fastapi\routing.py", line 212, in run_endpoint_function
    return await dependant.call(**values)
  File "F:\FDDT-20251109T055126Z-1-001\FDDT\gfdd-python-1.0-main\main.py", line 629, in get_batch_results_detailed
    PageResultDetail(
  File "f:\fddt-20251109t055126z-1-001\fddt\backenv\lib\site-packages\pydantic\main.py", line 209, in __init__
    validated_self = self.__pydantic_validator__.validate_python(data, self_instance=self)
pydantic_core._pydantic_core.ValidationError: 1 validation error for PageResultDetail
analysis
  Input should be a valid dictionary [type=dict_type, input_value='{"component": "#1", "mod...potential_fraud": "no"}', input_type=str]
    For further information visit https://errors.pydantic.dev/2.9/v/dict_type
ERROR:uvicorn.error:Exception in ASGI application
Traceback (most recent call last):
  File "f:\fddt-20251109t055126z-1-001\fddt\backenv\lib\site-packages\uvicorn\protocols\http\httptools_impl.py", line 409, in run_asgi
    result = await app(  # type: ignore[func-returns-value]
  File "f:\fddt-20251109t055126z-1-001\fddt\backenv\lib\site-packages\uvicorn\middleware\proxy_headers.py", line 60, in __call__
    return await self.app(scope, receive, send)
  File "f:\fddt-20251109t055126z-1-001\fddt\backenv\lib\site-packages\fastapi\applications.py", line 1054, in __call__
    await super().__call__(scope, receive, send)
  File "f:\fddt-20251109t055126z-1-001\fddt\backenv\lib\site-packages\starlette\applications.py", line 113, in __call__
    await self.middleware_stack(scope, receive, send)
  File "f:\fddt-20251109t055126z-1-001\fddt\backenv\lib\site-packages\starlette\middleware\errors.py", line 187, in __call__
    raise exc
  File "f:\fddt-20251109t055126z-1-001\fddt\backenv\lib\site-packages\starlette\middleware\errors.py", line 165, in __call__
    await self.app(scope, receive, _send)
  File "f:\fddt-20251109t055126z-1-001\fddt\backenv\lib\site-packages\starlette\middleware\cors.py", line 85, in __call__
    await self.app(scope, receive, send)
  File "f:\fddt-20251109t055126z-1-001\fddt\backenv\lib\site-packages\starlette\middleware\exceptions.py", line 62, in __call__
    await wrap_app_handling_exceptions(self.app, conn)(scope, receive, send)
  File "f:\fddt-20251109t055126z-1-001\fddt\backenv\lib\site-packages\starlette\_exception_handler.py", line 62, in wrapped_app
    raise exc
  File "f:\fddt-20251109t055126z-1-001\fddt\backenv\lib\site-packages\starlette\_exception_handler.py", line 51, in wrapped_app
    await app(scope, receive, sender)
  File "f:\fddt-20251109t055126z-1-001\fddt\backenv\lib\site-packages\starlette\routing.py", line 715, in __call__
    await self.middleware_stack(scope, receive, send)
  File "f:\fddt-20251109t055126z-1-001\fddt\backenv\lib\site-packages\starlette\routing.py", line 735, in app
    await route.handle(scope, receive, send)
  File "f:\fddt-20251109t055126z-1-001\fddt\backenv\lib\site-packages\starlette\routing.py", line 288, in handle
    await self.app(scope, receive, send)
  File "f:\fddt-20251109t055126z-1-001\fddt\backenv\lib\site-packages\starlette\routing.py", line 76, in app
    await wrap_app_handling_exceptions(app, request)(scope, receive, send)
  File "f:\fddt-20251109t055126z-1-001\fddt\backenv\lib\site-packages\starlette\_exception_handler.py", line 62, in wrapped_app
    raise exc
  File "f:\fddt-20251109t055126z-1-001\fddt\backenv\lib\site-packages\starlette\_exception_handler.py", line 51, in wrapped_app
    await app(scope, receive, sender)
  File "f:\fddt-20251109t055126z-1-001\fddt\backenv\lib\site-packages\starlette\routing.py", line 73, in app
    response = await f(request)
  File "f:\fddt-20251109t055126z-1-001\fddt\backenv\lib\site-packages\fastapi\routing.py", line 301, in app
    raw_response = await run_endpoint_function(
  File "f:\fddt-20251109t055126z-1-001\fddt\backenv\lib\site-packages\fastapi\routing.py", line 212, in run_endpoint_function
    return await dependant.call(**values)
  File "F:\FDDT-20251109T055126Z-1-001\FDDT\gfdd-python-1.0-main\main.py", line 629, in get_batch_results_detailed
    PageResultDetail(
  File "f:\fddt-20251109t055126z-1-001\fddt\backenv\lib\site-packages\pydantic\main.py", line 209, in __init__
    validated_self = self.__pydantic_validator__.validate_python(data, self_instance=self)
pydantic_core._pydantic_core.ValidationError: 1 validation error for PageResultDetail
analysis
  Input should be a valid dictionary [type=dict_type, input_value='{"component": "#1", "mod...otential_fraud": "yes"}', input_type=str]
    For further information visit https://errors.pydantic.dev/2.9/v/dict_type
ERROR:main:File test2.png processing failed: 500: Error in file: division by zero
Traceback (most recent call last):
  File "F:\FDDT-20251109T055126Z-1-001\FDDT\gfdd-python-1.0-main\combined_analysis.py", line 691, in cal_combined_analysis_no_async
    triggered = {
  File "F:\FDDT-20251109T055126Z-1-001\FDDT\gfdd-python-1.0-main\combined_analysis.py", line 692, in <dictcomp>
    color: stats[mode][color] / total_pixels < thresholds[color]
ZeroDivisionError: division by zero

During handling of the above exception, another exception occurred:

Traceback (most recent call last):
  File "F:\FDDT-20251109T055126Z-1-001\FDDT\gfdd-python-1.0-main\main.py", line 2799, in run_enhanced_analysis
    analysis_result = await asyncio.to_thread(
  File "D:\Python39\lib\asyncio\threads.py", line 25, in to_thread
    return await loop.run_in_executor(None, func_call)
  File "D:\Python39\lib\concurrent\futures\thread.py", line 52, in run
    result = self.fn(*self.args, **self.kwargs)
  File "F:\FDDT-20251109T055126Z-1-001\FDDT\gfdd-python-1.0-main\combined_analysis.py", line 827, in cal_combined_analysis_no_async
    raise HTTPException(status_code = 500, detail = f"Error in file: {str(e)}")
fastapi.exceptions.HTTPException: 500: Error in file: division by zero

WARNING:uvicorn.error:WatchFiles detected changes in 'main.py'. Reloading...
INFO:uvicorn.error:Shutting down
INFO:uvicorn.error:Waiting for application shutdown.
INFO:uvicorn.error:Application shutdown complete.
INFO:uvicorn.error:Finished server process [14644]
INFO:uvicorn.error:Started server process [11784]
INFO:uvicorn.error:Waiting for application startup.
INFO:uvicorn.error:Application startup complete.
WARNING:uvicorn.error:WatchFiles detected changes in 'main.py', 'module_monitor.py'. Reloading...
INFO:uvicorn.error:Shutting down
INFO:uvicorn.error:Waiting for application shutdown.
INFO:uvicorn.error:Application shutdown complete.
INFO:uvicorn.error:Finished server process [11784]
INFO:uvicorn.error:Started server process [8964]
INFO:uvicorn.error:Waiting for application startup.
INFO:uvicorn.error:Application startup complete.
WARNING:uvicorn.error:WatchFiles detected changes in 'd.py'. Reloading...
INFO:uvicorn.error:Shutting down
INFO:uvicorn.error:Waiting for application shutdown.
INFO:uvicorn.error:Application shutdown complete.
INFO:uvicorn.error:Finished server process [8964]
INFO:uvicorn.error:Started server process [16368]
INFO:uvicorn.error:Waiting for application startup.
INFO:uvicorn.error:Application startup complete.
WARNING:uvicorn.error:WatchFiles detected changes in 'd.py'. Reloading...
INFO:uvicorn.error:Shutting down
INFO:uvicorn.error:Waiting for application shutdown.
INFO:uvicorn.error:Application shutdown complete.
INFO:uvicorn.error:Finished server process [16368]
INFO:uvicorn.error:Started server process [1812]
INFO:uvicorn.error:Waiting for application startup.
INFO:uvicorn.error:Application startup complete.
WARNING:uvicorn.error:WatchFiles detected changes in 'module_monitor.py'. Reloading...
INFO:uvicorn.error:Shutting down
INFO:uvicorn.error:Waiting for application shutdown.
INFO:uvicorn.error:Application shutdown complete.
INFO:uvicorn.error:Finished server process [1812]
INFO:uvicorn.error:Started server process [3912]
INFO:uvicorn.error:Waiting for application startup.
INFO:uvicorn.error:Application startup complete.
WARNING:uvicorn.error:WatchFiles detected changes in 'module_monitor.py'. Reloading...
INFO:uvicorn.error:Shutting down
INFO:uvicorn.error:Waiting for application shutdown.
INFO:uvicorn.error:Application shutdown complete.
INFO:uvicorn.error:Finished server process [3912]
INFO:uvicorn.error:Started server process [7764]
INFO:uvicorn.error:Waiting for application startup.
INFO:uvicorn.error:Application startup complete.
ERROR:uvicorn.error:Exception in ASGI application
Traceback (most recent call last):
  File "f:\fddt-20251109t055126z-1-001\fddt\backenv\lib\site-packages\uvicorn\protocols\http\httptools_impl.py", line 409, in run_asgi
    result = await app(  # type: ignore[func-returns-value]
  File "f:\fddt-20251109t055126z-1-001\fddt\backenv\lib\site-packages\uvicorn\middleware\proxy_headers.py", line 60, in __call__
    return await self.app(scope, receive, send)
  File "f:\fddt-20251109t055126z-1-001\fddt\backenv\lib\site-packages\fastapi\applications.py", line 1054, in __call__
    await super().__call__(scope, receive, send)
  File "f:\fddt-20251109t055126z-1-001\fddt\backenv\lib\site-packages\starlette\applications.py", line 113, in __call__
    await self.middleware_stack(scope, receive, send)
  File "f:\fddt-20251109t055126z-1-001\fddt\backenv\lib\site-packages\starlette\middleware\errors.py", line 187, in __call__
    raise exc
  File "f:\fddt-20251109t055126z-1-001\fddt\backenv\lib\site-packages\starlette\middleware\errors.py", line 165, in __call__
    await self.app(scope, receive, _send)
  File "f:\fddt-20251109t055126z-1-001\fddt\backenv\lib\site-packages\starlette\middleware\cors.py", line 85, in __call__
    await self.app(scope, receive, send)
  File "f:\fddt-20251109t055126z-1-001\fddt\backenv\lib\site-packages\starlette\middleware\exceptions.py", line 62, in __call__
    await wrap_app_handling_exceptions(self.app, conn)(scope, receive, send)
  File "f:\fddt-20251109t055126z-1-001\fddt\backenv\lib\site-packages\starlette\_exception_handler.py", line 62, in wrapped_app
    raise exc
  File "f:\fddt-20251109t055126z-1-001\fddt\backenv\lib\site-packages\starlette\_exception_handler.py", line 51, in wrapped_app
    await app(scope, receive, sender)
  File "f:\fddt-20251109t055126z-1-001\fddt\backenv\lib\site-packages\starlette\routing.py", line 715, in __call__
    await self.middleware_stack(scope, receive, send)
  File "f:\fddt-20251109t055126z-1-001\fddt\backenv\lib\site-packages\starlette\routing.py", line 735, in app
    await route.handle(scope, receive, send)
  File "f:\fddt-20251109t055126z-1-001\fddt\backenv\lib\site-packages\starlette\routing.py", line 288, in handle
    await self.app(scope, receive, send)
  File "f:\fddt-20251109t055126z-1-001\fddt\backenv\lib\site-packages\starlette\routing.py", line 76, in app
    await wrap_app_handling_exceptions(app, request)(scope, receive, send)
  File "f:\fddt-20251109t055126z-1-001\fddt\backenv\lib\site-packages\starlette\_exception_handler.py", line 62, in wrapped_app
    raise exc
  File "f:\fddt-20251109t055126z-1-001\fddt\backenv\lib\site-packages\starlette\_exception_handler.py", line 51, in wrapped_app
    await app(scope, receive, sender)
  File "f:\fddt-20251109t055126z-1-001\fddt\backenv\lib\site-packages\starlette\routing.py", line 73, in app
    response = await f(request)
  File "f:\fddt-20251109t055126z-1-001\fddt\backenv\lib\site-packages\fastapi\routing.py", line 301, in app
    raw_response = await run_endpoint_function(
  File "f:\fddt-20251109t055126z-1-001\fddt\backenv\lib\site-packages\fastapi\routing.py", line 212, in run_endpoint_function
    return await dependant.call(**values)
  File "F:\FDDT-20251109T055126Z-1-001\FDDT\gfdd-python-1.0-main\main.py", line 629, in get_batch_results_detailed
    PageResultDetail(
  File "f:\fddt-20251109t055126z-1-001\fddt\backenv\lib\site-packages\pydantic\main.py", line 209, in __init__
    validated_self = self.__pydantic_validator__.validate_python(data, self_instance=self)
pydantic_core._pydantic_core.ValidationError: 1 validation error for PageResultDetail
analysis
  Input should be a valid dictionary [type=dict_type, input_value='{"component": "#1", "mod...otential_fraud": "yes"}', input_type=str]
    For further information visit https://errors.pydantic.dev/2.9/v/dict_type
ERROR:uvicorn.error:Exception in ASGI application
Traceback (most recent call last):
  File "f:\fddt-20251109t055126z-1-001\fddt\backenv\lib\site-packages\uvicorn\protocols\http\httptools_impl.py", line 409, in run_asgi
    result = await app(  # type: ignore[func-returns-value]
  File "f:\fddt-20251109t055126z-1-001\fddt\backenv\lib\site-packages\uvicorn\middleware\proxy_headers.py", line 60, in __call__
    return await self.app(scope, receive, send)
  File "f:\fddt-20251109t055126z-1-001\fddt\backenv\lib\site-packages\fastapi\applications.py", line 1054, in __call__
    await super().__call__(scope, receive, send)
  File "f:\fddt-20251109t055126z-1-001\fddt\backenv\lib\site-packages\starlette\applications.py", line 113, in __call__
    await self.middleware_stack(scope, receive, send)
  File "f:\fddt-20251109t055126z-1-001\fddt\backenv\lib\site-packages\starlette\middleware\errors.py", line 187, in __call__
    raise exc
  File "f:\fddt-20251109t055126z-1-001\fddt\backenv\lib\site-packages\starlette\middleware\errors.py", line 165, in __call__
    await self.app(scope, receive, _send)
  File "f:\fddt-20251109t055126z-1-001\fddt\backenv\lib\site-packages\starlette\middleware\cors.py", line 85, in __call__
    await self.app(scope, receive, send)
  File "f:\fddt-20251109t055126z-1-001\fddt\backenv\lib\site-packages\starlette\middleware\exceptions.py", line 62, in __call__
    await wrap_app_handling_exceptions(self.app, conn)(scope, receive, send)
  File "f:\fddt-20251109t055126z-1-001\fddt\backenv\lib\site-packages\starlette\_exception_handler.py", line 62, in wrapped_app
    raise exc
  File "f:\fddt-20251109t055126z-1-001\fddt\backenv\lib\site-packages\starlette\_exception_handler.py", line 51, in wrapped_app
    await app(scope, receive, sender)
  File "f:\fddt-20251109t055126z-1-001\fddt\backenv\lib\site-packages\starlette\routing.py", line 715, in __call__
    await self.middleware_stack(scope, receive, send)
  File "f:\fddt-20251109t055126z-1-001\fddt\backenv\lib\site-packages\starlette\routing.py", line 735, in app
    await route.handle(scope, receive, send)
  File "f:\fddt-20251109t055126z-1-001\fddt\backenv\lib\site-packages\starlette\routing.py", line 288, in handle
    await self.app(scope, receive, send)
  File "f:\fddt-20251109t055126z-1-001\fddt\backenv\lib\site-packages\starlette\routing.py", line 76, in app
    await wrap_app_handling_exceptions(app, request)(scope, receive, send)
  File "f:\fddt-20251109t055126z-1-001\fddt\backenv\lib\site-packages\starlette\_exception_handler.py", line 62, in wrapped_app
    raise exc
  File "f:\fddt-20251109t055126z-1-001\fddt\backenv\lib\site-packages\starlette\_exception_handler.py", line 51, in wrapped_app
    await app(scope, receive, sender)
  File "f:\fddt-20251109t055126z-1-001\fddt\backenv\lib\site-packages\starlette\routing.py", line 73, in app
    response = await f(request)
  File "f:\fddt-20251109t055126z-1-001\fddt\backenv\lib\site-packages\fastapi\routing.py", line 301, in app
    raw_response = await run_endpoint_function(
  File "f:\fddt-20251109t055126z-1-001\fddt\backenv\lib\site-packages\fastapi\routing.py", line 212, in run_endpoint_function
    return await dependant.call(**values)
  File "F:\FDDT-20251109T055126Z-1-001\FDDT\gfdd-python-1.0-main\main.py", line 629, in get_batch_results_detailed
    PageResultDetail(
  File "f:\fddt-20251109t055126z-1-001\fddt\backenv\lib\site-packages\pydantic\main.py", line 209, in __init__
    validated_self = self.__pydantic_validator__.validate_python(data, self_instance=self)
pydantic_core._pydantic_core.ValidationError: 1 validation error for PageResultDetail
analysis
  Input should be a valid dictionary [type=dict_type, input_value='{"component": "#1", "mod...otential_fraud": "yes"}', input_type=str]
    For further information visit https://errors.pydantic.dev/2.9/v/dict_type
WARNING:uvicorn.error:WatchFiles detected changes in 'main.py'. Reloading...
INFO:uvicorn.error:Shutting down
INFO:uvicorn.error:Waiting for application shutdown.
INFO:uvicorn.error:Application shutdown complete.
INFO:uvicorn.error:Finished server process [7764]
INFO:uvicorn.error:Started server process [21472]
INFO:uvicorn.error:Waiting for application startup.
INFO:uvicorn.error:Application startup complete.
WARNING:uvicorn.error:WatchFiles detected changes in 'main.py', 'module_monitor.py'. Reloading...
INFO:uvicorn.error:Shutting down
INFO:uvicorn.error:Waiting for application shutdown.
INFO:uvicorn.error:Application shutdown complete.
INFO:uvicorn.error:Finished server process [21472]
INFO:uvicorn.error:Started server process [11444]
INFO:uvicorn.error:Waiting for application startup.
INFO:uvicorn.error:Application startup complete.
INFO:uvicorn.error:Shutting down
INFO:uvicorn.error:Finished server process [11444]
ERROR:uvicorn.error:Traceback (most recent call last):
  File "f:\fddt-20251109t055126z-1-001\fddt\backenv\lib\site-packages\uvicorn\_compat.py", line 60, in asyncio_run
    return loop.run_until_complete(main)
  File "D:\Python39\lib\asyncio\base_events.py", line 629, in run_until_complete
    self.run_forever()
  File "D:\Python39\lib\asyncio\base_events.py", line 596, in run_forever
    self._run_once()
  File "D:\Python39\lib\asyncio\base_events.py", line 1890, in _run_once
    handle._run()
  File "D:\Python39\lib\asyncio\events.py", line 80, in _run
    self._context.run(self._callback, *self._args)
  File "f:\fddt-20251109t055126z-1-001\fddt\backenv\lib\site-packages\uvicorn\server.py", line 71, in serve
    await self._serve(sockets)
  File "D:\Python39\lib\contextlib.py", line 124, in __exit__
    next(self.gen)
  File "f:\fddt-20251109t055126z-1-001\fddt\backenv\lib\site-packages\uvicorn\server.py", line 331, in capture_signals
    signal.raise_signal(captured_signal)
KeyboardInterrupt

During handling of the above exception, another exception occurred:

Traceback (most recent call last):
  File "f:\fddt-20251109t055126z-1-001\fddt\backenv\lib\site-packages\starlette\routing.py", line 700, in lifespan
    await receive()
  File "f:\fddt-20251109t055126z-1-001\fddt\backenv\lib\site-packages\uvicorn\lifespan\on.py", line 137, in receive
    return await self.receive_queue.get()
  File "D:\Python39\lib\asyncio\queues.py", line 166, in get
    await getter
asyncio.exceptions.CancelledError

INFO:uvicorn.error:Stopping reloader process [7184]
INFO:uvicorn.error:Will watch for changes in these directories: ['F:\\FDDT-20251109T055126Z-1-001\\FDDT\\gfdd-python-1.0-main']
INFO:uvicorn.error:Uvicorn running on http://127.0.0.1:8000 (Press CTRL+C to quit)
INFO:uvicorn.error:Started reloader process [12680] using WatchFiles
INFO:uvicorn.error:Started server process [5688]
INFO:uvicorn.error:Waiting for application startup.
INFO:uvicorn.error:Application startup complete.
